uuid	legacy_id	name	english_translation	section_uuid	votive	ceremony_uuid	entry_date	section_label
0d6b1e87-2887-5b4c-b464-a14d78895b30	1	apostoli plures		18c4efde-24a1-55ec-8c57-a44ee0ea60eb	True		2026-04-27T09:21:04.935141+00:00	commune
5dfcff1d-ed9e-59b3-be0c-8b6296262474	2	de omnibus confessoribus		18c4efde-24a1-55ec-8c57-a44ee0ea60eb	True		2026-04-27T09:21:04.935141+00:00	commune
8939359e-69db-5d9a-b347-29b30c28eb4d	3	de omnibus martyribus		18c4efde-24a1-55ec-8c57-a44ee0ea60eb	True		2026-04-27T09:21:04.935141+00:00	commune
f68e8e95-ca43-5be5-8dd7-a8f1aa470f8e	4	de omnibus virginibus		18c4efde-24a1-55ec-8c57-a44ee0ea60eb	True		2026-04-27T09:21:04.935141+00:00	commune
d1665eda-6681-5ab6-bdd5-f17381fbaac1	5	Dedicatio Ecclesiae		18c4efde-24a1-55ec-8c57-a44ee0ea60eb	True		2026-04-27T09:21:04.935141+00:00	commune
621a0588-6e42-5553-bbcb-d4e0c8aeda09	6	doctores quattuor		18c4efde-24a1-55ec-8c57-a44ee0ea60eb	True		2026-04-27T09:21:04.935141+00:00	commune
048ba7f4-7e4a-5843-96f0-c352632d7b3b	7	abbas		18c4efde-24a1-55ec-8c57-a44ee0ea60eb			2026-04-27T09:21:04.935141+00:00	commune
ffc5ae7d-5307-520b-8a7e-09bf23300fd6	8	abbas laicus		18c4efde-24a1-55ec-8c57-a44ee0ea60eb			2026-04-27T09:21:04.935141+00:00	commune
f381be59-dee5-5e04-a0b2-53989841c724	9	abbas unus		18c4efde-24a1-55ec-8c57-a44ee0ea60eb			2026-04-27T09:21:04.935141+00:00	commune
578fea85-fadf-5a38-a909-491461ac3a68	10	abbates plures		18c4efde-24a1-55ec-8c57-a44ee0ea60eb			2026-04-27T09:21:04.935141+00:00	commune
f5a72083-89e3-56a6-8b1a-536f5303f3de	11	apostoli duo		18c4efde-24a1-55ec-8c57-a44ee0ea60eb			2026-04-27T09:21:04.935141+00:00	commune
a7a41c9b-10e2-596b-a1ac-832412c1bcdb	12	apostoli plures (vigilia)		18c4efde-24a1-55ec-8c57-a44ee0ea60eb			2026-04-27T09:21:04.935141+00:00	commune
4dc9af1f-a9fe-5205-a9ec-b4f7514506f3	13	apostolus		18c4efde-24a1-55ec-8c57-a44ee0ea60eb			2026-04-27T09:21:04.935141+00:00	commune
7af8c9a2-e823-5f04-9c9f-1b6b8b592c85	14	apostolus (vigilia)		18c4efde-24a1-55ec-8c57-a44ee0ea60eb			2026-04-27T09:21:04.935141+00:00	commune
ec95a021-67f6-5d22-8841-da141a3c1a91	15	apostolus unus		18c4efde-24a1-55ec-8c57-a44ee0ea60eb			2026-04-27T09:21:04.935141+00:00	commune
aa91d2a0-9922-5df2-98f1-f376b92210f2	16	apostolus unus (vigilia)		18c4efde-24a1-55ec-8c57-a44ee0ea60eb			2026-04-27T09:21:04.935141+00:00	commune
c9482448-3f4d-512b-ae68-3989d16fad8a	17	confessor		18c4efde-24a1-55ec-8c57-a44ee0ea60eb			2026-04-27T09:21:04.935141+00:00	commune
f4c085eb-f66e-50df-a2af-59e662af89f6	18	confessor archiepiscopus		18c4efde-24a1-55ec-8c57-a44ee0ea60eb			2026-04-27T09:21:04.935141+00:00	commune
116b4a96-bdae-5a43-b3b9-a545685123eb	19	confessor episcopus		18c4efde-24a1-55ec-8c57-a44ee0ea60eb			2026-04-27T09:21:04.935141+00:00	commune
904915ca-3051-5b11-82fb-199afb6e1f03	20	confessor unus		18c4efde-24a1-55ec-8c57-a44ee0ea60eb			2026-04-27T09:21:04.935141+00:00	commune
2b8001c4-9bf8-5c14-8b18-84b60505a679	21	confessor unus (Pasc)		18c4efde-24a1-55ec-8c57-a44ee0ea60eb			2026-04-27T09:21:04.935141+00:00	commune
47af52c1-d299-5e44-ab0a-eb38cbc7d16d	22	confessor unus (Translatio)		18c4efde-24a1-55ec-8c57-a44ee0ea60eb			2026-04-27T09:21:04.935141+00:00	commune
b48ca352-9bb5-5ac7-9291-848dbdcf288e	23	confessor unus (vigilia)		18c4efde-24a1-55ec-8c57-a44ee0ea60eb			2026-04-27T09:21:04.935141+00:00	commune
bf3260c6-b21d-520c-973c-9739a6aa34ac	24	confessor unus abbas		18c4efde-24a1-55ec-8c57-a44ee0ea60eb			2026-04-27T09:21:04.935141+00:00	commune
0a8c1cd6-87d1-5064-9884-83bae20cd3ae	25	confessor unus doctor		18c4efde-24a1-55ec-8c57-a44ee0ea60eb			2026-04-27T09:21:04.935141+00:00	commune
554c9733-9ed7-583d-8164-6dcaf0f2b99b	26	confessor unus doctor non pontifex		18c4efde-24a1-55ec-8c57-a44ee0ea60eb			2026-04-27T09:21:04.935141+00:00	commune
c3f3867d-b2a9-535d-8990-464bbc7dd14c	27	confessor unus doctor pontifex		18c4efde-24a1-55ec-8c57-a44ee0ea60eb			2026-04-27T09:21:04.935141+00:00	commune
2f14df72-c839-5a9b-8dd8-9c7196c97ed4	28	confessor unus ecclesiasticus		18c4efde-24a1-55ec-8c57-a44ee0ea60eb			2026-04-27T09:21:04.935141+00:00	commune
e8125095-eba8-5a46-9ec2-f5e8dfa80b8c	29	confessor unus laicus		18c4efde-24a1-55ec-8c57-a44ee0ea60eb			2026-04-27T09:21:04.935141+00:00	commune
ce387ef8-af0f-53ac-8830-dbe8189a1ec0	30	confessor unus non abbas		18c4efde-24a1-55ec-8c57-a44ee0ea60eb			2026-04-27T09:21:04.935141+00:00	commune
a4774232-bc2b-58f3-973d-436945959518	31	confessor unus non pontifex		18c4efde-24a1-55ec-8c57-a44ee0ea60eb			2026-04-27T09:21:04.935141+00:00	commune
74a0d6a6-0158-5f58-92a6-a18e1417cb4a	32	confessor unus non pontifex non abbas		18c4efde-24a1-55ec-8c57-a44ee0ea60eb			2026-04-27T09:21:04.935141+00:00	commune
448db7e3-03d5-5c12-8d27-4bb3a312d491	33	confessor unus non pontifex non abbas non doctor		18c4efde-24a1-55ec-8c57-a44ee0ea60eb			2026-04-27T09:21:04.935141+00:00	commune
f575f6fe-8205-56fe-a322-aa448de5e135	34	confessor unus pontifex		18c4efde-24a1-55ec-8c57-a44ee0ea60eb			2026-04-27T09:21:04.935141+00:00	commune
d7ab9a2e-4340-5394-b1eb-aa1ae17cc245	35	confessor unus pontifex (vigilia)		18c4efde-24a1-55ec-8c57-a44ee0ea60eb			2026-04-27T09:21:04.935141+00:00	commune
cc63442c-13fa-54eb-8b46-74b43a8c6bb8	36	confessor unus pontifex non martyr		18c4efde-24a1-55ec-8c57-a44ee0ea60eb			2026-04-27T09:21:04.935141+00:00	commune
c4019d9b-ea49-531a-85d7-6700c945bbd3	37	confessor unus regularis		18c4efde-24a1-55ec-8c57-a44ee0ea60eb			2026-04-27T09:21:04.935141+00:00	commune
c22bac44-b93b-50f9-b7ae-87c07c56bb4e	38	confessor unus sacerdos		18c4efde-24a1-55ec-8c57-a44ee0ea60eb			2026-04-27T09:21:04.935141+00:00	commune
87ddb534-7c9c-5602-91fd-80e7162633a4	39	confessores plures		18c4efde-24a1-55ec-8c57-a44ee0ea60eb			2026-04-27T09:21:04.935141+00:00	commune
7b16dc15-8ca1-5cc0-bb89-273c9e1bbf26	40	confessores plures (vigilia)		18c4efde-24a1-55ec-8c57-a44ee0ea60eb			2026-04-27T09:21:04.935141+00:00	commune
965064ce-3d10-5113-b547-771b46399fd1	41	confessores plures laici		18c4efde-24a1-55ec-8c57-a44ee0ea60eb			2026-04-27T09:21:04.935141+00:00	commune
cb1bf4ad-cb08-53e5-9eda-119ee6994d3f	42	confessores plures non pontifices		18c4efde-24a1-55ec-8c57-a44ee0ea60eb			2026-04-27T09:21:04.935141+00:00	commune
ea5dcfb9-f737-5fd6-88de-2f0e058511fc	43	confessores plures pontifices		18c4efde-24a1-55ec-8c57-a44ee0ea60eb			2026-04-27T09:21:04.935141+00:00	commune
6dc23ff5-6bf5-5073-9123-1630592c47b8	44	confessores plures sacerdotes		18c4efde-24a1-55ec-8c57-a44ee0ea60eb			2026-04-27T09:21:04.935141+00:00	commune
88cd22ff-57fc-51a9-a78a-f7859afcf405	45	continens		18c4efde-24a1-55ec-8c57-a44ee0ea60eb			2026-04-27T09:21:04.935141+00:00	commune
da321858-3cd8-5704-b779-4392e7b829c6	46	continens una		18c4efde-24a1-55ec-8c57-a44ee0ea60eb			2026-04-27T09:21:04.935141+00:00	commune
a3f77ca1-b2f7-5698-9bfe-5b5afd3847e7	47	continentes plures		18c4efde-24a1-55ec-8c57-a44ee0ea60eb			2026-04-27T09:21:04.935141+00:00	commune
41c92f04-4b5e-54fb-92ba-fdcc1879e525	48	de quolibet sancto		18c4efde-24a1-55ec-8c57-a44ee0ea60eb			2026-04-27T09:21:04.935141+00:00	commune
b499c7b5-4c25-5bcc-a690-55fb06e0c39d	49	de sanctis tempore paschali		18c4efde-24a1-55ec-8c57-a44ee0ea60eb			2026-04-27T09:21:04.935141+00:00	commune
38b0ab0d-1d98-56db-a71c-395c76cca961	50	Ded		18c4efde-24a1-55ec-8c57-a44ee0ea60eb			2026-04-27T09:21:04.935141+00:00	commune
173e36aa-f9db-55fa-9624-9582d28e3f64	51	Dedicatio altaris		18c4efde-24a1-55ec-8c57-a44ee0ea60eb			2026-04-27T09:21:04.935141+00:00	commune
ea83bd3e-53a5-5b81-96bd-0f617fc9fade	52	Dedicatio altaris (Octava)		18c4efde-24a1-55ec-8c57-a44ee0ea60eb			2026-04-27T09:21:04.935141+00:00	commune
4df9c7c7-df04-5024-89b5-d686a2f02860	53	Dedicatio Ecclesiae (Infra octavas)		18c4efde-24a1-55ec-8c57-a44ee0ea60eb			2026-04-27T09:21:04.935141+00:00	commune
9cafef4f-fcff-53aa-888d-6d74037f170d	54	Dedicatio Ecclesiae (Octava)		18c4efde-24a1-55ec-8c57-a44ee0ea60eb			2026-04-27T09:21:04.935141+00:00	commune
6d68c544-7777-5d7a-95cf-f6bd4a723e3f	55	discipulus		18c4efde-24a1-55ec-8c57-a44ee0ea60eb			2026-04-27T09:21:04.935141+00:00	commune
4b40cfcb-b884-5a2b-add0-2a8d988edb67	56	doctor		18c4efde-24a1-55ec-8c57-a44ee0ea60eb			2026-04-27T09:21:04.935141+00:00	commune
718abf5b-db47-5379-aa49-d2cae68c95d5	57	doctor unus		18c4efde-24a1-55ec-8c57-a44ee0ea60eb			2026-04-27T09:21:04.935141+00:00	commune
6130d168-056f-5d11-9815-a2f3c5d8779b	58	doctor unus non pontifex		18c4efde-24a1-55ec-8c57-a44ee0ea60eb			2026-04-27T09:21:04.935141+00:00	commune
4c9476c0-867f-545e-9a9a-1e141b26e992	59	doctor unus pontifex		18c4efde-24a1-55ec-8c57-a44ee0ea60eb			2026-04-27T09:21:04.935141+00:00	commune
1fd70b33-4713-52a9-9e21-2a0ed8c1a694	60	doctores plures		18c4efde-24a1-55ec-8c57-a44ee0ea60eb			2026-04-27T09:21:04.935141+00:00	commune
d6195530-2e8a-5e4a-bd36-de5027e2974b	61	electa		18c4efde-24a1-55ec-8c57-a44ee0ea60eb			2026-04-27T09:21:04.935141+00:00	commune
2a467d8a-b340-55a0-b02d-505f9d83b0d9	62	electa una		18c4efde-24a1-55ec-8c57-a44ee0ea60eb			2026-04-27T09:21:04.935141+00:00	commune
9b14e440-ce5a-5b29-a677-c675161bed04	63	eremitae		18c4efde-24a1-55ec-8c57-a44ee0ea60eb			2026-04-27T09:21:04.935141+00:00	commune
d9f5f78c-5576-5328-8ed3-f539f54f3ef6	64	evangelista		18c4efde-24a1-55ec-8c57-a44ee0ea60eb			2026-04-27T09:21:04.935141+00:00	commune
32871c90-8502-5565-b8e6-84292b921e12	65	evangelista unus		18c4efde-24a1-55ec-8c57-a44ee0ea60eb			2026-04-27T09:21:04.935141+00:00	commune
3fd5bd2d-ee83-52fa-8123-9d21863e11f5	66	evangelista unus (vigilia)		18c4efde-24a1-55ec-8c57-a44ee0ea60eb			2026-04-27T09:21:04.935141+00:00	commune
4729aa65-32a0-59ce-90ce-6d541a959e77	67	evangelistae plures		18c4efde-24a1-55ec-8c57-a44ee0ea60eb			2026-04-27T09:21:04.935141+00:00	commune
a6f5789b-45ba-5509-895b-5db06f5035c4	68	martyr		18c4efde-24a1-55ec-8c57-a44ee0ea60eb			2026-04-27T09:21:04.935141+00:00	commune
61423df7-499d-5fa3-93ba-b741439cc87d	69	martyr unus		18c4efde-24a1-55ec-8c57-a44ee0ea60eb			2026-04-27T09:21:04.935141+00:00	commune
58d1ff52-b65a-59a7-ae06-d95313e58a3b	70	martyr unus (Pasc)		18c4efde-24a1-55ec-8c57-a44ee0ea60eb			2026-04-27T09:21:04.935141+00:00	commune
6eddfc76-ad4b-5b46-b2fc-e6c28581e481	71	martyr unus (translatio)		18c4efde-24a1-55ec-8c57-a44ee0ea60eb			2026-04-27T09:21:04.935141+00:00	commune
89a77e4e-a712-595f-9d35-b98151396005	72	martyr unus (vigilia)		18c4efde-24a1-55ec-8c57-a44ee0ea60eb			2026-04-27T09:21:04.935141+00:00	commune
d019d8a5-bf6f-5edf-a3d8-9e5a7e8da537	73	martyr unus archiepiscopus		18c4efde-24a1-55ec-8c57-a44ee0ea60eb			2026-04-27T09:21:04.935141+00:00	commune
b1a7c200-d906-5516-a1f5-b16fa9d14a0f	74	martyr unus laicus		18c4efde-24a1-55ec-8c57-a44ee0ea60eb			2026-04-27T09:21:04.935141+00:00	commune
7349c601-3b11-5713-8cca-517238414a76	75	martyr unus non pontifex		18c4efde-24a1-55ec-8c57-a44ee0ea60eb			2026-04-27T09:21:04.935141+00:00	commune
185ebb9a-5002-5006-8305-ad30ac44839f	76	martyr unus non virgo		18c4efde-24a1-55ec-8c57-a44ee0ea60eb			2026-04-27T09:21:04.935141+00:00	commune
e8f2d84e-c536-549f-8358-ec93711b8642	77	martyr unus papa		18c4efde-24a1-55ec-8c57-a44ee0ea60eb			2026-04-27T09:21:04.935141+00:00	commune
4c5b7510-300a-54c4-b96a-06d95b603e01	78	martyr unus pontifex		18c4efde-24a1-55ec-8c57-a44ee0ea60eb			2026-04-27T09:21:04.935141+00:00	commune
b8ab9b70-a954-5e72-8e60-84d53f92fb28	79	martyr unus sacerdos		18c4efde-24a1-55ec-8c57-a44ee0ea60eb			2026-04-27T09:21:04.935141+00:00	commune
cd2c6545-57c9-5f6f-87a7-f4337086fc48	80	martyres plures		18c4efde-24a1-55ec-8c57-a44ee0ea60eb			2026-04-27T09:21:04.935141+00:00	commune
a3d93ed2-d6fb-5b7f-a3d9-8dcd5fee1510	81	martyres plures (Pasc)		18c4efde-24a1-55ec-8c57-a44ee0ea60eb			2026-04-27T09:21:04.935141+00:00	commune
d4962d0a-fa3b-5f45-b904-caf99531c5cd	82	martyres plures (vigilia)		18c4efde-24a1-55ec-8c57-a44ee0ea60eb			2026-04-27T09:21:04.935141+00:00	commune
871b3693-24eb-55be-9d69-be347d716102	83	martyres plures fratres		18c4efde-24a1-55ec-8c57-a44ee0ea60eb			2026-04-27T09:21:04.935141+00:00	commune
146a255f-8a09-5f75-ba43-ae4dc3a1e706	84	martyres plures non pontifices		18c4efde-24a1-55ec-8c57-a44ee0ea60eb			2026-04-27T09:21:04.935141+00:00	commune
24730d18-66fe-5d80-9c2b-9b279242c8df	85	martyres plures non virgines		18c4efde-24a1-55ec-8c57-a44ee0ea60eb			2026-04-27T09:21:04.935141+00:00	commune
a60a1f0c-aa04-5c22-9368-33215bc530c2	86	martyres plures pontifices		18c4efde-24a1-55ec-8c57-a44ee0ea60eb			2026-04-27T09:21:04.935141+00:00	commune
d4ad2fe6-0d35-530d-bab8-b29ad7fd08a0	87	matrona		18c4efde-24a1-55ec-8c57-a44ee0ea60eb			2026-04-27T09:21:04.935141+00:00	commune
1984bafc-6ce5-54ac-897a-edcd093fd9b0	88	matrona una		18c4efde-24a1-55ec-8c57-a44ee0ea60eb			2026-04-27T09:21:04.935141+00:00	commune
2cf70e83-c2e2-5c05-90ce-6715026872b6	89	matrona una martyr		18c4efde-24a1-55ec-8c57-a44ee0ea60eb			2026-04-27T09:21:04.935141+00:00	commune
4aa5d50b-256f-576f-a7fc-6894a34897bf	90	matrona una non martyr		18c4efde-24a1-55ec-8c57-a44ee0ea60eb			2026-04-27T09:21:04.935141+00:00	commune
f1adf67a-f688-507f-bfc4-a031b5f0e9e5	91	matronae plures		18c4efde-24a1-55ec-8c57-a44ee0ea60eb			2026-04-27T09:21:04.935141+00:00	commune
18ca999a-c617-5fcc-9db4-800dc993b04a	92	matronae plures martyres		18c4efde-24a1-55ec-8c57-a44ee0ea60eb			2026-04-27T09:21:04.935141+00:00	commune
96455f0f-8999-50d0-a685-05367ca29ec5	93	matronae plures non martyres		18c4efde-24a1-55ec-8c57-a44ee0ea60eb			2026-04-27T09:21:04.935141+00:00	commune
25da8b01-e9ef-5301-bb7b-b8ddac6957cc	94	papa unus		18c4efde-24a1-55ec-8c57-a44ee0ea60eb			2026-04-27T09:21:04.935141+00:00	commune
53315020-5bfa-5cd3-93aa-35fa07c2a27c	95	papae plures		18c4efde-24a1-55ec-8c57-a44ee0ea60eb			2026-04-27T09:21:04.935141+00:00	commune
d3105e26-b045-5a8c-a3cf-33a3d6254a6d	96	peccatrix		18c4efde-24a1-55ec-8c57-a44ee0ea60eb			2026-04-27T09:21:04.935141+00:00	commune
22cf8643-b0cb-5e4a-b0c3-f138a42d8a34	97	sancta una		18c4efde-24a1-55ec-8c57-a44ee0ea60eb			2026-04-27T09:21:04.935141+00:00	commune
0bd19425-5cae-5d13-995c-320b34b442ce	98	sancti plures		18c4efde-24a1-55ec-8c57-a44ee0ea60eb			2026-04-27T09:21:04.935141+00:00	commune
1af29e67-87c3-57f8-b5a0-d315221eab6a	99	sanctus unus		18c4efde-24a1-55ec-8c57-a44ee0ea60eb			2026-04-27T09:21:04.935141+00:00	commune
ddd55b19-a50b-5dc6-b61c-b6a56f6f8d25	100	sorores BMV		18c4efde-24a1-55ec-8c57-a44ee0ea60eb			2026-04-27T09:21:04.935141+00:00	commune
e1d79a82-abf2-596a-9a7f-e5d7a1d3e07a	101	vidua		18c4efde-24a1-55ec-8c57-a44ee0ea60eb			2026-04-27T09:21:04.935141+00:00	commune
72800383-5373-5789-889b-9ae8badcfdf4	102	viduae		18c4efde-24a1-55ec-8c57-a44ee0ea60eb			2026-04-27T09:21:04.935141+00:00	commune
5240c852-08f7-51d8-9fd5-8a2faac73c99	103	virgines plures		18c4efde-24a1-55ec-8c57-a44ee0ea60eb			2026-04-27T09:21:04.935141+00:00	commune
4f0ef5c2-43ab-53e7-8257-51d92aa437fe	104	virgines plures martyres		18c4efde-24a1-55ec-8c57-a44ee0ea60eb			2026-04-27T09:21:04.935141+00:00	commune
ee296f2e-8940-51aa-be1c-d6bd91b55fd9	105	virgines plures non martyres		18c4efde-24a1-55ec-8c57-a44ee0ea60eb			2026-04-27T09:21:04.935141+00:00	commune
d1e525bb-6844-5175-89e8-777c94aedda7	106	virgo		18c4efde-24a1-55ec-8c57-a44ee0ea60eb			2026-04-27T09:21:04.935141+00:00	commune
63ae21e2-6660-5e7a-90c3-90f706f1d8ce	107	virgo una		18c4efde-24a1-55ec-8c57-a44ee0ea60eb			2026-04-27T09:21:04.935141+00:00	commune
77bc0659-b44f-50ca-b072-9a967a75cf41	108	virgo una (vigilia)		18c4efde-24a1-55ec-8c57-a44ee0ea60eb			2026-04-27T09:21:04.935141+00:00	commune
1c847bb2-0f26-5cb2-bf70-1111c317f108	109	virgo una martyr		18c4efde-24a1-55ec-8c57-a44ee0ea60eb			2026-04-27T09:21:04.935141+00:00	commune
063ba567-7271-5cd2-a8af-3a1b14d27c3a	110	virgo una non martyr		18c4efde-24a1-55ec-8c57-a44ee0ea60eb			2026-04-27T09:21:04.935141+00:00	commune
2a821905-e1d1-5703-b3ab-e0d82d951517	111	10000 milites		f2aa370f-fe32-5793-bf4d-911cfbf3621b	True		2026-04-27T09:21:04.935141+00:00	sanctoral
72a8accf-b5b7-5538-b3c7-915d8bceab43	112	14 auxiliatores		f2aa370f-fe32-5793-bf4d-911cfbf3621b	True		2026-04-27T09:21:04.935141+00:00	sanctoral
ee2db214-a419-52ba-bd0f-1da2f2321421	113	15 adiutores		f2aa370f-fe32-5793-bf4d-911cfbf3621b	True		2026-04-27T09:21:04.935141+00:00	sanctoral
38874e2f-729a-55ed-bcef-e0754fd16a3c	114	24 seniores		f2aa370f-fe32-5793-bf4d-911cfbf3621b	True		2026-04-27T09:21:04.935141+00:00	sanctoral
26c15b84-7609-57c3-beec-b6a8f6ce1d89	115	30 denarii		f2aa370f-fe32-5793-bf4d-911cfbf3621b	True		2026-04-27T09:21:04.935141+00:00	sanctoral
2775fb6a-bc74-5aea-b37e-71496ac87e19	116	5 plagae Christi		f2aa370f-fe32-5793-bf4d-911cfbf3621b	True		2026-04-27T09:21:04.935141+00:00	sanctoral
4cbed8da-a8a6-5d4f-8e62-c7afda3d4337	117	7 dolores BMV		f2aa370f-fe32-5793-bf4d-911cfbf3621b	True		2026-04-27T09:21:04.935141+00:00	sanctoral
20441250-f31c-53cf-a1f9-401d00e79d49	118	7 gaudia BMV		f2aa370f-fe32-5793-bf4d-911cfbf3621b	True		2026-04-27T09:21:04.935141+00:00	sanctoral
1b29892d-51f9-57b5-bf10-572551253aae	119	Abraham		f2aa370f-fe32-5793-bf4d-911cfbf3621b	True		2026-04-27T09:21:04.935141+00:00	sanctoral
11b496b0-176e-5876-8c1f-9fb5fef3a0d6	120	Adalbertus		f2aa370f-fe32-5793-bf4d-911cfbf3621b	True		2026-04-27T09:21:04.935141+00:00	sanctoral
45e10bdd-af23-5b76-a37a-b91a80bc7385	121	Adrianus		f2aa370f-fe32-5793-bf4d-911cfbf3621b	True		2026-04-27T09:21:04.935141+00:00	sanctoral
b7d66644-8a32-533d-b4c3-54c6010a46ad	122	Alexius		f2aa370f-fe32-5793-bf4d-911cfbf3621b	True		2026-04-27T09:21:04.935141+00:00	sanctoral
aaec5af8-4b47-5bf1-8874-9a5abc1fbf58	123	Amator		f2aa370f-fe32-5793-bf4d-911cfbf3621b	True		2026-04-27T09:21:04.935141+00:00	sanctoral
939a4b61-0de4-58e0-9583-6fa6d14f79ce	124	Andreas apostolus		f2aa370f-fe32-5793-bf4d-911cfbf3621b	True		2026-04-27T09:21:04.935141+00:00	sanctoral
95100a76-9fb9-5233-9cbd-f4f9367d1eef	125	Angelus custos		f2aa370f-fe32-5793-bf4d-911cfbf3621b	True		2026-04-27T09:21:04.935141+00:00	sanctoral
06673d2c-c2a5-5706-9118-db1eda9cb7cc	126	Anna		f2aa370f-fe32-5793-bf4d-911cfbf3621b	True		2026-04-27T09:21:04.935141+00:00	sanctoral
dece9ae0-5d2d-5ce9-946b-1d80ab7f607a	127	Ansgarius		f2aa370f-fe32-5793-bf4d-911cfbf3621b	True		2026-04-27T09:21:04.935141+00:00	sanctoral
8a0c930d-5a1a-51f9-b2e1-841c99a2acb6	128	Antonius abbas		f2aa370f-fe32-5793-bf4d-911cfbf3621b	True		2026-04-27T09:21:04.935141+00:00	sanctoral
37138125-e736-58b4-9b90-cd5b803c5527	129	Antonius confessor		f2aa370f-fe32-5793-bf4d-911cfbf3621b	True		2026-04-27T09:21:04.935141+00:00	sanctoral
222705d7-0543-5914-a2a6-74688f25b18d	130	Apollonia		f2aa370f-fe32-5793-bf4d-911cfbf3621b	True		2026-04-27T09:21:04.935141+00:00	sanctoral
bdc2c0b7-379b-5a95-bc79-6ece43cd3348	131	Ascensio Domini		f2aa370f-fe32-5793-bf4d-911cfbf3621b	True		2026-04-27T09:21:04.935141+00:00	sanctoral
34a161cd-096a-5631-a403-09e55414409f	132	Assumptio BMV		f2aa370f-fe32-5793-bf4d-911cfbf3621b	True		2026-04-27T09:21:04.935141+00:00	sanctoral
e14b1040-30dc-5815-87dd-57cc4850bd1f	133	Aurelianus Lemovicensis (Depositio)		f2aa370f-fe32-5793-bf4d-911cfbf3621b	True		2026-04-27T09:21:04.935141+00:00	sanctoral
2a16cf07-80ae-5dfa-8e77-3b894fa1bffa	134	Barbara		f2aa370f-fe32-5793-bf4d-911cfbf3621b	True		2026-04-27T09:21:04.935141+00:00	sanctoral
1b72a3ea-4103-579a-b7e9-821906ea2cbc	135	Benedictus abbas		f2aa370f-fe32-5793-bf4d-911cfbf3621b	True		2026-04-27T09:21:04.935141+00:00	sanctoral
4b48713a-d235-5a19-9ddc-89a7c9f5f077	136	Bernardinus		f2aa370f-fe32-5793-bf4d-911cfbf3621b	True		2026-04-27T09:21:04.935141+00:00	sanctoral
f978767f-4532-5e6b-b468-f00189f93835	137	Bernardus abbas		f2aa370f-fe32-5793-bf4d-911cfbf3621b	True		2026-04-27T09:21:04.935141+00:00	sanctoral
a8e0f6fd-266f-5ee4-ab3c-364387d066b8	138	Bonaventura		f2aa370f-fe32-5793-bf4d-911cfbf3621b	True		2026-04-27T09:21:04.935141+00:00	sanctoral
1defdf3a-c1be-59ff-a5e2-f10b16f4680a	139	Botvidus		f2aa370f-fe32-5793-bf4d-911cfbf3621b	True		2026-04-27T09:21:04.935141+00:00	sanctoral
0bd4edd0-1e24-51c2-82ba-6a0342c27462	140	Brigitta Hibernica		f2aa370f-fe32-5793-bf4d-911cfbf3621b	True		2026-04-27T09:21:04.935141+00:00	sanctoral
b6ca619c-aff8-5e30-9c58-2cbb5b0a8d70	141	Catherina Alexandriensis		f2aa370f-fe32-5793-bf4d-911cfbf3621b	True		2026-04-27T09:21:04.935141+00:00	sanctoral
82f3ac20-0fd2-57a2-82e3-368f5e842e6d	142	Christophorus		f2aa370f-fe32-5793-bf4d-911cfbf3621b	True		2026-04-27T09:21:04.935141+00:00	sanctoral
dd5e1c8c-c644-55f0-bd1f-757b4133e5ee	143	Commemoratio festorum Domini		f2aa370f-fe32-5793-bf4d-911cfbf3621b	True		2026-04-27T09:21:04.935141+00:00	sanctoral
a7dd406c-7c78-531d-a2a3-23f224e207ba	144	Commemoratio Pauli		f2aa370f-fe32-5793-bf4d-911cfbf3621b	True		2026-04-27T09:21:04.935141+00:00	sanctoral
085cfa57-5a52-5c8b-aa35-e8976da64bfb	145	Compassio BMV		f2aa370f-fe32-5793-bf4d-911cfbf3621b	True		2026-04-27T09:21:04.935141+00:00	sanctoral
8263bf85-915c-5f66-b349-6031de96d7d9	146	Conceptio BMV		f2aa370f-fe32-5793-bf4d-911cfbf3621b	True		2026-04-27T09:21:04.935141+00:00	sanctoral
ed416a38-01f9-5cf5-9d26-980b287fb7b9	147	Corona Domini		f2aa370f-fe32-5793-bf4d-911cfbf3621b	True		2026-04-27T09:21:04.935141+00:00	sanctoral
d6c45c13-013e-5a29-be9d-df72f2636cda	148	de martyribus		f2aa370f-fe32-5793-bf4d-911cfbf3621b	True		2026-04-27T09:21:04.935141+00:00	sanctoral
259ad6fa-3e93-505b-a47f-7f0e6d06a281	149	de omnibus apostolis		f2aa370f-fe32-5793-bf4d-911cfbf3621b	True		2026-04-27T09:21:04.935141+00:00	sanctoral
cdaac628-cdf4-5284-99bf-7bff8e8d057f	150	de patriarchis		f2aa370f-fe32-5793-bf4d-911cfbf3621b	True		2026-04-27T09:21:04.935141+00:00	sanctoral
3b3f9836-754e-53f1-bbfb-d13b065ea263	151	Discipuli Domini		f2aa370f-fe32-5793-bf4d-911cfbf3621b	True		2026-04-27T09:21:04.935141+00:00	sanctoral
98878265-dc58-5bde-b14f-e2ef6f7b4762	152	Dorothea		f2aa370f-fe32-5793-bf4d-911cfbf3621b	True		2026-04-27T09:21:04.935141+00:00	sanctoral
ce18c651-738a-5925-82b0-3da8136225d0	153	Elias		f2aa370f-fe32-5793-bf4d-911cfbf3621b	True		2026-04-27T09:21:04.935141+00:00	sanctoral
57c33520-26b4-5051-9a94-173594ce2b41	154	Elisabeth vidua		f2aa370f-fe32-5793-bf4d-911cfbf3621b	True		2026-04-27T09:21:04.935141+00:00	sanctoral
82d5626f-e7f5-5c15-8213-99065f09e6e6	155	Emericus		f2aa370f-fe32-5793-bf4d-911cfbf3621b	True		2026-04-27T09:21:04.935141+00:00	sanctoral
ef0ca76e-f6fd-5b44-9ed6-cd34d06430ea	156	Erasmus		f2aa370f-fe32-5793-bf4d-911cfbf3621b	True		2026-04-27T09:21:04.935141+00:00	sanctoral
721e3424-1523-56b3-85b1-bbc72017c76a	157	Ericus		f2aa370f-fe32-5793-bf4d-911cfbf3621b	True		2026-04-27T09:21:04.935141+00:00	sanctoral
af182600-591f-5157-bf68-4e7ae7e579c8	158	Eskilus		f2aa370f-fe32-5793-bf4d-911cfbf3621b	True		2026-04-27T09:21:04.935141+00:00	sanctoral
116691a0-841d-56de-a5a1-7187293c05af	159	Facies Salvatoris		f2aa370f-fe32-5793-bf4d-911cfbf3621b	True		2026-04-27T09:21:04.935141+00:00	sanctoral
b6b9b38e-a115-515f-89d3-c1a3d3796fdf	160	Fiacrius		f2aa370f-fe32-5793-bf4d-911cfbf3621b	True		2026-04-27T09:21:04.935141+00:00	sanctoral
71b87c1c-2a82-5c49-896a-b619fff8a9a1	161	Fimbria Domini		f2aa370f-fe32-5793-bf4d-911cfbf3621b	True		2026-04-27T09:21:04.935141+00:00	sanctoral
0f38344c-1fea-507f-8967-d1ef000b7004	162	Flagella Domini		f2aa370f-fe32-5793-bf4d-911cfbf3621b	True		2026-04-27T09:21:04.935141+00:00	sanctoral
c3d1388d-4ecb-5749-bbc2-ede777291339	163	Gabriel		f2aa370f-fe32-5793-bf4d-911cfbf3621b	True		2026-04-27T09:21:04.935141+00:00	sanctoral
bd5381f4-b9b1-5cb7-a32d-2e36a8078cf0	164	Gatianus		f2aa370f-fe32-5793-bf4d-911cfbf3621b	True		2026-04-27T09:21:04.935141+00:00	sanctoral
e7c43ba1-772d-51e8-aabe-92c51f6290ff	165	Genoveva		f2aa370f-fe32-5793-bf4d-911cfbf3621b	True		2026-04-27T09:21:04.935141+00:00	sanctoral
7a84d21f-c76b-5c39-8295-203731471460	166	Gertrudis		f2aa370f-fe32-5793-bf4d-911cfbf3621b	True		2026-04-27T09:21:04.935141+00:00	sanctoral
c0287c1a-9753-544e-ad54-3ed1fdaf938e	167	Gregorius papa		f2aa370f-fe32-5793-bf4d-911cfbf3621b	True		2026-04-27T09:21:04.935141+00:00	sanctoral
9e90dfc5-bac2-58f8-a446-05a8f8e42d5e	168	Helena		f2aa370f-fe32-5793-bf4d-911cfbf3621b	True		2026-04-27T09:21:04.935141+00:00	sanctoral
d6cec7ce-c3c3-54a2-aef1-10669b0b95ec	169	Henricus		f2aa370f-fe32-5793-bf4d-911cfbf3621b	True		2026-04-27T09:21:04.935141+00:00	sanctoral
e9e3a7b3-23de-5bad-aabd-bc510f0623c0	170	Hieronymus		f2aa370f-fe32-5793-bf4d-911cfbf3621b	True		2026-04-27T09:21:04.935141+00:00	sanctoral
20384bb7-e130-5355-a8ec-7a928a959f75	171	Hubertus		f2aa370f-fe32-5793-bf4d-911cfbf3621b	True		2026-04-27T09:21:04.935141+00:00	sanctoral
60fa013c-cb87-54c6-8862-5ea0e41e7590	172	Inductio Domini in Aegyptum		f2aa370f-fe32-5793-bf4d-911cfbf3621b	True		2026-04-27T09:21:04.935141+00:00	sanctoral
88005724-3013-5901-962b-be848b0bc4eb	173	Inventio pueri Iesu Christi		f2aa370f-fe32-5793-bf4d-911cfbf3621b	True		2026-04-27T09:21:04.935141+00:00	sanctoral
1a1d9024-4d1b-5d36-b6c1-6997b4108fd2	174	Ioan.ap		f2aa370f-fe32-5793-bf4d-911cfbf3621b	True		2026-04-27T09:21:04.935141+00:00	sanctoral
ee2e1677-6201-5801-9477-d6c668f7c151	175	Ioannes Baptista		f2aa370f-fe32-5793-bf4d-911cfbf3621b	True		2026-04-27T09:21:04.935141+00:00	sanctoral
18b27cc8-cf28-5a33-86b6-edf9ef95d2e5	176	Iob		f2aa370f-fe32-5793-bf4d-911cfbf3621b	True		2026-04-27T09:21:04.935141+00:00	sanctoral
3444dcf9-6fa3-5415-b0ee-bcfb48f21ec3	177	Iodocus		f2aa370f-fe32-5793-bf4d-911cfbf3621b	True		2026-04-27T09:21:04.935141+00:00	sanctoral
d914a1c1-3fff-5de2-b996-33bd43966aa6	178	Ioseph		f2aa370f-fe32-5793-bf4d-911cfbf3621b	True		2026-04-27T09:21:04.935141+00:00	sanctoral
3dd45e38-6ca6-5a01-901b-3638aeeaa893	179	Ioseph propheta		f2aa370f-fe32-5793-bf4d-911cfbf3621b	True		2026-04-27T09:21:04.935141+00:00	sanctoral
7acd6c7f-1e62-5acd-8422-0031467bb992	180	Isaac		f2aa370f-fe32-5793-bf4d-911cfbf3621b	True		2026-04-27T09:21:04.935141+00:00	sanctoral
8bcb7f65-5c0c-5964-9cd1-12a256bab6d0	181	Ivo		f2aa370f-fe32-5793-bf4d-911cfbf3621b	True		2026-04-27T09:21:04.935141+00:00	sanctoral
1a235d15-ea33-508c-b35b-cea61ba905cd	182	Kanutus rex		f2aa370f-fe32-5793-bf4d-911cfbf3621b	True		2026-04-27T09:21:04.935141+00:00	sanctoral
729f8e98-547d-53bb-9079-47c03ae9392c	183	Kunigunda		f2aa370f-fe32-5793-bf4d-911cfbf3621b	True		2026-04-27T09:21:04.935141+00:00	sanctoral
69e16d5e-6b81-5acc-9b72-d6f06aaa8e24	184	Lacrima Christi		f2aa370f-fe32-5793-bf4d-911cfbf3621b	True		2026-04-27T09:21:04.935141+00:00	sanctoral
da84f5ee-d19f-542b-8822-f491993f39e7	185	Ladislaus		f2aa370f-fe32-5793-bf4d-911cfbf3621b	True		2026-04-27T09:21:04.935141+00:00	sanctoral
5e037bd6-7da0-5604-8e7a-38bf2edae32b	186	Lancea Domini		f2aa370f-fe32-5793-bf4d-911cfbf3621b	True		2026-04-27T09:21:04.935141+00:00	sanctoral
4da150d0-aa4c-5f42-be0a-82d2c0d5164f	187	latro		f2aa370f-fe32-5793-bf4d-911cfbf3621b	True		2026-04-27T09:21:04.935141+00:00	sanctoral
038834c3-7aaa-54fd-ba42-855407daea78	188	Laurentius martyr		f2aa370f-fe32-5793-bf4d-911cfbf3621b	True		2026-04-27T09:21:04.935141+00:00	sanctoral
27a59b6d-f131-5e8f-a002-8f6396b258a5	189	Lazarus		f2aa370f-fe32-5793-bf4d-911cfbf3621b	True		2026-04-27T09:21:04.935141+00:00	sanctoral
21f8d2c9-4f59-5d75-b8a7-4533e3f2f93e	190	Leopoldus		f2aa370f-fe32-5793-bf4d-911cfbf3621b	True		2026-04-27T09:21:04.935141+00:00	sanctoral
9dc8004e-7618-5307-b116-178c14d00d27	191	Marcellus Diensis		f2aa370f-fe32-5793-bf4d-911cfbf3621b	True		2026-04-27T09:21:04.935141+00:00	sanctoral
d8047fe1-8155-5916-a46a-ad64ae2662cf	192	Marcellus Diensis (Octava)		f2aa370f-fe32-5793-bf4d-911cfbf3621b	True		2026-04-27T09:21:04.935141+00:00	sanctoral
f581615f-bc23-5a44-bfd3-54935d9ee636	193	Margarita		f2aa370f-fe32-5793-bf4d-911cfbf3621b	True		2026-04-27T09:21:04.935141+00:00	sanctoral
de1826fc-4d92-5ca3-bdae-77a9c9918af6	194	Maria ad Nives		f2aa370f-fe32-5793-bf4d-911cfbf3621b	True		2026-04-27T09:21:04.935141+00:00	sanctoral
2b838935-4698-5731-aec1-eea08b612bbb	195	Maria Aegyptiaca		f2aa370f-fe32-5793-bf4d-911cfbf3621b	True		2026-04-27T09:21:04.935141+00:00	sanctoral
6d69f969-b3ae-50d1-9c14-424d9f53cb5f	196	Maria Iacobi		f2aa370f-fe32-5793-bf4d-911cfbf3621b	True		2026-04-27T09:21:04.935141+00:00	sanctoral
95a61bed-9c4b-596f-8f60-cc3fc6bbd8be	197	Maria Magdalene		f2aa370f-fe32-5793-bf4d-911cfbf3621b	True		2026-04-27T09:21:04.935141+00:00	sanctoral
352afa32-7225-596d-8b83-6404f23700b9	198	Maria Pietatis		f2aa370f-fe32-5793-bf4d-911cfbf3621b	True		2026-04-27T09:21:04.935141+00:00	sanctoral
a35c5276-8db7-5985-b9ef-5c124cb0e221	199	Maria Salome		f2aa370f-fe32-5793-bf4d-911cfbf3621b	True		2026-04-27T09:21:04.935141+00:00	sanctoral
d90b2e54-6f43-5817-9fcd-adb70f704bee	200	Maternus		f2aa370f-fe32-5793-bf4d-911cfbf3621b	True		2026-04-27T09:21:04.935141+00:00	sanctoral
5adea121-900d-5df5-872d-0665ce980c59	201	Mauritius		f2aa370f-fe32-5793-bf4d-911cfbf3621b	True		2026-04-27T09:21:04.935141+00:00	sanctoral
a28866e2-cf94-5b07-9b9e-91d10a9a780d	202	Maurus Subiacensis		f2aa370f-fe32-5793-bf4d-911cfbf3621b	True		2026-04-27T09:21:04.935141+00:00	sanctoral
c44692ee-7289-5c69-acd3-2ce44f1d60e6	203	Nicodemus		f2aa370f-fe32-5793-bf4d-911cfbf3621b	True		2026-04-27T09:21:04.935141+00:00	sanctoral
aa46be4a-8fde-5d6d-856e-f6a8b40be7f2	204	Nomen BMV		f2aa370f-fe32-5793-bf4d-911cfbf3621b	True		2026-04-27T09:21:04.935141+00:00	sanctoral
ef0d5b5b-c904-5d25-9dd9-09a690e7d7ec	205	Nomen Iesu		f2aa370f-fe32-5793-bf4d-911cfbf3621b	True		2026-04-27T09:21:04.935141+00:00	sanctoral
108f6c06-855c-5954-8e60-b9c5181bec5c	206	Olafus		f2aa370f-fe32-5793-bf4d-911cfbf3621b	True		2026-04-27T09:21:04.935141+00:00	sanctoral
1e0bf211-8347-556e-82ce-481e98a8ba55	207	Omnes Sancti		f2aa370f-fe32-5793-bf4d-911cfbf3621b	True		2026-04-27T09:21:04.935141+00:00	sanctoral
9e0e685d-d0d7-50fa-8d13-e7ed6d54a34c	208	Omnes Sancti (Octava)		f2aa370f-fe32-5793-bf4d-911cfbf3621b	True		2026-04-27T09:21:04.935141+00:00	sanctoral
08b154cd-3331-5f5c-9240-8c00070ecb33	209	Omnes Sancti (Vigilia)		f2aa370f-fe32-5793-bf4d-911cfbf3621b	True		2026-04-27T09:21:04.935141+00:00	sanctoral
10742e06-2543-5047-8c9c-3895e901e132	210	Onuphrius		f2aa370f-fe32-5793-bf4d-911cfbf3621b	True		2026-04-27T09:21:04.935141+00:00	sanctoral
f3840de9-4587-5f4f-874a-7c648c6daf02	211	Ottilia		f2aa370f-fe32-5793-bf4d-911cfbf3621b	True		2026-04-27T09:21:04.935141+00:00	sanctoral
13e43f62-067f-5c17-a06c-ecb9911c893e	212	Otto		f2aa370f-fe32-5793-bf4d-911cfbf3621b	True		2026-04-27T09:21:04.935141+00:00	sanctoral
78c7466f-cd5a-5803-89de-d4b8657dc52a	213	Passio Domini		f2aa370f-fe32-5793-bf4d-911cfbf3621b	True		2026-04-27T09:21:04.935141+00:00	sanctoral
01c39b33-f9b2-52e8-a544-fac038103cff	214	Pastor Complutensis		f2aa370f-fe32-5793-bf4d-911cfbf3621b	True		2026-04-27T09:21:04.935141+00:00	sanctoral
345585fb-25c6-5084-8a6e-4dea2eb9ec0a	215	Paulus apostolus		f2aa370f-fe32-5793-bf4d-911cfbf3621b	True		2026-04-27T09:21:04.935141+00:00	sanctoral
0488d74d-6f76-58f6-acc1-21a261df9691	216	Paulus Narbonensis		f2aa370f-fe32-5793-bf4d-911cfbf3621b	True		2026-04-27T09:21:04.935141+00:00	sanctoral
e59c7ee1-de8c-51a6-9b05-70b791e1a7e1	217	Petrus (Commemoratio)		f2aa370f-fe32-5793-bf4d-911cfbf3621b	True		2026-04-27T09:21:04.935141+00:00	sanctoral
dd593a72-cb05-5d23-83a5-99f3ca9c5ddb	218	Petrus apostolus		f2aa370f-fe32-5793-bf4d-911cfbf3621b	True		2026-04-27T09:21:04.935141+00:00	sanctoral
ea386715-d522-59c8-b63d-ec26c32d01c3	219	Placidus		f2aa370f-fe32-5793-bf4d-911cfbf3621b	True		2026-04-27T09:21:04.935141+00:00	sanctoral
4fad030a-2dfb-5838-a1b3-dd62c255d3cd	220	Praesentatio BMV		f2aa370f-fe32-5793-bf4d-911cfbf3621b	True		2026-04-27T09:21:04.935141+00:00	sanctoral
f841bdb2-27be-5518-bba4-865251f22598	221	Privatus		f2aa370f-fe32-5793-bf4d-911cfbf3621b	True		2026-04-27T09:21:04.935141+00:00	sanctoral
82225373-1f19-5b9a-a12a-90b1b8047503	222	Reliquiae		f2aa370f-fe32-5793-bf4d-911cfbf3621b	True		2026-04-27T09:21:04.935141+00:00	sanctoral
ac36b88f-2898-5b74-a298-f25768d257c8	223	Restitutus		f2aa370f-fe32-5793-bf4d-911cfbf3621b	True		2026-04-27T09:21:04.935141+00:00	sanctoral
bc44db1c-435c-5c46-bdfa-52955b51ca98	224	Resurrectio Domini		f2aa370f-fe32-5793-bf4d-911cfbf3621b	True		2026-04-27T09:21:04.935141+00:00	sanctoral
be618868-9497-5165-9678-4ce461ee8537	225	Rochus		f2aa370f-fe32-5793-bf4d-911cfbf3621b	True		2026-04-27T09:21:04.935141+00:00	sanctoral
e61566fb-4f0f-5c96-9223-23a69bc77e20	226	Rupertus		f2aa370f-fe32-5793-bf4d-911cfbf3621b	True		2026-04-27T09:21:04.935141+00:00	sanctoral
3a9a096b-ccca-5cd0-9f96-ef937ed8bf6f	227	Scholastica		f2aa370f-fe32-5793-bf4d-911cfbf3621b	True		2026-04-27T09:21:04.935141+00:00	sanctoral
423ba6f9-3792-5f81-a790-8510a40e7757	228	Sebastianus		f2aa370f-fe32-5793-bf4d-911cfbf3621b	True		2026-04-27T09:21:04.935141+00:00	sanctoral
d166ddfd-dd3e-57ce-a58a-104b32c6939b	229	Sepulcrum Domini		f2aa370f-fe32-5793-bf4d-911cfbf3621b	True		2026-04-27T09:21:04.935141+00:00	sanctoral
c8b41f7b-27a1-54de-97de-c55fbdffdffa	230	Sigfridus		f2aa370f-fe32-5793-bf4d-911cfbf3621b	True		2026-04-27T09:21:04.935141+00:00	sanctoral
2b22be2d-531d-565b-9f33-bf52b53efcb3	231	Simeon propheta		f2aa370f-fe32-5793-bf4d-911cfbf3621b	True		2026-04-27T09:21:04.935141+00:00	sanctoral
86791559-ab2b-5d91-9630-8b7550721cfa	232	Sollemnitates Christi		f2aa370f-fe32-5793-bf4d-911cfbf3621b	True		2026-04-27T09:21:04.935141+00:00	sanctoral
02350350-b7d0-5441-bdb6-dea992b68842	233	Sophia		f2aa370f-fe32-5793-bf4d-911cfbf3621b	True		2026-04-27T09:21:04.935141+00:00	sanctoral
6e84c27f-55f5-5c1e-89ae-e8d558fb4c2d	234	Spiritus Sanctus		f2aa370f-fe32-5793-bf4d-911cfbf3621b	True		2026-04-27T09:21:04.935141+00:00	sanctoral
90a297d9-c411-5487-92f1-8c2418155ee2	235	Steph.m		f2aa370f-fe32-5793-bf4d-911cfbf3621b	True		2026-04-27T09:21:04.935141+00:00	sanctoral
41c2713d-b52f-54bf-b2a7-9ff93e569008	236	Stephanus rex		f2aa370f-fe32-5793-bf4d-911cfbf3621b	True		2026-04-27T09:21:04.935141+00:00	sanctoral
e19cff80-a685-5e13-b993-a76b716398ad	237	Sudarium Domini		f2aa370f-fe32-5793-bf4d-911cfbf3621b	True		2026-04-27T09:21:04.935141+00:00	sanctoral
b682ea4a-ccd4-5490-9331-1be8f318d302	238	Sunniva		f2aa370f-fe32-5793-bf4d-911cfbf3621b	True		2026-04-27T09:21:04.935141+00:00	sanctoral
c5829596-6964-5afe-b39b-497a2260c19f	239	Susanna		f2aa370f-fe32-5793-bf4d-911cfbf3621b	True		2026-04-27T09:21:04.935141+00:00	sanctoral
325f3cc9-12b8-5e36-8e0f-17ab9971f591	240	Taurinus		f2aa370f-fe32-5793-bf4d-911cfbf3621b	True		2026-04-27T09:21:04.935141+00:00	sanctoral
97c05393-4e77-5d6e-9741-54e708befa04	241	Tecla		f2aa370f-fe32-5793-bf4d-911cfbf3621b	True		2026-04-27T09:21:04.935141+00:00	sanctoral
359464cc-78fa-5d25-84c2-0da462284edc	242	Theofredus		f2aa370f-fe32-5793-bf4d-911cfbf3621b	True		2026-04-27T09:21:04.935141+00:00	sanctoral
73038bfb-7b8c-5f0a-beb8-07f941ca5fc9	243	Transfiguratio Domini		f2aa370f-fe32-5793-bf4d-911cfbf3621b	True		2026-04-27T09:21:04.935141+00:00	sanctoral
5c54448c-79e2-597e-92e5-48baf05d1c98	244	Transfixio BMV		f2aa370f-fe32-5793-bf4d-911cfbf3621b	True		2026-04-27T09:21:04.935141+00:00	sanctoral
0ef276a6-5f61-51cb-9598-a72864a57421	245	Tres magi		f2aa370f-fe32-5793-bf4d-911cfbf3621b	True		2026-04-27T09:21:04.935141+00:00	sanctoral
70a6d15c-ee94-528f-b7eb-00088472c040	246	Tunica Domini		f2aa370f-fe32-5793-bf4d-911cfbf3621b	True		2026-04-27T09:21:04.935141+00:00	sanctoral
a8180040-71e2-5807-879c-41c9c909bd25	247	Valerius		f2aa370f-fe32-5793-bf4d-911cfbf3621b	True		2026-04-27T09:21:04.935141+00:00	sanctoral
7d444c53-95ab-588d-bc20-c141fc540301	248	Vincentius		f2aa370f-fe32-5793-bf4d-911cfbf3621b	True		2026-04-27T09:21:04.935141+00:00	sanctoral
2e21c28c-b416-5abc-b04d-9949ea40f1a8	249	Vincentius Ferrer		f2aa370f-fe32-5793-bf4d-911cfbf3621b	True		2026-04-27T09:21:04.935141+00:00	sanctoral
6f4719ee-5221-54a4-aeec-64ca95c4f716	250	Virgilius		f2aa370f-fe32-5793-bf4d-911cfbf3621b	True		2026-04-27T09:21:04.935141+00:00	sanctoral
3209d324-720f-55b3-9a7b-e9d7d09879a7	251	Visitatio BMV		f2aa370f-fe32-5793-bf4d-911cfbf3621b	True		2026-04-27T09:21:04.935141+00:00	sanctoral
1725c4aa-c189-5db4-9214-955284fcc2d4	252	Wenceslaus		f2aa370f-fe32-5793-bf4d-911cfbf3621b	True		2026-04-27T09:21:04.935141+00:00	sanctoral
57850417-3ca4-5de0-86cb-4b6d9a10ffcd	253	Wolfgangus		f2aa370f-fe32-5793-bf4d-911cfbf3621b	True		2026-04-27T09:21:04.935141+00:00	sanctoral
fa477d5c-38e0-56ea-8fbb-66734e9ca5cb	254	Zacharias		f2aa370f-fe32-5793-bf4d-911cfbf3621b	True		2026-04-27T09:21:04.935141+00:00	sanctoral
84600749-00df-52f1-897f-f36d31aefb45	255	*feria		f2aa370f-fe32-5793-bf4d-911cfbf3621b			2026-04-27T09:21:04.935141+00:00	sanctoral
95e7aeed-5e00-5035-90e5-f6f81539adda	256	*infra octavas		f2aa370f-fe32-5793-bf4d-911cfbf3621b			2026-04-27T09:21:04.935141+00:00	sanctoral
1f2b6e9b-baf1-52a9-87be-89ccd75a1ef7	257	*title		f2aa370f-fe32-5793-bf4d-911cfbf3621b			2026-04-27T09:21:04.935141+00:00	sanctoral
2c88a95f-d605-5fd7-b1e5-7ae3e003da49	258	*verse		f2aa370f-fe32-5793-bf4d-911cfbf3621b			2026-04-27T09:21:04.935141+00:00	sanctoral
f74ac6c2-ea71-5e56-953f-da4bdd79a43f	259	10000 milites (Vigilia)		f2aa370f-fe32-5793-bf4d-911cfbf3621b			2026-04-27T09:21:04.935141+00:00	sanctoral
80dbdbf2-3195-5499-b72c-bc4d4bf3de82	260	12 fratres		f2aa370f-fe32-5793-bf4d-911cfbf3621b			2026-04-27T09:21:04.935141+00:00	sanctoral
6cf3926e-b2bf-5993-8b35-c94ddc9f1cc6	261	15 gradus BMV		f2aa370f-fe32-5793-bf4d-911cfbf3621b			2026-04-27T09:21:04.935141+00:00	sanctoral
267397e2-cbfc-5e15-886f-3b15b4211620	262	15 gradus BMV (Octava)		f2aa370f-fe32-5793-bf4d-911cfbf3621b			2026-04-27T09:21:04.935141+00:00	sanctoral
be7234d6-855c-5e5d-8a1e-b8341cb059c7	263	17 martyres		f2aa370f-fe32-5793-bf4d-911cfbf3621b			2026-04-27T09:21:04.935141+00:00	sanctoral
04b7bdd9-5806-55ac-bf75-8d8fdbe64679	264	18 martyres Caesaraugustanorum		f2aa370f-fe32-5793-bf4d-911cfbf3621b			2026-04-27T09:21:04.935141+00:00	sanctoral
d0e50d3d-dd1f-530c-aef1-0fb06bcc7efc	265	20 martyres		f2aa370f-fe32-5793-bf4d-911cfbf3621b			2026-04-27T09:21:04.935141+00:00	sanctoral
b603ec84-c944-565f-a039-eab18559c917	266	200 martyres		f2aa370f-fe32-5793-bf4d-911cfbf3621b			2026-04-27T09:21:04.935141+00:00	sanctoral
e9b1206a-cbd2-5c6f-9abf-957d088d9228	267	220 martyres		f2aa370f-fe32-5793-bf4d-911cfbf3621b			2026-04-27T09:21:04.935141+00:00	sanctoral
0b955002-a388-5787-a3fa-59752ebed7b5	268	260 martyres		f2aa370f-fe32-5793-bf4d-911cfbf3621b			2026-04-27T09:21:04.935141+00:00	sanctoral
46c4502d-0a10-5dfd-9ff8-402950975192	269	262 martyres		f2aa370f-fe32-5793-bf4d-911cfbf3621b			2026-04-27T09:21:04.935141+00:00	sanctoral
c46382de-a589-5336-9735-ea4824691082	270	3 Pueri		f2aa370f-fe32-5793-bf4d-911cfbf3621b			2026-04-27T09:21:04.935141+00:00	sanctoral
c76f1d8a-c008-549b-8ca4-10c29c2789e8	271	30 martyres		f2aa370f-fe32-5793-bf4d-911cfbf3621b			2026-04-27T09:21:04.935141+00:00	sanctoral
a090004d-0615-564a-abc8-9e5c18cbfe21	272	4 coronati		f2aa370f-fe32-5793-bf4d-911cfbf3621b			2026-04-27T09:21:04.935141+00:00	sanctoral
affe0d3b-3ef1-586d-8f3a-cf7bd7cd91ab	273	40 martyres		f2aa370f-fe32-5793-bf4d-911cfbf3621b			2026-04-27T09:21:04.935141+00:00	sanctoral
8de3a90f-59ff-5355-9f64-9c68d0878003	274	40 virgines		f2aa370f-fe32-5793-bf4d-911cfbf3621b			2026-04-27T09:21:04.935141+00:00	sanctoral
97586670-b5f8-518f-8833-438626cf5298	275	4000 martyres		f2aa370f-fe32-5793-bf4d-911cfbf3621b			2026-04-27T09:21:04.935141+00:00	sanctoral
4be0f861-9aef-5e11-9f98-97ae3ca39843	276	47 martyres		f2aa370f-fe32-5793-bf4d-911cfbf3621b			2026-04-27T09:21:04.935141+00:00	sanctoral
021f85dd-a915-566a-b320-4b2aed1137f0	277	49 martyres		f2aa370f-fe32-5793-bf4d-911cfbf3621b			2026-04-27T09:21:04.935141+00:00	sanctoral
8a52ec82-e010-53bc-ba4f-84080df23e30	278	4976 martyres		f2aa370f-fe32-5793-bf4d-911cfbf3621b			2026-04-27T09:21:04.935141+00:00	sanctoral
02f78670-9314-5f76-964e-a1b85ef07695	279	5 coronati		f2aa370f-fe32-5793-bf4d-911cfbf3621b			2026-04-27T09:21:04.935141+00:00	sanctoral
444a0118-5f58-529d-aa6d-f28b8c3a5aeb	280	5 fratres		f2aa370f-fe32-5793-bf4d-911cfbf3621b			2026-04-27T09:21:04.935141+00:00	sanctoral
eaad1aec-9ee5-5752-bf95-eaa2bec815c8	281	5 fratres (Translatio)		f2aa370f-fe32-5793-bf4d-911cfbf3621b			2026-04-27T09:21:04.935141+00:00	sanctoral
f9a7e553-1219-5aee-a88b-5973c72062ae	282	5 sancti		f2aa370f-fe32-5793-bf4d-911cfbf3621b			2026-04-27T09:21:04.935141+00:00	sanctoral
e29760ee-2175-5714-9ed8-04f57cefc302	283	50 martyres		f2aa370f-fe32-5793-bf4d-911cfbf3621b			2026-04-27T09:21:04.935141+00:00	sanctoral
48ecec0f-b9fd-5cd6-8678-073f0e7e4b06	284	7 dormientes		f2aa370f-fe32-5793-bf4d-911cfbf3621b			2026-04-27T09:21:04.935141+00:00	sanctoral
93874e21-b5c9-5765-ad6b-ac82d9b77ada	285	7 fratres		f2aa370f-fe32-5793-bf4d-911cfbf3621b			2026-04-27T09:21:04.935141+00:00	sanctoral
869150c1-b652-5825-8909-6e6bcd726cf1	286	7 fratres minores		f2aa370f-fe32-5793-bf4d-911cfbf3621b			2026-04-27T09:21:04.935141+00:00	sanctoral
9745999b-c746-54d8-bb33-3663e0c4879e	287	7 Germani		f2aa370f-fe32-5793-bf4d-911cfbf3621b			2026-04-27T09:21:04.935141+00:00	sanctoral
ada3d2e1-6e6e-525f-b048-62e3a681526f	288	7 virgines		f2aa370f-fe32-5793-bf4d-911cfbf3621b			2026-04-27T09:21:04.935141+00:00	sanctoral
db6a5412-18e2-5880-b6a6-de40595278a0	289	70 martyres		f2aa370f-fe32-5793-bf4d-911cfbf3621b			2026-04-27T09:21:04.935141+00:00	sanctoral
cce146ea-5297-51c5-a6ee-3c6b26aa8219	290	79 martyres		f2aa370f-fe32-5793-bf4d-911cfbf3621b			2026-04-27T09:21:04.935141+00:00	sanctoral
e05a0475-d9a4-51e3-897a-6312a81d09f7	291	80 martyres		f2aa370f-fe32-5793-bf4d-911cfbf3621b			2026-04-27T09:21:04.935141+00:00	sanctoral
59ad339c-ce7e-579e-a70d-2028e92f63bd	292	90 martyres		f2aa370f-fe32-5793-bf4d-911cfbf3621b			2026-04-27T09:21:04.935141+00:00	sanctoral
c6c403de-475a-5d7c-b6fc-985db8a3efce	293	Aaron		f2aa370f-fe32-5793-bf4d-911cfbf3621b			2026-04-27T09:21:04.935141+00:00	sanctoral
8cbfedbc-1f15-5b77-8182-dbbe04508a9d	294	Abachum		f2aa370f-fe32-5793-bf4d-911cfbf3621b			2026-04-27T09:21:04.935141+00:00	sanctoral
49b2af2c-d0ec-5eb0-a528-1ddc01db8675	295	Abdo		f2aa370f-fe32-5793-bf4d-911cfbf3621b			2026-04-27T09:21:04.935141+00:00	sanctoral
4661fdc8-6da1-5139-ad51-91d09140b105	296	Abdo abbas		f2aa370f-fe32-5793-bf4d-911cfbf3621b			2026-04-27T09:21:04.935141+00:00	sanctoral
4b7a9bb9-5f75-596e-8a60-24c751205618	297	Abibas		f2aa370f-fe32-5793-bf4d-911cfbf3621b			2026-04-27T09:21:04.935141+00:00	sanctoral
b962422a-3184-527a-9873-e81f510e0e16	298	Abibas (Inventio)		f2aa370f-fe32-5793-bf4d-911cfbf3621b			2026-04-27T09:21:04.935141+00:00	sanctoral
b3479ec8-3e68-52df-834a-fd05b64cdbae	299	Abra		f2aa370f-fe32-5793-bf4d-911cfbf3621b			2026-04-27T09:21:04.935141+00:00	sanctoral
2118651f-e46c-5215-a1d2-6a1439a7ebd7	300	Abraham Claromontensis		f2aa370f-fe32-5793-bf4d-911cfbf3621b			2026-04-27T09:21:04.935141+00:00	sanctoral
a30f41fc-b131-5e3d-b3e2-7b63c30e90b3	301	Abrunculus		f2aa370f-fe32-5793-bf4d-911cfbf3621b			2026-04-27T09:21:04.935141+00:00	sanctoral
69483faa-036d-50e4-956a-64cd8cd27e52	302	Abundantius		f2aa370f-fe32-5793-bf4d-911cfbf3621b			2026-04-27T09:21:04.935141+00:00	sanctoral
d9d2e456-377a-5803-b0a8-25f993d4aa04	303	Abundius		f2aa370f-fe32-5793-bf4d-911cfbf3621b			2026-04-27T09:21:04.935141+00:00	sanctoral
df3c00c6-ddeb-5b17-b32a-4e8850b3b888	304	Accursius		f2aa370f-fe32-5793-bf4d-911cfbf3621b			2026-04-27T09:21:04.935141+00:00	sanctoral
9d13c56b-39d8-5f63-a713-b2105098b0fe	305	Acharius		f2aa370f-fe32-5793-bf4d-911cfbf3621b			2026-04-27T09:21:04.935141+00:00	sanctoral
ceef59b7-1b75-5be5-9355-c6547882fe18	306	Achatius		f2aa370f-fe32-5793-bf4d-911cfbf3621b			2026-04-27T09:21:04.935141+00:00	sanctoral
babb9ca7-1a3b-5ca6-a0eb-4b29f9086a66	307	Achatius Klimax		f2aa370f-fe32-5793-bf4d-911cfbf3621b			2026-04-27T09:21:04.935141+00:00	sanctoral
d6461e4e-f937-5cd8-9c7b-2654ce01ec40	308	Acheolus		f2aa370f-fe32-5793-bf4d-911cfbf3621b			2026-04-27T09:21:04.935141+00:00	sanctoral
651e1a84-1231-5038-a609-fadd5174088f	309	Achilleus		f2aa370f-fe32-5793-bf4d-911cfbf3621b			2026-04-27T09:21:04.935141+00:00	sanctoral
ae1bd660-d643-5470-9440-ef3d9f248eef	310	Achilleus martyr		f2aa370f-fe32-5793-bf4d-911cfbf3621b			2026-04-27T09:21:04.935141+00:00	sanctoral
1a33327a-a7cf-5ac4-b25c-e6c9509f38b2	311	Achius		f2aa370f-fe32-5793-bf4d-911cfbf3621b			2026-04-27T09:21:04.935141+00:00	sanctoral
10a27fd9-8b6a-5d6a-904f-f962e0f3fd4f	312	Acislus		f2aa370f-fe32-5793-bf4d-911cfbf3621b			2026-04-27T09:21:04.935141+00:00	sanctoral
73586028-76d3-5395-9703-3a73695a6624	313	Ad aliam missam		f2aa370f-fe32-5793-bf4d-911cfbf3621b			2026-04-27T09:21:04.935141+00:00	sanctoral
ec059eaf-4f29-579c-b4ee-bf4b627f9bf5	314	Ada		f2aa370f-fe32-5793-bf4d-911cfbf3621b			2026-04-27T09:21:04.935141+00:00	sanctoral
f913a613-5e13-55dd-acb2-216fcf787436	315	Adalar		f2aa370f-fe32-5793-bf4d-911cfbf3621b			2026-04-27T09:21:04.935141+00:00	sanctoral
37065029-b0c8-53fc-b7dc-7e04cee4ec8f	316	Adalbertus (Octava)		f2aa370f-fe32-5793-bf4d-911cfbf3621b			2026-04-27T09:21:04.935141+00:00	sanctoral
17f0cd69-a8ef-5787-a85c-75d0a318cbfe	317	Adalbertus (Translatio)		f2aa370f-fe32-5793-bf4d-911cfbf3621b			2026-04-27T09:21:04.935141+00:00	sanctoral
e47a71b9-3d42-54e6-a8c5-2482ee480c92	318	Adalbertus Egmondensis		f2aa370f-fe32-5793-bf4d-911cfbf3621b			2026-04-27T09:21:04.935141+00:00	sanctoral
90f53f1a-2750-5af4-882c-37953142a280	319	Adauctus		f2aa370f-fe32-5793-bf4d-911cfbf3621b			2026-04-27T09:21:04.935141+00:00	sanctoral
0d9b8558-686d-503a-a7ef-af7d6e117ac2	320	Adelelmus		f2aa370f-fe32-5793-bf4d-911cfbf3621b			2026-04-27T09:21:04.935141+00:00	sanctoral
1083007f-1e84-56b7-8915-9fb268ed48f2	321	Adelelmus Burgensis		f2aa370f-fe32-5793-bf4d-911cfbf3621b			2026-04-27T09:21:04.935141+00:00	sanctoral
d461025d-dba1-5d37-8c24-93fc08c3c359	322	Adelheid		f2aa370f-fe32-5793-bf4d-911cfbf3621b			2026-04-27T09:21:04.935141+00:00	sanctoral
e128e130-d7a2-5d7d-a22b-977438c67482	323	Adelphus		f2aa370f-fe32-5793-bf4d-911cfbf3621b			2026-04-27T09:21:04.935141+00:00	sanctoral
08193d61-8080-5886-a14b-60cfab83eec2	324	Aderaldus		f2aa370f-fe32-5793-bf4d-911cfbf3621b			2026-04-27T09:21:04.935141+00:00	sanctoral
7e5005f6-50a9-5bd5-b4e6-a4b79c29f022	325	Adiutus		f2aa370f-fe32-5793-bf4d-911cfbf3621b			2026-04-27T09:21:04.935141+00:00	sanctoral
86c6c050-9299-5836-8c04-055747cdf5d2	326	Ado		f2aa370f-fe32-5793-bf4d-911cfbf3621b			2026-04-27T09:21:04.935141+00:00	sanctoral
0d862cf9-c4da-5320-a6aa-dc7cb4f557d4	327	Adorator		f2aa370f-fe32-5793-bf4d-911cfbf3621b			2026-04-27T09:21:04.935141+00:00	sanctoral
5d99d397-40a1-517a-9727-deb6055ea8af	328	Adriana		f2aa370f-fe32-5793-bf4d-911cfbf3621b			2026-04-27T09:21:04.935141+00:00	sanctoral
373c108b-75f3-57f6-9db9-3810904e3364	329	Adulphus Atrebatensis		f2aa370f-fe32-5793-bf4d-911cfbf3621b			2026-04-27T09:21:04.935141+00:00	sanctoral
26ebc55e-19e5-5c6b-a317-c2e776af9f14	330	Adventius		f2aa370f-fe32-5793-bf4d-911cfbf3621b			2026-04-27T09:21:04.935141+00:00	sanctoral
0cc25580-6389-5cfc-b035-050eb7232212	331	Adventus reliquiarum (Havelberg)		f2aa370f-fe32-5793-bf4d-911cfbf3621b			2026-04-27T09:21:04.935141+00:00	sanctoral
0372b4e4-0abf-5e8a-be22-abf4aa1a2da7	332	Aegidius		f2aa370f-fe32-5793-bf4d-911cfbf3621b			2026-04-27T09:21:04.935141+00:00	sanctoral
fa27811b-b85c-50f7-a55a-ece01b55c23e	333	Aegidius (Octava)		f2aa370f-fe32-5793-bf4d-911cfbf3621b			2026-04-27T09:21:04.935141+00:00	sanctoral
a20e5d62-0902-5a62-9d81-efa4f0f92632	334	Aegidius (Translatio)		f2aa370f-fe32-5793-bf4d-911cfbf3621b			2026-04-27T09:21:04.935141+00:00	sanctoral
cd8121ec-f236-5372-97e8-d0ea36aa80ce	335	Aelphegus		f2aa370f-fe32-5793-bf4d-911cfbf3621b			2026-04-27T09:21:04.935141+00:00	sanctoral
d5d35e10-c9b6-5988-8dd7-1d824aab7377	336	Aemiliana		f2aa370f-fe32-5793-bf4d-911cfbf3621b			2026-04-27T09:21:04.935141+00:00	sanctoral
770d1d13-9dde-570b-89d9-67d660d5b86c	337	Aemilianus		f2aa370f-fe32-5793-bf4d-911cfbf3621b			2026-04-27T09:21:04.935141+00:00	sanctoral
47179cb6-f71a-532e-87d8-b33abb749021	338	Aemilianus (Translatio)		f2aa370f-fe32-5793-bf4d-911cfbf3621b			2026-04-27T09:21:04.935141+00:00	sanctoral
32450938-7357-5c5b-9908-49ba26097644	339	Aemilianus abbas		f2aa370f-fe32-5793-bf4d-911cfbf3621b			2026-04-27T09:21:04.935141+00:00	sanctoral
5f4b8273-91cb-57b2-8a2d-3483db356d6c	340	Aemilianus abbas (Octava)		f2aa370f-fe32-5793-bf4d-911cfbf3621b			2026-04-27T09:21:04.935141+00:00	sanctoral
c160c12c-380a-5c76-9f4e-18040ce75f35	341	Aemilianus monachus		f2aa370f-fe32-5793-bf4d-911cfbf3621b			2026-04-27T09:21:04.935141+00:00	sanctoral
e8e2910b-9842-5b40-9cd1-db6e54705d91	342	Aemilius		f2aa370f-fe32-5793-bf4d-911cfbf3621b			2026-04-27T09:21:04.935141+00:00	sanctoral
9b017d2d-8512-5222-956e-ce5955c05341	343	Aethereus		f2aa370f-fe32-5793-bf4d-911cfbf3621b			2026-04-27T09:21:04.935141+00:00	sanctoral
3846e8bf-8061-5eee-9215-5ef4f57b2a6b	344	Aetherius		f2aa370f-fe32-5793-bf4d-911cfbf3621b			2026-04-27T09:21:04.935141+00:00	sanctoral
cb563134-486f-5f67-8dfd-842e01aa5211	345	Afer		f2aa370f-fe32-5793-bf4d-911cfbf3621b			2026-04-27T09:21:04.935141+00:00	sanctoral
69eb1966-e46b-5ac3-81d3-f510abc660c2	346	Afra et socii		f2aa370f-fe32-5793-bf4d-911cfbf3621b			2026-04-27T09:21:04.935141+00:00	sanctoral
f81a65bb-9588-5a12-bb7b-00439a0cd58b	347	Agape		f2aa370f-fe32-5793-bf4d-911cfbf3621b			2026-04-27T09:21:04.935141+00:00	sanctoral
b2e10e84-2a7f-5d7a-9b7d-e18c28ab03bc	348	Agapitus		f2aa370f-fe32-5793-bf4d-911cfbf3621b			2026-04-27T09:21:04.935141+00:00	sanctoral
85a2b756-cd25-5653-9484-c62ff603d793	349	Agapitus papa (Translatio)		f2aa370f-fe32-5793-bf4d-911cfbf3621b			2026-04-27T09:21:04.935141+00:00	sanctoral
7feb3303-eda5-5337-ba4d-8bda9580473e	350	Agapitus Praenestensis		f2aa370f-fe32-5793-bf4d-911cfbf3621b			2026-04-27T09:21:04.935141+00:00	sanctoral
07387c3a-23f8-51eb-92f7-3c5186145f31	351	Agapius		f2aa370f-fe32-5793-bf4d-911cfbf3621b			2026-04-27T09:21:04.935141+00:00	sanctoral
d3f173a5-19dd-5781-b376-576f90b82475	352	Agatha		f2aa370f-fe32-5793-bf4d-911cfbf3621b			2026-04-27T09:21:04.935141+00:00	sanctoral
84bbc2ed-1b07-5af7-a291-e42bf76cd26b	353	Agatho		f2aa370f-fe32-5793-bf4d-911cfbf3621b			2026-04-27T09:21:04.935141+00:00	sanctoral
6fe05f9b-e0e2-5a6a-8cde-c65064a84f40	354	Agatimber		f2aa370f-fe32-5793-bf4d-911cfbf3621b			2026-04-27T09:21:04.935141+00:00	sanctoral
67619078-0b46-5f7f-9507-aa6fdaa90dd2	355	Agericus		f2aa370f-fe32-5793-bf4d-911cfbf3621b			2026-04-27T09:21:04.935141+00:00	sanctoral
540221db-c0a2-5590-90ae-33c587e1aa51	356	Agilbertus		f2aa370f-fe32-5793-bf4d-911cfbf3621b			2026-04-27T09:21:04.935141+00:00	sanctoral
c151960a-e5d5-5242-ac8c-da0aabd1402b	357	Agilolphus		f2aa370f-fe32-5793-bf4d-911cfbf3621b			2026-04-27T09:21:04.935141+00:00	sanctoral
3362b060-a497-54a3-b52d-a338ca633998	358	Agilus		f2aa370f-fe32-5793-bf4d-911cfbf3621b			2026-04-27T09:21:04.935141+00:00	sanctoral
99973e4e-9664-53b5-980a-d570f6310825	359	Aglinus		f2aa370f-fe32-5793-bf4d-911cfbf3621b			2026-04-27T09:21:04.935141+00:00	sanctoral
53d53da2-1d21-5732-baec-a37874ccbec2	360	Agnes		f2aa370f-fe32-5793-bf4d-911cfbf3621b			2026-04-27T09:21:04.935141+00:00	sanctoral
7e90f90a-6250-587d-ad6a-cc8a466f1991	361	Agnes (Infra octavas)		f2aa370f-fe32-5793-bf4d-911cfbf3621b			2026-04-27T09:21:04.935141+00:00	sanctoral
0eb3e508-af05-50f4-906a-1b331ed9ad9d	362	Agnes (Octava)		f2aa370f-fe32-5793-bf4d-911cfbf3621b			2026-04-27T09:21:04.935141+00:00	sanctoral
9e8b8f02-391e-596d-bb6b-2cba8d7a8254	363	Agnes (Translatio)		f2aa370f-fe32-5793-bf4d-911cfbf3621b			2026-04-27T09:21:04.935141+00:00	sanctoral
52796023-b6dd-534e-8c13-4055e9d70d3c	364	Agoardus		f2aa370f-fe32-5793-bf4d-911cfbf3621b			2026-04-27T09:21:04.935141+00:00	sanctoral
9e588000-b35a-57a5-b665-dfd84bc4735c	365	Agratus		f2aa370f-fe32-5793-bf4d-911cfbf3621b			2026-04-27T09:21:04.935141+00:00	sanctoral
0b0f4d69-8545-5fab-84c8-576fe72b788c	366	Agricius		f2aa370f-fe32-5793-bf4d-911cfbf3621b			2026-04-27T09:21:04.935141+00:00	sanctoral
c144a9e4-bb38-5c69-98cd-3e5666f1efbf	367	Agricola		f2aa370f-fe32-5793-bf4d-911cfbf3621b			2026-04-27T09:21:04.935141+00:00	sanctoral
cd48a340-a121-5b96-b858-32bf140cfba1	368	Agricola (Translatio)		f2aa370f-fe32-5793-bf4d-911cfbf3621b			2026-04-27T09:21:04.935141+00:00	sanctoral
4feb8d06-5b8a-5732-b55e-b42ce13fc96f	369	Agricola Avenionensis		f2aa370f-fe32-5793-bf4d-911cfbf3621b			2026-04-27T09:21:04.935141+00:00	sanctoral
51333a86-ead6-552b-a58c-ba0642f211db	370	Agricola Nivernesis		f2aa370f-fe32-5793-bf4d-911cfbf3621b			2026-04-27T09:21:04.935141+00:00	sanctoral
ee8ceef8-bc86-5436-af9d-393c32f99173	371	Agrippanus		f2aa370f-fe32-5793-bf4d-911cfbf3621b			2026-04-27T09:21:04.935141+00:00	sanctoral
f0a74212-c950-5b9c-a9ec-55a3079bc32d	372	Agrippanus (Translatio)		f2aa370f-fe32-5793-bf4d-911cfbf3621b			2026-04-27T09:21:04.935141+00:00	sanctoral
5213bdd6-eee8-52fb-9a55-58be2cb146db	373	Agrippina		f2aa370f-fe32-5793-bf4d-911cfbf3621b			2026-04-27T09:21:04.935141+00:00	sanctoral
7c89da9b-e99e-5819-b00c-4c948a708368	374	Agritius		f2aa370f-fe32-5793-bf4d-911cfbf3621b			2026-04-27T09:21:04.935141+00:00	sanctoral
237d8bd4-d2dc-5dc2-bcd3-414c97ce8270	375	Aichardus Claraevallensis		f2aa370f-fe32-5793-bf4d-911cfbf3621b			2026-04-27T09:21:04.935141+00:00	sanctoral
719d7823-bc4d-56c8-8cab-86d510b7fe45	376	Aidanus		f2aa370f-fe32-5793-bf4d-911cfbf3621b			2026-04-27T09:21:04.935141+00:00	sanctoral
cbc4a451-960a-5835-89b1-db2601dd9d04	377	Aigulphus		f2aa370f-fe32-5793-bf4d-911cfbf3621b			2026-04-27T09:21:04.935141+00:00	sanctoral
9e8d2f49-80c4-57b8-99bf-c0bd9f19ae9e	378	Albana		f2aa370f-fe32-5793-bf4d-911cfbf3621b			2026-04-27T09:21:04.935141+00:00	sanctoral
16dc71c7-2da4-59c0-b538-e73869bccf09	379	Albanus		f2aa370f-fe32-5793-bf4d-911cfbf3621b			2026-04-27T09:21:04.935141+00:00	sanctoral
b8af3798-05db-5b47-a038-b6e1c8c17533	380	Albanus Anglicus		f2aa370f-fe32-5793-bf4d-911cfbf3621b			2026-04-27T09:21:04.935141+00:00	sanctoral
08abf80c-e487-51fa-8b01-f9540417c437	381	Albanus Moguntinensis		f2aa370f-fe32-5793-bf4d-911cfbf3621b			2026-04-27T09:21:04.935141+00:00	sanctoral
64013fba-548c-549d-b260-7618da984072	382	Albertus		f2aa370f-fe32-5793-bf4d-911cfbf3621b			2026-04-27T09:21:04.935141+00:00	sanctoral
320f638b-a0ec-5b0a-b561-200292d9e6d7	383	Albertus confessor		f2aa370f-fe32-5793-bf4d-911cfbf3621b			2026-04-27T09:21:04.935141+00:00	sanctoral
1358fc8a-642f-594b-abe6-25d72ffad2b0	384	Albertus episcopus		f2aa370f-fe32-5793-bf4d-911cfbf3621b			2026-04-27T09:21:04.935141+00:00	sanctoral
66fe8454-5d11-51f9-90e9-0eabaca0d204	385	Albinus		f2aa370f-fe32-5793-bf4d-911cfbf3621b			2026-04-27T09:21:04.935141+00:00	sanctoral
404469a7-2e41-5079-abd9-1d0855f4cb21	386	Albinus Andegavensis		f2aa370f-fe32-5793-bf4d-911cfbf3621b			2026-04-27T09:21:04.935141+00:00	sanctoral
2d6c9c26-fcaa-51ce-bd74-f7f81f7e8477	387	Albinus martyr		f2aa370f-fe32-5793-bf4d-911cfbf3621b			2026-04-27T09:21:04.935141+00:00	sanctoral
ee4870a8-ed28-5587-9e70-5eb1ac03d95f	388	Albuinus		f2aa370f-fe32-5793-bf4d-911cfbf3621b			2026-04-27T09:21:04.935141+00:00	sanctoral
bd97bb9e-f229-51a3-bd3c-72af495fa942	389	Albuinus (Octava)		f2aa370f-fe32-5793-bf4d-911cfbf3621b			2026-04-27T09:21:04.935141+00:00	sanctoral
611a3216-a66c-58fe-8133-6247fea7683b	390	Albuinus (Translatio)		f2aa370f-fe32-5793-bf4d-911cfbf3621b			2026-04-27T09:21:04.935141+00:00	sanctoral
bac042f5-49af-53da-ae2c-656be11fece1	391	Alda		f2aa370f-fe32-5793-bf4d-911cfbf3621b			2026-04-27T09:21:04.935141+00:00	sanctoral
d0b2863e-684f-591d-993c-52021b6614b4	392	Aldegundis		f2aa370f-fe32-5793-bf4d-911cfbf3621b			2026-04-27T09:21:04.935141+00:00	sanctoral
b93382e0-3102-5e94-8bc2-25f57def529b	393	Aldhelmus		f2aa370f-fe32-5793-bf4d-911cfbf3621b			2026-04-27T09:21:04.935141+00:00	sanctoral
e0680cd5-8921-5b98-a218-ecf258b32adc	394	Aldricus		f2aa370f-fe32-5793-bf4d-911cfbf3621b			2026-04-27T09:21:04.935141+00:00	sanctoral
d7d27656-389b-512b-9a4d-81ca16eebec0	395	Alexander		f2aa370f-fe32-5793-bf4d-911cfbf3621b			2026-04-27T09:21:04.935141+00:00	sanctoral
8bf3c054-d15e-54d3-888c-c32cec3fc346	396	Alexander (Vigilia)		f2aa370f-fe32-5793-bf4d-911cfbf3621b			2026-04-27T09:21:04.935141+00:00	sanctoral
1625dbe8-061b-5a38-91c3-d862310b5f51	397	Alexander Alexandriensis		f2aa370f-fe32-5793-bf4d-911cfbf3621b			2026-04-27T09:21:04.935141+00:00	sanctoral
e4e0885c-87e0-5dcd-bb4a-8c876071d3d2	398	Alexander Bergomensis		f2aa370f-fe32-5793-bf4d-911cfbf3621b			2026-04-27T09:21:04.935141+00:00	sanctoral
46369cb5-d869-5d76-81ea-f85d7f13b3e5	399	Alexander Cappadocensis		f2aa370f-fe32-5793-bf4d-911cfbf3621b			2026-04-27T09:21:04.935141+00:00	sanctoral
2ac65c89-2c83-5e80-9edc-21936b68df07	400	Alexander martyr		f2aa370f-fe32-5793-bf4d-911cfbf3621b			2026-04-27T09:21:04.935141+00:00	sanctoral
38eae30b-c438-55f7-9130-ef7e64479e34	401	Alexander papa		f2aa370f-fe32-5793-bf4d-911cfbf3621b			2026-04-27T09:21:04.935141+00:00	sanctoral
ed4bce2b-05b4-5a8f-8e2c-866af631722a	402	Alexander papa (Inventio)		f2aa370f-fe32-5793-bf4d-911cfbf3621b			2026-04-27T09:21:04.935141+00:00	sanctoral
c244e901-b27a-5402-a2fa-9ff54636df23	403	Alexander Romanus		f2aa370f-fe32-5793-bf4d-911cfbf3621b			2026-04-27T09:21:04.935141+00:00	sanctoral
7cbded89-a6f1-5f1a-b39f-98771f42d4e6	404	Alexander Trevirensis		f2aa370f-fe32-5793-bf4d-911cfbf3621b			2026-04-27T09:21:04.935141+00:00	sanctoral
1ebf7e0b-c86e-5bb5-bee6-22a9d1be0aa9	405	Almachius		f2aa370f-fe32-5793-bf4d-911cfbf3621b			2026-04-27T09:21:04.935141+00:00	sanctoral
f77a1866-2826-57d6-a5e1-3938bb988f57	406	Almarus		f2aa370f-fe32-5793-bf4d-911cfbf3621b			2026-04-27T09:21:04.935141+00:00	sanctoral
6264fbf6-f79d-5168-80d1-f217474dfa2d	407	Almirus		f2aa370f-fe32-5793-bf4d-911cfbf3621b			2026-04-27T09:21:04.935141+00:00	sanctoral
6bbd0a99-8e43-512d-8222-c46267ac0205	408	Alnobertus		f2aa370f-fe32-5793-bf4d-911cfbf3621b			2026-04-27T09:21:04.935141+00:00	sanctoral
7ac86bd7-cb84-577a-a229-0001cf32c5b5	409	Alodia		f2aa370f-fe32-5793-bf4d-911cfbf3621b			2026-04-27T09:21:04.935141+00:00	sanctoral
758f6853-81ea-50b2-9fdf-b479b056a881	410	Alodius		f2aa370f-fe32-5793-bf4d-911cfbf3621b			2026-04-27T09:21:04.935141+00:00	sanctoral
dd8038f3-9214-5df6-b9dc-5afa66fdfeec	411	Aloisius		f2aa370f-fe32-5793-bf4d-911cfbf3621b			2026-04-27T09:21:04.935141+00:00	sanctoral
e40561bc-d826-5e82-8b4e-339458727149	412	Alorius		f2aa370f-fe32-5793-bf4d-911cfbf3621b			2026-04-27T09:21:04.935141+00:00	sanctoral
7b7bbc78-6006-516a-985a-44e2b16fc8bb	413	Alpinianus		f2aa370f-fe32-5793-bf4d-911cfbf3621b			2026-04-27T09:21:04.935141+00:00	sanctoral
94167ebc-1a3b-56bf-9ed0-2e0cb252888a	414	Alpinus (Translatio)		f2aa370f-fe32-5793-bf4d-911cfbf3621b			2026-04-27T09:21:04.935141+00:00	sanctoral
6d6d4045-be8e-5a50-a820-470148dbcf83	415	Alpinus Catalaunensis		f2aa370f-fe32-5793-bf4d-911cfbf3621b			2026-04-27T09:21:04.935141+00:00	sanctoral
5ff7c9c4-67ec-5a50-a901-362963655207	416	Alpinus Catalaunensis (Octava)		f2aa370f-fe32-5793-bf4d-911cfbf3621b			2026-04-27T09:21:04.935141+00:00	sanctoral
e474d3e0-a231-5f4d-86c4-d4617ec7b0b5	417	Alpinus Lugdunensis		f2aa370f-fe32-5793-bf4d-911cfbf3621b			2026-04-27T09:21:04.935141+00:00	sanctoral
774c4063-1274-5867-8155-7bd29e075ed9	418	Alto		f2aa370f-fe32-5793-bf4d-911cfbf3621b			2026-04-27T09:21:04.935141+00:00	sanctoral
ed1c5e0e-749c-57d7-8f08-536b6b76ad11	419	Alveus		f2aa370f-fe32-5793-bf4d-911cfbf3621b			2026-04-27T09:21:04.935141+00:00	sanctoral
c02dcd2f-10d6-5626-8dc2-a73f611c4f9c	420	Amabilis Claromontensis		f2aa370f-fe32-5793-bf4d-911cfbf3621b			2026-04-27T09:21:04.935141+00:00	sanctoral
7fb66fdd-4187-5108-af0a-b6787cd69966	421	Amandinus		f2aa370f-fe32-5793-bf4d-911cfbf3621b			2026-04-27T09:21:04.935141+00:00	sanctoral
5ed38cf9-7ab5-57d2-a57d-a21dd3e24f4f	422	Amandus		f2aa370f-fe32-5793-bf4d-911cfbf3621b			2026-04-27T09:21:04.935141+00:00	sanctoral
ad44ebeb-5c73-51cf-ac44-13021e5ec2a3	423	Amandus Burdigalensis		f2aa370f-fe32-5793-bf4d-911cfbf3621b			2026-04-27T09:21:04.935141+00:00	sanctoral
42ffa6b3-8012-5620-87ec-4d94eac9a542	424	Amandus eremita		f2aa370f-fe32-5793-bf4d-911cfbf3621b			2026-04-27T09:21:04.935141+00:00	sanctoral
22d58443-e57d-54d0-a1ee-720d69130fa0	425	Amandus Traiectensis		f2aa370f-fe32-5793-bf4d-911cfbf3621b			2026-04-27T09:21:04.935141+00:00	sanctoral
c124b3bd-a63e-5643-a722-26e21ab63f8c	426	Amandus Traiectensis (Elevatio ossium)		f2aa370f-fe32-5793-bf4d-911cfbf3621b			2026-04-27T09:21:04.935141+00:00	sanctoral
08daf0b3-7888-5601-80aa-a81af51d8664	427	Amandus Traiectensis (Translatio)		f2aa370f-fe32-5793-bf4d-911cfbf3621b			2026-04-27T09:21:04.935141+00:00	sanctoral
424b0fbc-07ca-5959-904b-06b80d2dd8b4	428	Amandus Wormatensis		f2aa370f-fe32-5793-bf4d-911cfbf3621b			2026-04-27T09:21:04.935141+00:00	sanctoral
be02f3a8-26a3-56ed-a01a-ba21df79cdeb	429	Amantius		f2aa370f-fe32-5793-bf4d-911cfbf3621b			2026-04-27T09:21:04.935141+00:00	sanctoral
8248f1fd-6caa-5fc3-8fea-ef7671378ec6	430	Amaranthus martyr		f2aa370f-fe32-5793-bf4d-911cfbf3621b			2026-04-27T09:21:04.935141+00:00	sanctoral
e6056235-c06f-5251-88d7-f927502ff17f	431	Amarinus		f2aa370f-fe32-5793-bf4d-911cfbf3621b			2026-04-27T09:21:04.935141+00:00	sanctoral
6a81c46c-6ddf-5566-9521-7cef015e8fcf	432	Amator (Exceptio)		f2aa370f-fe32-5793-bf4d-911cfbf3621b			2026-04-27T09:21:04.935141+00:00	sanctoral
071420bf-186e-5058-b2ae-50244bf1acee	433	Amator Eduensis		f2aa370f-fe32-5793-bf4d-911cfbf3621b			2026-04-27T09:21:04.935141+00:00	sanctoral
9187861e-02d5-5daa-8ce3-03d2fcd35452	434	Amatus		f2aa370f-fe32-5793-bf4d-911cfbf3621b			2026-04-27T09:21:04.935141+00:00	sanctoral
c6258464-6962-589a-8a2c-ce6438c6c0a5	435	Amatus abbas		f2aa370f-fe32-5793-bf4d-911cfbf3621b			2026-04-27T09:21:04.935141+00:00	sanctoral
761e8557-a17c-5142-b8bb-b019c838c13a	436	Amatus episcopus		f2aa370f-fe32-5793-bf4d-911cfbf3621b			2026-04-27T09:21:04.935141+00:00	sanctoral
09754ee6-59b0-5b9e-b7bd-a664e2760849	437	Ambrosius		f2aa370f-fe32-5793-bf4d-911cfbf3621b			2026-04-27T09:21:04.935141+00:00	sanctoral
b1642d04-a542-5a59-87cc-8fe9b7bbc0e1	438	Ambrosius (Baptismus)		f2aa370f-fe32-5793-bf4d-911cfbf3621b			2026-04-27T09:21:04.935141+00:00	sanctoral
3e05c15d-58ce-51d4-9ff4-dfa601f91450	439	Ambrosius (Octava)		f2aa370f-fe32-5793-bf4d-911cfbf3621b			2026-04-27T09:21:04.935141+00:00	sanctoral
fe9ca6ef-314c-541e-b918-0b3cdba0cfd7	440	Ambrosius (Ordinatio Vigilia)		f2aa370f-fe32-5793-bf4d-911cfbf3621b			2026-04-27T09:21:04.935141+00:00	sanctoral
e1c51c3c-894a-5ac9-8db1-109d3ec980e0	441	Ambrosius (Ordinatio)		f2aa370f-fe32-5793-bf4d-911cfbf3621b			2026-04-27T09:21:04.935141+00:00	sanctoral
2bab56cf-968d-58a0-aed5-e6b68d0b39d5	442	Ambrosius (Translatio)		f2aa370f-fe32-5793-bf4d-911cfbf3621b			2026-04-27T09:21:04.935141+00:00	sanctoral
0bc0afe7-7ceb-552d-8ccd-afb095e8fd30	443	Ambrosius Cadurcensis		f2aa370f-fe32-5793-bf4d-911cfbf3621b			2026-04-27T09:21:04.935141+00:00	sanctoral
bd322be1-5420-52e7-b915-f9133e0c8116	444	Ambrosius Senonensis		f2aa370f-fe32-5793-bf4d-911cfbf3621b			2026-04-27T09:21:04.935141+00:00	sanctoral
ed245e20-2425-5492-bfe1-f0c0f5b0480a	445	Amelberga		f2aa370f-fe32-5793-bf4d-911cfbf3621b			2026-04-27T09:21:04.935141+00:00	sanctoral
90bcb9ec-221e-512a-92ec-8d199f57c5d3	446	Ammon		f2aa370f-fe32-5793-bf4d-911cfbf3621b			2026-04-27T09:21:04.935141+00:00	sanctoral
155eb2cb-2ef1-57f8-8b9b-a33975571a37	447	Amo		f2aa370f-fe32-5793-bf4d-911cfbf3621b			2026-04-27T09:21:04.935141+00:00	sanctoral
3907877d-74d9-54ba-b598-ce8961358536	448	Amor		f2aa370f-fe32-5793-bf4d-911cfbf3621b			2026-04-27T09:21:04.935141+00:00	sanctoral
e4677896-8783-5db0-889c-29c662f81e79	449	Ampelius		f2aa370f-fe32-5793-bf4d-911cfbf3621b			2026-04-27T09:21:04.935141+00:00	sanctoral
662203be-6b81-5389-a0c7-772518802089	450	Anacletus		f2aa370f-fe32-5793-bf4d-911cfbf3621b			2026-04-27T09:21:04.935141+00:00	sanctoral
31f61f8d-481a-5f98-a133-79591060a405	451	Ananias		f2aa370f-fe32-5793-bf4d-911cfbf3621b			2026-04-27T09:21:04.935141+00:00	sanctoral
2a8289cf-e71c-58cb-b3d3-5a258ef8a42f	452	Anastasia		f2aa370f-fe32-5793-bf4d-911cfbf3621b			2026-04-27T09:21:04.935141+00:00	sanctoral
858b9ac5-0105-538c-9af9-ecaca943d32e	453	Anastasia maior (Translatio)		f2aa370f-fe32-5793-bf4d-911cfbf3621b			2026-04-27T09:21:04.935141+00:00	sanctoral
61028148-c76c-5ac4-8e73-007f1dd70d76	454	Anastasia Trevirensis		f2aa370f-fe32-5793-bf4d-911cfbf3621b			2026-04-27T09:21:04.935141+00:00	sanctoral
ffbd718d-d20e-5386-8dcd-ceec8e0efa79	455	Anastasius		f2aa370f-fe32-5793-bf4d-911cfbf3621b			2026-04-27T09:21:04.935141+00:00	sanctoral
ab432d4a-d715-5aee-94da-a824b8fb9447	456	Anastasius Magundat		f2aa370f-fe32-5793-bf4d-911cfbf3621b			2026-04-27T09:21:04.935141+00:00	sanctoral
a88e7d2b-0ec9-550d-88fd-334d43ccc2fe	457	Anastasius martyr Cordubae		f2aa370f-fe32-5793-bf4d-911cfbf3621b			2026-04-27T09:21:04.935141+00:00	sanctoral
aca94fe7-8ba5-5321-8ad4-c2604f569c98	458	Anastasius papa		f2aa370f-fe32-5793-bf4d-911cfbf3621b			2026-04-27T09:21:04.935141+00:00	sanctoral
313a70b7-1b30-5c19-89db-ce7cfb37456a	459	Anatholia		f2aa370f-fe32-5793-bf4d-911cfbf3621b			2026-04-27T09:21:04.935141+00:00	sanctoral
4f655999-2297-5342-9901-c71261bf3bcc	460	Anatolius		f2aa370f-fe32-5793-bf4d-911cfbf3621b			2026-04-27T09:21:04.935141+00:00	sanctoral
6535c916-5787-52e9-9f0a-45e1b247a894	461	Andeolus		f2aa370f-fe32-5793-bf4d-911cfbf3621b			2026-04-27T09:21:04.935141+00:00	sanctoral
b6d1367c-109e-5ce7-a449-1b518c0fce4d	462	Andeolus (Translatio)		f2aa370f-fe32-5793-bf4d-911cfbf3621b			2026-04-27T09:21:04.935141+00:00	sanctoral
0db5d9ba-3120-54e8-8c74-edc283cc3c2d	463	Andochius		f2aa370f-fe32-5793-bf4d-911cfbf3621b			2026-04-27T09:21:04.935141+00:00	sanctoral
2a047081-1f0b-5c90-80c5-13a963303c32	464	Andoenus		f2aa370f-fe32-5793-bf4d-911cfbf3621b			2026-04-27T09:21:04.935141+00:00	sanctoral
1c300c42-c494-5813-91bf-351f2ce84357	465	Andreas apostolus (Infra octavas)		f2aa370f-fe32-5793-bf4d-911cfbf3621b			2026-04-27T09:21:04.935141+00:00	sanctoral
a4428b5f-4e83-5b3c-b226-530d25f2bed8	466	Andreas apostolus (Miraculum)		f2aa370f-fe32-5793-bf4d-911cfbf3621b			2026-04-27T09:21:04.935141+00:00	sanctoral
ff6163e8-605b-5125-9cfd-cf010a3acd07	467	Andreas apostolus (Octava)		f2aa370f-fe32-5793-bf4d-911cfbf3621b			2026-04-27T09:21:04.935141+00:00	sanctoral
d52b9be3-d613-51d7-81a6-291dbd1d2df4	468	Andreas apostolus (Translatio)		f2aa370f-fe32-5793-bf4d-911cfbf3621b			2026-04-27T09:21:04.935141+00:00	sanctoral
d41d55af-2772-576d-b4a7-c9a09adf5fc9	469	Andreas apostolus (Vigilia)		f2aa370f-fe32-5793-bf4d-911cfbf3621b			2026-04-27T09:21:04.935141+00:00	sanctoral
ca05ea82-a1ce-52fc-8ae3-8e7e31d9a873	470	Andreas eremita		f2aa370f-fe32-5793-bf4d-911cfbf3621b			2026-04-27T09:21:04.935141+00:00	sanctoral
d1081ce2-c34f-5d88-a3e1-32d3a2e36eb2	471	Andronicus		f2aa370f-fe32-5793-bf4d-911cfbf3621b			2026-04-27T09:21:04.935141+00:00	sanctoral
3f87c6e2-80d4-55c6-9dd9-e3792f1a4bbb	472	Angadresima		f2aa370f-fe32-5793-bf4d-911cfbf3621b			2026-04-27T09:21:04.935141+00:00	sanctoral
9f07af9d-c11f-58da-a439-92c7993d138f	473	Angelus martyr		f2aa370f-fe32-5793-bf4d-911cfbf3621b			2026-04-27T09:21:04.935141+00:00	sanctoral
d573124f-4333-53f7-921e-03cae5ef4d5a	474	Angulus		f2aa370f-fe32-5793-bf4d-911cfbf3621b			2026-04-27T09:21:04.935141+00:00	sanctoral
f589f813-14a1-559b-9fbe-f59bf16549ed	475	Anianus		f2aa370f-fe32-5793-bf4d-911cfbf3621b			2026-04-27T09:21:04.935141+00:00	sanctoral
58a5d81c-bade-50e8-9ff7-df1b5eee8760	476	Anianus (Octava)		f2aa370f-fe32-5793-bf4d-911cfbf3621b			2026-04-27T09:21:04.935141+00:00	sanctoral
047843a7-7131-537f-a5a3-ac182ef37eae	477	Anianus (Translatio)		f2aa370f-fe32-5793-bf4d-911cfbf3621b			2026-04-27T09:21:04.935141+00:00	sanctoral
beca8f6f-2c1b-50a5-84bd-c581167fb742	478	Anicetus		f2aa370f-fe32-5793-bf4d-911cfbf3621b			2026-04-27T09:21:04.935141+00:00	sanctoral
ae13fa9b-18fe-564b-9d9c-0087403dbb64	479	Anitus		f2aa370f-fe32-5793-bf4d-911cfbf3621b			2026-04-27T09:21:04.935141+00:00	sanctoral
372d8d9f-070b-5997-961c-a1ef1e132aa8	480	Anna (Octava)		f2aa370f-fe32-5793-bf4d-911cfbf3621b			2026-04-27T09:21:04.935141+00:00	sanctoral
fb244555-fc02-5834-bbe6-93ef2f7d603a	481	Anna (Translatio capitis)		f2aa370f-fe32-5793-bf4d-911cfbf3621b			2026-04-27T09:21:04.935141+00:00	sanctoral
390993ac-ff2c-555f-9de1-9f8c045ae7ad	482	Anna (Translatio)		f2aa370f-fe32-5793-bf4d-911cfbf3621b			2026-04-27T09:21:04.935141+00:00	sanctoral
4e5c8f42-28a3-5939-9545-1f3fec25582f	483	Anna Samuelis		f2aa370f-fe32-5793-bf4d-911cfbf3621b			2026-04-27T09:21:04.935141+00:00	sanctoral
df47df17-dd98-5b68-954b-6a9ff3784ed5	484	Anniversarium benefactorum et familiarium ordinis defunctorum		f2aa370f-fe32-5793-bf4d-911cfbf3621b			2026-04-27T09:21:04.935141+00:00	sanctoral
990ce0c5-c263-5633-8e38-62dd0670b72a	485	Anniversarium familiarium et benefactorum ordinis nostri		f2aa370f-fe32-5793-bf4d-911cfbf3621b			2026-04-27T09:21:04.935141+00:00	sanctoral
ea463e1d-08b3-5984-a4ae-0d23af245d6e	486	Anniversarium fratrum defunctorum		f2aa370f-fe32-5793-bf4d-911cfbf3621b			2026-04-27T09:21:04.935141+00:00	sanctoral
fd1e16c7-1b42-5c2e-aadb-c893813e595b	487	Anniversarium fratrum et sororum		f2aa370f-fe32-5793-bf4d-911cfbf3621b			2026-04-27T09:21:04.935141+00:00	sanctoral
d41a7477-4e79-52a0-b6bf-e9900eb6cfee	488	Anniversarium omnium sepultorum		f2aa370f-fe32-5793-bf4d-911cfbf3621b			2026-04-27T09:21:04.935141+00:00	sanctoral
662885f7-7986-5eb8-a9f8-de90639401a6	489	Anniversarium parentum et fratrum defunctorum		f2aa370f-fe32-5793-bf4d-911cfbf3621b			2026-04-27T09:21:04.935141+00:00	sanctoral
b8b90ff1-0cfd-52a3-9bef-9a20fc5d9f77	490	Anniversarium patrum et matrum		f2aa370f-fe32-5793-bf4d-911cfbf3621b			2026-04-27T09:21:04.935141+00:00	sanctoral
7e9eaa17-19ac-5ee0-b27d-f80ed19e170d	491	Anniversarium Philippi regis		f2aa370f-fe32-5793-bf4d-911cfbf3621b			2026-04-27T09:21:04.935141+00:00	sanctoral
f9e931d9-7291-510f-b75d-618b940ee2b7	492	Anno		f2aa370f-fe32-5793-bf4d-911cfbf3621b			2026-04-27T09:21:04.935141+00:00	sanctoral
474dfdb9-4b8a-5eff-a30f-65195fda3aea	493	Annuntiatio BMV		f2aa370f-fe32-5793-bf4d-911cfbf3621b			2026-04-27T09:21:04.935141+00:00	sanctoral
db53483c-5935-5ce6-bab2-905dea272f0d	494	Annuntiatio BMV (Infra octavas)		f2aa370f-fe32-5793-bf4d-911cfbf3621b			2026-04-27T09:21:04.935141+00:00	sanctoral
d6bf1ed4-e459-5754-be48-1117cdae5d28	495	Annuntiatio BMV (Octava)		f2aa370f-fe32-5793-bf4d-911cfbf3621b			2026-04-27T09:21:04.935141+00:00	sanctoral
d13dcb9a-b759-5e5e-a68a-cefab8b58c26	496	Annuntiatio BMV (Vigilia)		f2aa370f-fe32-5793-bf4d-911cfbf3621b			2026-04-27T09:21:04.935141+00:00	sanctoral
ac520b0c-0d8f-5508-ae54-59d24366f5bd	497	Ansaricus		f2aa370f-fe32-5793-bf4d-911cfbf3621b			2026-04-27T09:21:04.935141+00:00	sanctoral
b36ba792-fd65-5bfd-a900-58b25483c64d	498	Ansbertus		f2aa370f-fe32-5793-bf4d-911cfbf3621b			2026-04-27T09:21:04.935141+00:00	sanctoral
5d547bb1-7d04-53c1-8c3d-993ebcd45896	499	Anselmus		f2aa370f-fe32-5793-bf4d-911cfbf3621b			2026-04-27T09:21:04.935141+00:00	sanctoral
5427e8e6-67c0-5203-8006-b316a69904a4	500	Ansgarius (Octava)		f2aa370f-fe32-5793-bf4d-911cfbf3621b			2026-04-27T09:21:04.935141+00:00	sanctoral
07770f26-bddc-5be6-b9c6-c2b7a57ea9d1	501	Anstrudis		f2aa370f-fe32-5793-bf4d-911cfbf3621b			2026-04-27T09:21:04.935141+00:00	sanctoral
ab34b399-23a9-5814-9068-cc60825eb8a0	502	Ansuerus		f2aa370f-fe32-5793-bf4d-911cfbf3621b			2026-04-27T09:21:04.935141+00:00	sanctoral
1a496305-18c7-5ede-9c24-3bf6e4fee13f	503	Ansuerus (Octava)		f2aa370f-fe32-5793-bf4d-911cfbf3621b			2026-04-27T09:21:04.935141+00:00	sanctoral
1b3eb9e5-bf33-512f-b35c-537b7bbf3000	504	Antia		f2aa370f-fe32-5793-bf4d-911cfbf3621b			2026-04-27T09:21:04.935141+00:00	sanctoral
fd380da7-2028-5bb3-aae2-461cb469ee97	505	Antidius		f2aa370f-fe32-5793-bf4d-911cfbf3621b			2026-04-27T09:21:04.935141+00:00	sanctoral
17903896-1d8d-5a17-82eb-90858679f70e	506	Antimanus		f2aa370f-fe32-5793-bf4d-911cfbf3621b			2026-04-27T09:21:04.935141+00:00	sanctoral
7e8f8ced-6921-5c36-83de-9640b91a2059	507	Antimus		f2aa370f-fe32-5793-bf4d-911cfbf3621b			2026-04-27T09:21:04.935141+00:00	sanctoral
4b15d245-ef2d-59b7-9f8a-b7f72a6c77a4	508	Antinarus		f2aa370f-fe32-5793-bf4d-911cfbf3621b			2026-04-27T09:21:04.935141+00:00	sanctoral
69fb5da6-6e64-5978-8538-3f6354ad4ec7	509	Antiochus Lugdunensis		f2aa370f-fe32-5793-bf4d-911cfbf3621b			2026-04-27T09:21:04.935141+00:00	sanctoral
4ef21d11-561c-5845-91f7-1a09e6835bc2	510	Antoninus		f2aa370f-fe32-5793-bf4d-911cfbf3621b			2026-04-27T09:21:04.935141+00:00	sanctoral
02c029b9-42f9-5eb5-9817-6d9088c370d2	511	Antoninus (Infra octavas)		f2aa370f-fe32-5793-bf4d-911cfbf3621b			2026-04-27T09:21:04.935141+00:00	sanctoral
2aa8e58d-100b-51dd-9302-852f1eb978eb	512	Antoninus (Octava)		f2aa370f-fe32-5793-bf4d-911cfbf3621b			2026-04-27T09:21:04.935141+00:00	sanctoral
8746bc78-3235-5e2e-9100-847028b6d6b2	513	Antoninus (Translatio)		f2aa370f-fe32-5793-bf4d-911cfbf3621b			2026-04-27T09:21:04.935141+00:00	sanctoral
d18d32b8-013b-52f7-a0c5-6504f735fdff	514	Antoninus Massiliensis		f2aa370f-fe32-5793-bf4d-911cfbf3621b			2026-04-27T09:21:04.935141+00:00	sanctoral
ddc349ca-3655-59dd-97d2-46f9c76013a2	515	Antonius		f2aa370f-fe32-5793-bf4d-911cfbf3621b			2026-04-27T09:21:04.935141+00:00	sanctoral
6347b537-00a2-575d-94b8-63dc4f1f9882	516	Antonius abbas (Octava)		f2aa370f-fe32-5793-bf4d-911cfbf3621b			2026-04-27T09:21:04.935141+00:00	sanctoral
a996943e-27c4-59d0-9330-4ff8e2b02cf6	517	Antonius abbas (Translatio)		f2aa370f-fe32-5793-bf4d-911cfbf3621b			2026-04-27T09:21:04.935141+00:00	sanctoral
667969b1-d9e1-5661-81f3-f2eafb1c34ca	518	Antonius confessor (Octava)		f2aa370f-fe32-5793-bf4d-911cfbf3621b			2026-04-27T09:21:04.935141+00:00	sanctoral
502b5a38-8b9a-5f38-9590-66b94320c83e	519	Antonius confessor (Translatio)		f2aa370f-fe32-5793-bf4d-911cfbf3621b			2026-04-27T09:21:04.935141+00:00	sanctoral
ce3468d3-654e-59c8-8287-c6dae4b685a6	520	Antonius Lerinensis		f2aa370f-fe32-5793-bf4d-911cfbf3621b			2026-04-27T09:21:04.935141+00:00	sanctoral
2a60fe4f-8126-580b-b7ad-54dcef698f6c	521	Antonius Meldensis		f2aa370f-fe32-5793-bf4d-911cfbf3621b			2026-04-27T09:21:04.935141+00:00	sanctoral
5f28848b-12bb-58a4-a2da-11f4b15cc2e4	522	Aper		f2aa370f-fe32-5793-bf4d-911cfbf3621b			2026-04-27T09:21:04.935141+00:00	sanctoral
1c0bd654-d47f-5f8b-ac6d-57775dabceb5	523	Aper Gratianopolitanus		f2aa370f-fe32-5793-bf4d-911cfbf3621b			2026-04-27T09:21:04.935141+00:00	sanctoral
4a79472e-9601-5aeb-986a-92e7b025bb58	524	Aphrodisius		f2aa370f-fe32-5793-bf4d-911cfbf3621b			2026-04-27T09:21:04.935141+00:00	sanctoral
ff2a72dd-360b-5171-8611-db4ab822d7d1	525	Apollinaris		f2aa370f-fe32-5793-bf4d-911cfbf3621b			2026-04-27T09:21:04.935141+00:00	sanctoral
1d6f6275-5f5b-5d9c-b4b5-2dd9da6e7178	526	Apollinaris Bituricensis		f2aa370f-fe32-5793-bf4d-911cfbf3621b			2026-04-27T09:21:04.935141+00:00	sanctoral
6dafe6e6-c396-5cb9-b827-134e1c0c0290	527	Apollinaris Ravennensis		f2aa370f-fe32-5793-bf4d-911cfbf3621b			2026-04-27T09:21:04.935141+00:00	sanctoral
62e2dd84-fdd4-558f-a421-30b7f1b7087b	528	Apollinaris Remensis		f2aa370f-fe32-5793-bf4d-911cfbf3621b			2026-04-27T09:21:04.935141+00:00	sanctoral
39b7fa0d-ceb6-5a02-8813-51ba493e9cc4	529	Apollinaris Valentinensis		f2aa370f-fe32-5793-bf4d-911cfbf3621b			2026-04-27T09:21:04.935141+00:00	sanctoral
6b37204d-2afd-5b69-b5a5-7bf526281fbc	530	Apollinaris Valentinensis (Infra octavas)		f2aa370f-fe32-5793-bf4d-911cfbf3621b			2026-04-27T09:21:04.935141+00:00	sanctoral
1b1e68a9-45d6-5633-b2d2-7558ddbd10a7	531	Apollinaris Valentinensis (Octava)		f2aa370f-fe32-5793-bf4d-911cfbf3621b			2026-04-27T09:21:04.935141+00:00	sanctoral
8c3dc90f-25e2-5052-a192-0a717a1600c0	532	Apollinaris Valentinensis (Ordinatio)		f2aa370f-fe32-5793-bf4d-911cfbf3621b			2026-04-27T09:21:04.935141+00:00	sanctoral
7de02a58-d123-58bb-a7c6-f9c92551ed99	533	Apollinaris Valentinensis (Translatio)		f2aa370f-fe32-5793-bf4d-911cfbf3621b			2026-04-27T09:21:04.935141+00:00	sanctoral
327ee04e-af6a-5dbf-89dc-5ce731680a75	534	Apollinarius Valentinensis (Infra octavas)		f2aa370f-fe32-5793-bf4d-911cfbf3621b			2026-04-27T09:21:04.935141+00:00	sanctoral
d1611587-724e-5220-9622-dab055eec44f	535	Apollonius		f2aa370f-fe32-5793-bf4d-911cfbf3621b			2026-04-27T09:21:04.935141+00:00	sanctoral
f51b92fc-d0cc-5ec8-bcaa-22e265eb0e95	536	Apollonius philosophus		f2aa370f-fe32-5793-bf4d-911cfbf3621b			2026-04-27T09:21:04.935141+00:00	sanctoral
28e8f4ad-b09a-5149-a155-58892b8a5a4a	537	Apothemius		f2aa370f-fe32-5793-bf4d-911cfbf3621b			2026-04-27T09:21:04.935141+00:00	sanctoral
b1bc6da4-0fd6-5f8b-9dc4-e8bf70d3a899	538	Apparitio Iesu Christi		f2aa370f-fe32-5793-bf4d-911cfbf3621b			2026-04-27T09:21:04.935141+00:00	sanctoral
b13aed59-2cd4-508f-b5b4-d2f8f692d299	539	Apparitio Michaelis		f2aa370f-fe32-5793-bf4d-911cfbf3621b			2026-04-27T09:21:04.935141+00:00	sanctoral
5671a233-b3c9-53f3-80bf-161b7fbbd0fa	540	Apparitio Michaelis (Octava)		f2aa370f-fe32-5793-bf4d-911cfbf3621b			2026-04-27T09:21:04.935141+00:00	sanctoral
ac33ca4c-8e37-5b09-9d1c-a6ebbaec39ee	541	Apparitio sanctae Crucis		f2aa370f-fe32-5793-bf4d-911cfbf3621b			2026-04-27T09:21:04.935141+00:00	sanctoral
59c5da47-d0a5-5924-b21a-1994c0d95905	542	Aptonius		f2aa370f-fe32-5793-bf4d-911cfbf3621b			2026-04-27T09:21:04.935141+00:00	sanctoral
a396942e-f930-5d21-b21c-aa6023afc219	543	Apuleius		f2aa370f-fe32-5793-bf4d-911cfbf3621b			2026-04-27T09:21:04.935141+00:00	sanctoral
870cb6fb-0306-5a84-9ebe-4a447612348e	544	Aquila		f2aa370f-fe32-5793-bf4d-911cfbf3621b			2026-04-27T09:21:04.935141+00:00	sanctoral
334a7deb-630c-5e1e-8fb3-a9366ac1b487	545	Aquilinus		f2aa370f-fe32-5793-bf4d-911cfbf3621b			2026-04-27T09:21:04.935141+00:00	sanctoral
3d87efff-25bd-52cd-a149-c73e16bf96a2	546	Aquilinus (Translatio)		f2aa370f-fe32-5793-bf4d-911cfbf3621b			2026-04-27T09:21:04.935141+00:00	sanctoral
298b182d-3c4d-5d36-aedf-154110653390	547	Aquilinus Ebroicensis		f2aa370f-fe32-5793-bf4d-911cfbf3621b			2026-04-27T09:21:04.935141+00:00	sanctoral
ee0bbea6-d256-53a5-b6c6-12527fcec2a4	548	Arator		f2aa370f-fe32-5793-bf4d-911cfbf3621b			2026-04-27T09:21:04.935141+00:00	sanctoral
e01c6062-eddb-57eb-b919-07961a4b4630	549	Arbogastus		f2aa370f-fe32-5793-bf4d-911cfbf3621b			2026-04-27T09:21:04.935141+00:00	sanctoral
7018b5d8-5a28-5bf8-8faa-db7d0df402ab	550	Arcadius episcopus		f2aa370f-fe32-5793-bf4d-911cfbf3621b			2026-04-27T09:21:04.935141+00:00	sanctoral
58f8cc01-44f7-5490-99ae-102dcafb949a	551	Arcadius mart		f2aa370f-fe32-5793-bf4d-911cfbf3621b			2026-04-27T09:21:04.935141+00:00	sanctoral
5a97781b-81b6-54b9-831f-ab9f2e7e5942	552	Archelais		f2aa370f-fe32-5793-bf4d-911cfbf3621b			2026-04-27T09:21:04.935141+00:00	sanctoral
bc6f6cce-cb47-5f21-af4c-16725da01fd5	553	Archimimus		f2aa370f-fe32-5793-bf4d-911cfbf3621b			2026-04-27T09:21:04.935141+00:00	sanctoral
cd153971-03d9-5a6a-b5be-dbed3c62cbdf	554	Archippus		f2aa370f-fe32-5793-bf4d-911cfbf3621b			2026-04-27T09:21:04.935141+00:00	sanctoral
a717a66b-c919-5c24-aebf-93fce59465a1	555	Arcletus		f2aa370f-fe32-5793-bf4d-911cfbf3621b			2026-04-27T09:21:04.935141+00:00	sanctoral
9919d94b-1fd5-5f16-b9be-1547816959f1	556	Arconcius		f2aa370f-fe32-5793-bf4d-911cfbf3621b			2026-04-27T09:21:04.935141+00:00	sanctoral
1e6cefe6-0e9b-5723-8f7d-88d77f27f522	557	Aredius Lemovicinus		f2aa370f-fe32-5793-bf4d-911cfbf3621b			2026-04-27T09:21:04.935141+00:00	sanctoral
4ce659b6-2c1e-557a-ac9b-c6128cece5bf	558	Arianus		f2aa370f-fe32-5793-bf4d-911cfbf3621b			2026-04-27T09:21:04.935141+00:00	sanctoral
2b11ca20-ff81-56de-932d-f109588c80dc	559	Arigius		f2aa370f-fe32-5793-bf4d-911cfbf3621b			2026-04-27T09:21:04.935141+00:00	sanctoral
36954a32-8e5b-501d-a370-eec870ad9ef5	560	Arimalis		f2aa370f-fe32-5793-bf4d-911cfbf3621b			2026-04-27T09:21:04.935141+00:00	sanctoral
ecaa8de2-4910-59dd-b904-9ba0e089d251	561	Aristarchus		f2aa370f-fe32-5793-bf4d-911cfbf3621b			2026-04-27T09:21:04.935141+00:00	sanctoral
feeb396c-22e5-5de0-b6c6-7105ca37401a	562	Aristion		f2aa370f-fe32-5793-bf4d-911cfbf3621b			2026-04-27T09:21:04.935141+00:00	sanctoral
4b321f7a-fca5-548f-b1a7-4ae069036ae4	563	Armagillus		f2aa370f-fe32-5793-bf4d-911cfbf3621b			2026-04-27T09:21:04.935141+00:00	sanctoral
d388ee87-1912-5525-b545-ecf888a344c2	564	Armogastus		f2aa370f-fe32-5793-bf4d-911cfbf3621b			2026-04-27T09:21:04.935141+00:00	sanctoral
a321c0fe-7c76-5b67-aedb-3bd6519306c8	565	Arnaldus		f2aa370f-fe32-5793-bf4d-911cfbf3621b			2026-04-27T09:21:04.935141+00:00	sanctoral
150b89fd-ef35-50e4-97fe-4f45a1a5d426	566	Arnulphus		f2aa370f-fe32-5793-bf4d-911cfbf3621b			2026-04-27T09:21:04.935141+00:00	sanctoral
f7b9d9be-e638-55a5-91d8-bd99cf7bf806	567	Arnulphus Suessionensis		f2aa370f-fe32-5793-bf4d-911cfbf3621b			2026-04-27T09:21:04.935141+00:00	sanctoral
33d8ab12-dc80-57c1-aa06-3c55cca6f432	568	Arnulphus Tullensis		f2aa370f-fe32-5793-bf4d-911cfbf3621b			2026-04-27T09:21:04.935141+00:00	sanctoral
1d7cf291-bca1-52c5-9b65-4f874d5aa716	569	Arnulphus Vapicensis		f2aa370f-fe32-5793-bf4d-911cfbf3621b			2026-04-27T09:21:04.935141+00:00	sanctoral
ca726386-de02-57ee-b397-bddd6d1e0736	570	Arsacius		f2aa370f-fe32-5793-bf4d-911cfbf3621b			2026-04-27T09:21:04.935141+00:00	sanctoral
571fd14a-ade1-5134-b615-2310b7ac10c7	571	Arsacius (Translatio)		f2aa370f-fe32-5793-bf4d-911cfbf3621b			2026-04-27T09:21:04.935141+00:00	sanctoral
3c154b08-e504-5b3a-b3b5-b59655b5dd2f	572	Arsenius		f2aa370f-fe32-5793-bf4d-911cfbf3621b			2026-04-27T09:21:04.935141+00:00	sanctoral
691cbc2e-9777-5887-a0f6-6435df1e4fea	573	Artemius		f2aa370f-fe32-5793-bf4d-911cfbf3621b			2026-04-27T09:21:04.935141+00:00	sanctoral
6d5c327c-b394-541f-8dae-267f21d075f0	574	Artemius (Translatio)		f2aa370f-fe32-5793-bf4d-911cfbf3621b			2026-04-27T09:21:04.935141+00:00	sanctoral
8896e3bd-4e1e-5fd2-a1d7-57340cb22dc9	575	Artemius Claromontensis		f2aa370f-fe32-5793-bf4d-911cfbf3621b			2026-04-27T09:21:04.935141+00:00	sanctoral
0300c9c1-b6c1-5cf1-823d-8c031ffaac82	576	Artemius martyr		f2aa370f-fe32-5793-bf4d-911cfbf3621b			2026-04-27T09:21:04.935141+00:00	sanctoral
7d24c611-9b83-5a57-af77-65c1a1605b0a	577	Ascensio Domini (Vigilia)		f2aa370f-fe32-5793-bf4d-911cfbf3621b			2026-04-27T09:21:04.935141+00:00	sanctoral
0795e80e-4e27-56b2-be22-796bef93914e	578	Asidisius		f2aa370f-fe32-5793-bf4d-911cfbf3621b			2026-04-27T09:21:04.935141+00:00	sanctoral
6caf3c89-c83d-518e-8060-24b67e6b4c2c	579	Assumptio BMV (Dominica infra octavas)		f2aa370f-fe32-5793-bf4d-911cfbf3621b			2026-04-27T09:21:04.935141+00:00	sanctoral
fa018a32-9356-55b4-84bf-d0c76e45da77	580	Assumptio BMV (Infra octavas)		f2aa370f-fe32-5793-bf4d-911cfbf3621b			2026-04-27T09:21:04.935141+00:00	sanctoral
e868e47e-3585-526b-851a-ee1085e4990c	581	Assumptio BMV (Octava)		f2aa370f-fe32-5793-bf4d-911cfbf3621b			2026-04-27T09:21:04.935141+00:00	sanctoral
f25d4de3-065e-58fc-bfed-a5073aae014a	582	Assumptio BMV (Vigilia)		f2aa370f-fe32-5793-bf4d-911cfbf3621b			2026-04-27T09:21:04.935141+00:00	sanctoral
44b86072-2b1e-5798-93ba-beb3e0b0c38c	583	Asterius		f2aa370f-fe32-5793-bf4d-911cfbf3621b			2026-04-27T09:21:04.935141+00:00	sanctoral
a1e52855-87c0-5b05-874f-805ce342cd73	584	Athanasius		f2aa370f-fe32-5793-bf4d-911cfbf3621b			2026-04-27T09:21:04.935141+00:00	sanctoral
3ef87e64-399d-58d1-9bb9-3a1a9ffabab2	585	Attala		f2aa370f-fe32-5793-bf4d-911cfbf3621b			2026-04-27T09:21:04.935141+00:00	sanctoral
933a2e47-efdf-5c1d-9f0d-1ce5bc569c7d	586	Attalus		f2aa370f-fe32-5793-bf4d-911cfbf3621b			2026-04-27T09:21:04.935141+00:00	sanctoral
4f5effdf-2aa5-569f-81ed-ef1c2be04546	587	Attiagius		f2aa370f-fe32-5793-bf4d-911cfbf3621b			2026-04-27T09:21:04.935141+00:00	sanctoral
8217cd99-9c1b-53b0-af69-e2af1757a957	588	Attila Zamorensis		f2aa370f-fe32-5793-bf4d-911cfbf3621b			2026-04-27T09:21:04.935141+00:00	sanctoral
5dd4d8b3-9c03-53ef-abae-8cccd7147f11	589	Aubertus		f2aa370f-fe32-5793-bf4d-911cfbf3621b			2026-04-27T09:21:04.935141+00:00	sanctoral
a4c06c5c-2bb3-50ea-94db-90f27fc49f59	590	Aubertus Abrincensis		f2aa370f-fe32-5793-bf4d-911cfbf3621b			2026-04-27T09:21:04.935141+00:00	sanctoral
36dea568-e5df-54a1-ac0c-bb5af4916827	591	Aubertus Cameracensis		f2aa370f-fe32-5793-bf4d-911cfbf3621b			2026-04-27T09:21:04.935141+00:00	sanctoral
8f077e6d-0da0-5c4f-a6ba-11eac83bce7b	592	Aubertus Cameracensis (Translatio)		f2aa370f-fe32-5793-bf4d-911cfbf3621b			2026-04-27T09:21:04.935141+00:00	sanctoral
ecb43ac5-bf4c-5602-b5a6-bf66a92cf124	593	Auctor		f2aa370f-fe32-5793-bf4d-911cfbf3621b			2026-04-27T09:21:04.935141+00:00	sanctoral
2417af78-99e6-5d61-90d2-0fb479461096	594	Audentius		f2aa370f-fe32-5793-bf4d-911cfbf3621b			2026-04-27T09:21:04.935141+00:00	sanctoral
77f71f88-d01d-5dc4-94a3-b83fd8b47804	595	Audifax		f2aa370f-fe32-5793-bf4d-911cfbf3621b			2026-04-27T09:21:04.935141+00:00	sanctoral
e558a155-9ad3-5970-b4d3-deac68ac7d01	596	Audoenus		f2aa370f-fe32-5793-bf4d-911cfbf3621b			2026-04-27T09:21:04.935141+00:00	sanctoral
2840ea18-b36c-5e93-a487-1af7bbc18635	597	Audoenus (Octava)		f2aa370f-fe32-5793-bf4d-911cfbf3621b			2026-04-27T09:21:04.935141+00:00	sanctoral
7b6af54b-e91f-5e8c-984f-bf89ce37532a	598	Audoenus (Translatio)		f2aa370f-fe32-5793-bf4d-911cfbf3621b			2026-04-27T09:21:04.935141+00:00	sanctoral
2fa3b41e-828c-546d-a8e7-574ab4567d22	599	Audomarus		f2aa370f-fe32-5793-bf4d-911cfbf3621b			2026-04-27T09:21:04.935141+00:00	sanctoral
15212ae4-17e9-5294-92e9-854cf3c26451	600	Audomarus (Translatio)		f2aa370f-fe32-5793-bf4d-911cfbf3621b			2026-04-27T09:21:04.935141+00:00	sanctoral
db7eee37-0e28-5c7d-9439-9d0f4f4c23e2	601	Augulius		f2aa370f-fe32-5793-bf4d-911cfbf3621b			2026-04-27T09:21:04.935141+00:00	sanctoral
0aad3863-22d6-5c7f-8b70-a62d6f40ffd4	602	Augurius		f2aa370f-fe32-5793-bf4d-911cfbf3621b			2026-04-27T09:21:04.935141+00:00	sanctoral
24d06ba8-bbcb-5072-b612-4aa1b5618744	603	Augurius (Octava)		f2aa370f-fe32-5793-bf4d-911cfbf3621b			2026-04-27T09:21:04.935141+00:00	sanctoral
6ccc5b67-e61b-582f-868b-9237b312d9b8	604	Augustinus		f2aa370f-fe32-5793-bf4d-911cfbf3621b			2026-04-27T09:21:04.935141+00:00	sanctoral
4cb121a2-e0c0-5ad5-8a69-491ac527633a	605	Augustinus Cantuariensis		f2aa370f-fe32-5793-bf4d-911cfbf3621b			2026-04-27T09:21:04.935141+00:00	sanctoral
ad0a3e7d-f659-5cdb-8d26-b7769bebcc0d	606	Augustinus Hipponensis		f2aa370f-fe32-5793-bf4d-911cfbf3621b			2026-04-27T09:21:04.935141+00:00	sanctoral
7607f58d-742d-538d-aeae-e128c71ab5c8	607	Augustinus Hipponensis (Conversio)		f2aa370f-fe32-5793-bf4d-911cfbf3621b			2026-04-27T09:21:04.935141+00:00	sanctoral
a3358813-fd74-5787-bcbe-5c3e53cffa8b	608	Augustinus Hipponensis (Dominica infra octavas)		f2aa370f-fe32-5793-bf4d-911cfbf3621b			2026-04-27T09:21:04.935141+00:00	sanctoral
56a5d798-cc71-59e5-8029-d2f1093fb75c	609	Augustinus Hipponensis (Infra octavas)		f2aa370f-fe32-5793-bf4d-911cfbf3621b			2026-04-27T09:21:04.935141+00:00	sanctoral
d60b24c2-ff1b-5bc4-bbf3-b39988144ca7	610	Augustinus Hipponensis (Octava)		f2aa370f-fe32-5793-bf4d-911cfbf3621b			2026-04-27T09:21:04.935141+00:00	sanctoral
d280c13f-f7a4-5cdb-9bf2-4d02b7f6356b	611	Augustinus Hipponensis (Translatio)		f2aa370f-fe32-5793-bf4d-911cfbf3621b			2026-04-27T09:21:04.935141+00:00	sanctoral
a8700613-e69f-52ac-9e3e-72449748856b	612	Aulus		f2aa370f-fe32-5793-bf4d-911cfbf3621b			2026-04-27T09:21:04.935141+00:00	sanctoral
1050fd77-d098-58cf-96f3-6fa93d69bbcf	613	Aulus (Translatio)		f2aa370f-fe32-5793-bf4d-911cfbf3621b			2026-04-27T09:21:04.935141+00:00	sanctoral
d2a9a42e-52a7-5e57-b136-7df438a3159d	614	Aunarius		f2aa370f-fe32-5793-bf4d-911cfbf3621b			2026-04-27T09:21:04.935141+00:00	sanctoral
2601edac-c2f1-58b1-ac13-68323727b553	615	Aunemundus		f2aa370f-fe32-5793-bf4d-911cfbf3621b			2026-04-27T09:21:04.935141+00:00	sanctoral
43b469c5-5cb6-5e60-b7fc-7d731efac48b	616	Aurea		f2aa370f-fe32-5793-bf4d-911cfbf3621b			2026-04-27T09:21:04.935141+00:00	sanctoral
558f7e9e-1387-5326-a9d8-40260633c4c3	617	Aurelia		f2aa370f-fe32-5793-bf4d-911cfbf3621b			2026-04-27T09:21:04.935141+00:00	sanctoral
43c92ba0-edd8-5a99-a8c7-8dabcafc880c	618	Aurelianus Arelatensis		f2aa370f-fe32-5793-bf4d-911cfbf3621b			2026-04-27T09:21:04.935141+00:00	sanctoral
4a20efde-e2c1-5409-a945-9dfd4fea5aa4	619	Aurelianus Lemovicensis		f2aa370f-fe32-5793-bf4d-911cfbf3621b			2026-04-27T09:21:04.935141+00:00	sanctoral
915b6211-36b2-58f1-841a-4086d52b10b3	620	Aurelius		f2aa370f-fe32-5793-bf4d-911cfbf3621b			2026-04-27T09:21:04.935141+00:00	sanctoral
237a055c-a691-5714-9855-3bc6c7cd99ac	621	Aurelius martyr Cordubae		f2aa370f-fe32-5793-bf4d-911cfbf3621b			2026-04-27T09:21:04.935141+00:00	sanctoral
30af6fe2-f919-52a6-b8d1-7412c7a548d6	622	Aureus		f2aa370f-fe32-5793-bf4d-911cfbf3621b			2026-04-27T09:21:04.935141+00:00	sanctoral
0a54cca0-3735-5c85-bdb6-e9f38cdadcfc	623	Ausonius		f2aa370f-fe32-5793-bf4d-911cfbf3621b			2026-04-27T09:21:04.935141+00:00	sanctoral
d8c57feb-eaf4-5b01-ba50-893033f9cd7b	624	Ausonius (Translatio)		f2aa370f-fe32-5793-bf4d-911cfbf3621b			2026-04-27T09:21:04.935141+00:00	sanctoral
17d75559-467f-5411-8424-0f24493f4245	625	Auspitius Trevirensis		f2aa370f-fe32-5793-bf4d-911cfbf3621b			2026-04-27T09:21:04.935141+00:00	sanctoral
d308d42b-b57b-57ae-9012-604ced73c6bb	626	Austindus Auxitanus		f2aa370f-fe32-5793-bf4d-911cfbf3621b			2026-04-27T09:21:04.935141+00:00	sanctoral
ba30b18a-b1ef-578e-b8b2-551682c2083c	627	Austreberta		f2aa370f-fe32-5793-bf4d-911cfbf3621b			2026-04-27T09:21:04.935141+00:00	sanctoral
f72b7297-448c-5914-bbd9-bbc9b01e12b8	628	Austregisilus		f2aa370f-fe32-5793-bf4d-911cfbf3621b			2026-04-27T09:21:04.935141+00:00	sanctoral
f3c902f1-ebe3-5e78-b609-4ff3836a3cd5	629	Austregisilus (Octava)		f2aa370f-fe32-5793-bf4d-911cfbf3621b			2026-04-27T09:21:04.935141+00:00	sanctoral
27187dce-42fd-5dea-a41a-f9ae90df329f	630	Austremonius		f2aa370f-fe32-5793-bf4d-911cfbf3621b			2026-04-27T09:21:04.935141+00:00	sanctoral
1ab9cc76-5400-577a-aaa4-c3834b152f5d	631	Austremonius (Octava)		f2aa370f-fe32-5793-bf4d-911cfbf3621b			2026-04-27T09:21:04.935141+00:00	sanctoral
8ea48fc3-a166-5e79-9b77-2393c5d0385a	632	Austriclianus		f2aa370f-fe32-5793-bf4d-911cfbf3621b			2026-04-27T09:21:04.935141+00:00	sanctoral
5c0a2188-0d5d-5a89-bd86-3ef369819a90	633	Austroberta		f2aa370f-fe32-5793-bf4d-911cfbf3621b			2026-04-27T09:21:04.935141+00:00	sanctoral
189109b2-aae6-5ff6-acaf-f278f548934e	634	Austrobertus		f2aa370f-fe32-5793-bf4d-911cfbf3621b			2026-04-27T09:21:04.935141+00:00	sanctoral
1297ffde-e534-532a-86d0-a7c8b7044e40	635	Auxanus		f2aa370f-fe32-5793-bf4d-911cfbf3621b			2026-04-27T09:21:04.935141+00:00	sanctoral
a84cc47d-659c-59ba-bc75-f89362650d63	636	Aventinus		f2aa370f-fe32-5793-bf4d-911cfbf3621b			2026-04-27T09:21:04.935141+00:00	sanctoral
bab80080-cf89-5d3a-8992-1824ba56c08f	637	Avertinus		f2aa370f-fe32-5793-bf4d-911cfbf3621b			2026-04-27T09:21:04.935141+00:00	sanctoral
608368da-523b-553a-8742-479482a5b9da	638	Avia		f2aa370f-fe32-5793-bf4d-911cfbf3621b			2026-04-27T09:21:04.935141+00:00	sanctoral
2546ed9b-2eed-5084-80fa-e448948586ba	639	Avitus		f2aa370f-fe32-5793-bf4d-911cfbf3621b			2026-04-27T09:21:04.935141+00:00	sanctoral
33cdc594-eda7-52d2-894c-95ff0e65cb09	640	Azarias		f2aa370f-fe32-5793-bf4d-911cfbf3621b			2026-04-27T09:21:04.935141+00:00	sanctoral
7cf7b4fe-c1fe-503d-882a-8d8075ad151d	641	Babylas et 3 pueri		f2aa370f-fe32-5793-bf4d-911cfbf3621b			2026-04-27T09:21:04.935141+00:00	sanctoral
91304507-b29b-5da5-b11b-48c8dff99209	642	Bacchus		f2aa370f-fe32-5793-bf4d-911cfbf3621b			2026-04-27T09:21:04.935141+00:00	sanctoral
d1783085-fb98-5c60-a940-d0e7b35662b2	643	Badulphus		f2aa370f-fe32-5793-bf4d-911cfbf3621b			2026-04-27T09:21:04.935141+00:00	sanctoral
cdcf5df4-dc37-5a54-8bab-b6d2f164bf6f	644	Badulphus (Octava)		f2aa370f-fe32-5793-bf4d-911cfbf3621b			2026-04-27T09:21:04.935141+00:00	sanctoral
65e19a08-b82c-55c7-890e-aa6294609fca	645	Balbina		f2aa370f-fe32-5793-bf4d-911cfbf3621b			2026-04-27T09:21:04.935141+00:00	sanctoral
3c2dae4e-2f1c-54a8-b480-0bfeec29e7e0	646	Baldomerus		f2aa370f-fe32-5793-bf4d-911cfbf3621b			2026-04-27T09:21:04.935141+00:00	sanctoral
a113d611-3d8d-586e-8c77-002157c2b79e	647	Balsemius		f2aa370f-fe32-5793-bf4d-911cfbf3621b			2026-04-27T09:21:04.935141+00:00	sanctoral
9e6ff2f5-e0ed-57ce-a760-b435ae00238a	648	Bandaridus		f2aa370f-fe32-5793-bf4d-911cfbf3621b			2026-04-27T09:21:04.935141+00:00	sanctoral
c073d98a-562a-5841-97c4-ccc619d7af7d	649	Bantus		f2aa370f-fe32-5793-bf4d-911cfbf3621b			2026-04-27T09:21:04.935141+00:00	sanctoral
e622e9f6-cd57-5a62-9d51-50d40f1bb722	650	Baomadus		f2aa370f-fe32-5793-bf4d-911cfbf3621b			2026-04-27T09:21:04.935141+00:00	sanctoral
7795e039-7d40-5fbe-ad04-adfdbb11cf48	651	Baomirus		f2aa370f-fe32-5793-bf4d-911cfbf3621b			2026-04-27T09:21:04.935141+00:00	sanctoral
51a21c79-6174-5d19-a355-9fcf9237fbb0	652	Barbara (Octava)		f2aa370f-fe32-5793-bf4d-911cfbf3621b			2026-04-27T09:21:04.935141+00:00	sanctoral
bdd9de6e-9a31-5521-aeda-b8408ef7d977	653	Barbara (Translatio)		f2aa370f-fe32-5793-bf4d-911cfbf3621b			2026-04-27T09:21:04.935141+00:00	sanctoral
1353ecd7-75c2-5c0d-b854-7b64720309f6	654	Barbatus		f2aa370f-fe32-5793-bf4d-911cfbf3621b			2026-04-27T09:21:04.935141+00:00	sanctoral
1e4981e2-8bdc-5615-bd9a-ec104aa3d4ed	655	Barlaam		f2aa370f-fe32-5793-bf4d-911cfbf3621b			2026-04-27T09:21:04.935141+00:00	sanctoral
a59ac866-b90d-5132-8660-8a8acdbf68d9	656	Barnabas		f2aa370f-fe32-5793-bf4d-911cfbf3621b			2026-04-27T09:21:04.935141+00:00	sanctoral
a635c169-b505-577b-9174-7166d467244b	657	Barnabas (Octava)		f2aa370f-fe32-5793-bf4d-911cfbf3621b			2026-04-27T09:21:04.935141+00:00	sanctoral
c00e27b4-0ddc-5c13-bba9-0b4bb57d0dc0	658	Barnabas (Vigilia)		f2aa370f-fe32-5793-bf4d-911cfbf3621b			2026-04-27T09:21:04.935141+00:00	sanctoral
3765d514-3eb4-5fc0-8eb8-3eb013bec173	659	Bartholomaeus		f2aa370f-fe32-5793-bf4d-911cfbf3621b			2026-04-27T09:21:04.935141+00:00	sanctoral
4bce2983-bde8-5eea-935e-fee2f0c84eef	660	Bartholomaeus (Infra octavas)		f2aa370f-fe32-5793-bf4d-911cfbf3621b			2026-04-27T09:21:04.935141+00:00	sanctoral
f5bac7ff-9ac5-5de9-bc5a-351906de24c4	661	Bartholomaeus (Octava)		f2aa370f-fe32-5793-bf4d-911cfbf3621b			2026-04-27T09:21:04.935141+00:00	sanctoral
63d8e436-4ca5-5793-9d7b-a6ae9eb364ec	662	Bartholomaeus (Translatio)		f2aa370f-fe32-5793-bf4d-911cfbf3621b			2026-04-27T09:21:04.935141+00:00	sanctoral
c24cfb77-1283-55bd-9984-2b5eb884663c	663	Bartholomaeus (Vigilia)		f2aa370f-fe32-5793-bf4d-911cfbf3621b			2026-04-27T09:21:04.935141+00:00	sanctoral
86b44b8f-8b2e-5149-8b3f-cb32d090b2b9	664	Basileus		f2aa370f-fe32-5793-bf4d-911cfbf3621b			2026-04-27T09:21:04.935141+00:00	sanctoral
712e1ff2-51e9-5227-8e81-6be9d301525b	665	Basilia		f2aa370f-fe32-5793-bf4d-911cfbf3621b			2026-04-27T09:21:04.935141+00:00	sanctoral
85781345-bbc2-59da-9c81-0ad1664d5334	666	Basilides		f2aa370f-fe32-5793-bf4d-911cfbf3621b			2026-04-27T09:21:04.935141+00:00	sanctoral
c35568bc-7250-5d85-b2a7-76ecb2dd2350	667	Basilissa		f2aa370f-fe32-5793-bf4d-911cfbf3621b			2026-04-27T09:21:04.935141+00:00	sanctoral
74cd05c7-ad94-548b-a297-13a4f152a2b3	668	Basilissa (Octava)		f2aa370f-fe32-5793-bf4d-911cfbf3621b			2026-04-27T09:21:04.935141+00:00	sanctoral
9a585179-587a-5fa2-9af8-c9a94c6b454d	669	Basilius		f2aa370f-fe32-5793-bf4d-911cfbf3621b			2026-04-27T09:21:04.935141+00:00	sanctoral
9f390068-a7e5-5d69-8690-ec009543dccc	670	Basilius (depositio)		f2aa370f-fe32-5793-bf4d-911cfbf3621b			2026-04-27T09:21:04.935141+00:00	sanctoral
1d40ce9f-7779-5e1f-8155-593634002f13	671	Basilius (Octava)		f2aa370f-fe32-5793-bf4d-911cfbf3621b			2026-04-27T09:21:04.935141+00:00	sanctoral
15d0aace-7206-56d1-9f10-5cd2eacbba46	672	Basilla		f2aa370f-fe32-5793-bf4d-911cfbf3621b			2026-04-27T09:21:04.935141+00:00	sanctoral
9bff6fcb-7969-598c-82a2-3173c1423ed6	673	Basinus		f2aa370f-fe32-5793-bf4d-911cfbf3621b			2026-04-27T09:21:04.935141+00:00	sanctoral
5bda7fa1-5d32-5b33-8d93-ffc04d31af74	674	Basolus		f2aa370f-fe32-5793-bf4d-911cfbf3621b			2026-04-27T09:21:04.935141+00:00	sanctoral
a0b5546c-cd46-5a94-a4c0-f14711741d18	675	Bassianus		f2aa370f-fe32-5793-bf4d-911cfbf3621b			2026-04-27T09:21:04.935141+00:00	sanctoral
2c060cca-d5d8-5241-82b3-8e0d39159916	676	Bathilda		f2aa370f-fe32-5793-bf4d-911cfbf3621b			2026-04-27T09:21:04.935141+00:00	sanctoral
4bce9dc3-86ea-5cab-b1d3-428553202663	677	Batho		f2aa370f-fe32-5793-bf4d-911cfbf3621b			2026-04-27T09:21:04.935141+00:00	sanctoral
264a394e-6ad8-5aa5-a806-33a374384d19	678	Baudelius		f2aa370f-fe32-5793-bf4d-911cfbf3621b			2026-04-27T09:21:04.935141+00:00	sanctoral
2e628147-c822-5267-816a-28fb0916d471	679	Baudinus		f2aa370f-fe32-5793-bf4d-911cfbf3621b			2026-04-27T09:21:04.935141+00:00	sanctoral
d22017d7-3165-5882-8619-29fe87b53bd8	680	Baudius		f2aa370f-fe32-5793-bf4d-911cfbf3621b			2026-04-27T09:21:04.935141+00:00	sanctoral
08a94da6-85e7-597b-8248-4f8aac861802	681	Bavo		f2aa370f-fe32-5793-bf4d-911cfbf3621b			2026-04-27T09:21:04.935141+00:00	sanctoral
0ac93085-e4ba-5490-a9fa-de7e2ce6bb66	682	Beatavirgo		f2aa370f-fe32-5793-bf4d-911cfbf3621b			2026-04-27T09:21:04.935141+00:00	sanctoral
899ff4a8-f5d6-52ff-9ce9-3bf24d21b941	683	Beatrix		f2aa370f-fe32-5793-bf4d-911cfbf3621b			2026-04-27T09:21:04.935141+00:00	sanctoral
478f0ffa-53c8-5c4c-af51-363113bf1cdf	684	Beatus		f2aa370f-fe32-5793-bf4d-911cfbf3621b			2026-04-27T09:21:04.935141+00:00	sanctoral
74fbe823-9b9a-5c23-9f79-5ee9f66f566d	685	Beatus Suetonius		f2aa370f-fe32-5793-bf4d-911cfbf3621b			2026-04-27T09:21:04.935141+00:00	sanctoral
000179de-9ec6-511d-96e0-5b909f62cdec	686	Beatus Trevirensis		f2aa370f-fe32-5793-bf4d-911cfbf3621b			2026-04-27T09:21:04.935141+00:00	sanctoral
9d9c543e-2f70-5212-b2a3-d379649b5760	687	Beda		f2aa370f-fe32-5793-bf4d-911cfbf3621b			2026-04-27T09:21:04.935141+00:00	sanctoral
fef878de-7fa5-5480-a56f-e52732f23d36	688	Benedicta		f2aa370f-fe32-5793-bf4d-911cfbf3621b			2026-04-27T09:21:04.935141+00:00	sanctoral
fc6c4812-2c94-5ee0-a8dd-d7dfa427694a	689	Benedictus (Exceptio reliquiarum)		f2aa370f-fe32-5793-bf4d-911cfbf3621b			2026-04-27T09:21:04.935141+00:00	sanctoral
c732c31b-d866-52ea-aff0-b669a50c2eef	690	Benedictus abbas (Translatio Infra Octavas)		f2aa370f-fe32-5793-bf4d-911cfbf3621b			2026-04-27T09:21:04.935141+00:00	sanctoral
3704095d-0025-548c-99fd-84f4b78d8b43	691	Benedictus abbas (Translatio Octava)		f2aa370f-fe32-5793-bf4d-911cfbf3621b			2026-04-27T09:21:04.935141+00:00	sanctoral
b700b7e4-2dbf-5b92-9b1e-b8d6119f1f6f	692	Benedictus abbas (Translatio)		f2aa370f-fe32-5793-bf4d-911cfbf3621b			2026-04-27T09:21:04.935141+00:00	sanctoral
c019f6c6-2a0f-5b23-9444-cddd60d78d50	693	Benedictus abbas (Vigilia)		f2aa370f-fe32-5793-bf4d-911cfbf3621b			2026-04-27T09:21:04.935141+00:00	sanctoral
c897be14-8ad1-510d-b7be-b8c75b7df5f9	694	Benedictus Andegavensis		f2aa370f-fe32-5793-bf4d-911cfbf3621b			2026-04-27T09:21:04.935141+00:00	sanctoral
2f1fb5c3-db74-536e-8296-94ecfc7d38ae	695	Benedictus eremita		f2aa370f-fe32-5793-bf4d-911cfbf3621b			2026-04-27T09:21:04.935141+00:00	sanctoral
43f2de94-4ab2-54a3-872b-587542d788ba	696	Benedictus martyr		f2aa370f-fe32-5793-bf4d-911cfbf3621b			2026-04-27T09:21:04.935141+00:00	sanctoral
8afa3190-ef21-5c3c-9e78-5647e5699008	697	Benedictus martyr (Translatio)		f2aa370f-fe32-5793-bf4d-911cfbf3621b			2026-04-27T09:21:04.935141+00:00	sanctoral
4af6f355-bcf7-516e-8555-146e379bb4c8	698	Benedictus Mediolanensis		f2aa370f-fe32-5793-bf4d-911cfbf3621b			2026-04-27T09:21:04.935141+00:00	sanctoral
d681f13a-4bc9-5c97-b029-e81ab99bb35d	699	Benedictus Pictaviensis		f2aa370f-fe32-5793-bf4d-911cfbf3621b			2026-04-27T09:21:04.935141+00:00	sanctoral
b6ce343e-68df-5ff4-a85c-edf4e9808a9e	700	Benignus		f2aa370f-fe32-5793-bf4d-911cfbf3621b			2026-04-27T09:21:04.935141+00:00	sanctoral
a2a39349-b150-529f-ba52-b4b0f5dad4f5	701	Benignus (Octava)		f2aa370f-fe32-5793-bf4d-911cfbf3621b			2026-04-27T09:21:04.935141+00:00	sanctoral
274500f1-3e09-5cfc-94ea-ac992f37c7b5	702	Benignus (Translatio)		f2aa370f-fe32-5793-bf4d-911cfbf3621b			2026-04-27T09:21:04.935141+00:00	sanctoral
07aa84a1-e2bc-57f7-b43d-e25959261cfe	703	Benignus Hibernicus		f2aa370f-fe32-5793-bf4d-911cfbf3621b			2026-04-27T09:21:04.935141+00:00	sanctoral
7a737c6a-fbc5-587b-87c8-88a7f46c800d	704	Benignus Traiectensis		f2aa370f-fe32-5793-bf4d-911cfbf3621b			2026-04-27T09:21:04.935141+00:00	sanctoral
c5f0c4c2-2266-5cdb-aca2-dd1a8eb581d1	705	Berardus		f2aa370f-fe32-5793-bf4d-911cfbf3621b			2026-04-27T09:21:04.935141+00:00	sanctoral
9a8ce529-4dc7-57eb-ab35-a0ccd308048f	706	Berarius		f2aa370f-fe32-5793-bf4d-911cfbf3621b			2026-04-27T09:21:04.935141+00:00	sanctoral
95a58291-fcbf-55ac-b21d-2065e8969d1c	707	Bercharius abbas		f2aa370f-fe32-5793-bf4d-911cfbf3621b			2026-04-27T09:21:04.935141+00:00	sanctoral
e0888303-10f7-5ac0-b844-e9242cd1734a	708	Berengarius		f2aa370f-fe32-5793-bf4d-911cfbf3621b			2026-04-27T09:21:04.935141+00:00	sanctoral
9dff7536-cba6-5ea4-b329-9d3e80477d44	709	Bernardinus (Octava)		f2aa370f-fe32-5793-bf4d-911cfbf3621b			2026-04-27T09:21:04.935141+00:00	sanctoral
0e596a55-4f75-59d6-8c8a-9217f469a5a7	710	Bernardinus (Translatio)		f2aa370f-fe32-5793-bf4d-911cfbf3621b			2026-04-27T09:21:04.935141+00:00	sanctoral
d8d0dd1c-a883-501f-bb46-933eb598d7f7	711	Bernardus		f2aa370f-fe32-5793-bf4d-911cfbf3621b			2026-04-27T09:21:04.935141+00:00	sanctoral
7f0cd380-4aba-5db2-af24-4f822bc1e21a	712	Bernardus abbas (Octava)		f2aa370f-fe32-5793-bf4d-911cfbf3621b			2026-04-27T09:21:04.935141+00:00	sanctoral
5c1fa54c-1951-5ddb-83be-3ec70fd5c976	713	Bernardus episcopus		f2aa370f-fe32-5793-bf4d-911cfbf3621b			2026-04-27T09:21:04.935141+00:00	sanctoral
f01d0445-d4a3-5a00-b5cd-fc56710dcd16	714	Bernardus episcopus (Translatio)		f2aa370f-fe32-5793-bf4d-911cfbf3621b			2026-04-27T09:21:04.935141+00:00	sanctoral
96d9d498-695a-55fe-bd1d-c9e6804a6f6f	715	Bernardus Viennensis		f2aa370f-fe32-5793-bf4d-911cfbf3621b			2026-04-27T09:21:04.935141+00:00	sanctoral
8f0d702f-29bf-55d0-b7bf-99cd5e8c31d0	716	Beronicus		f2aa370f-fe32-5793-bf4d-911cfbf3621b			2026-04-27T09:21:04.935141+00:00	sanctoral
10d98ca5-c346-5ae8-aabb-e92aee7730d1	717	Bertha		f2aa370f-fe32-5793-bf4d-911cfbf3621b			2026-04-27T09:21:04.935141+00:00	sanctoral
588d4f5d-33ec-5c3c-9bfe-c192909ce182	718	Bertinus abbas		f2aa370f-fe32-5793-bf4d-911cfbf3621b			2026-04-27T09:21:04.935141+00:00	sanctoral
9f4355e9-f266-5df2-b844-ab1f849378b5	719	Bertinus abbas (Translatio)		f2aa370f-fe32-5793-bf4d-911cfbf3621b			2026-04-27T09:21:04.935141+00:00	sanctoral
5104840f-5885-520c-8013-fe57e95d9162	720	Bertrandus		f2aa370f-fe32-5793-bf4d-911cfbf3621b			2026-04-27T09:21:04.935141+00:00	sanctoral
60940adb-fc9c-58e4-a667-45781263223d	721	Bertrandus de Comminges		f2aa370f-fe32-5793-bf4d-911cfbf3621b			2026-04-27T09:21:04.935141+00:00	sanctoral
d1893166-2cb1-5e35-b6fb-077cff7f0c38	722	Bertrandus de Comminges (Revelatio)		f2aa370f-fe32-5793-bf4d-911cfbf3621b			2026-04-27T09:21:04.935141+00:00	sanctoral
7e929d86-3696-5b95-91f8-16630d09db23	723	Bertrandus de Comminges (Translatio)		f2aa370f-fe32-5793-bf4d-911cfbf3621b			2026-04-27T09:21:04.935141+00:00	sanctoral
9c3dfe2e-9cad-5d73-b368-4df017bed28c	724	Bertuinus		f2aa370f-fe32-5793-bf4d-911cfbf3621b			2026-04-27T09:21:04.935141+00:00	sanctoral
25cb4641-5bd1-5f6e-9c09-70fae2704d50	725	Betharius		f2aa370f-fe32-5793-bf4d-911cfbf3621b			2026-04-27T09:21:04.935141+00:00	sanctoral
68e5296e-6f01-5033-996a-3738ee250e82	726	Betto		f2aa370f-fe32-5793-bf4d-911cfbf3621b			2026-04-27T09:21:04.935141+00:00	sanctoral
51b0d917-ec96-574e-924c-e93c59469d46	727	Bibiana		f2aa370f-fe32-5793-bf4d-911cfbf3621b			2026-04-27T09:21:04.935141+00:00	sanctoral
7073c047-886b-50bd-aff6-3af276f0f345	728	Bilhildis		f2aa370f-fe32-5793-bf4d-911cfbf3621b			2026-04-27T09:21:04.935141+00:00	sanctoral
3d5e8511-0859-5844-8461-b67c1f0ecd03	729	Birinus		f2aa370f-fe32-5793-bf4d-911cfbf3621b			2026-04-27T09:21:04.935141+00:00	sanctoral
305521ad-58c1-5d47-9740-d5d1437a6434	730	Blandina		f2aa370f-fe32-5793-bf4d-911cfbf3621b			2026-04-27T09:21:04.935141+00:00	sanctoral
cccdce93-a698-59e9-92da-b33d7294187a	731	Blasius		f2aa370f-fe32-5793-bf4d-911cfbf3621b			2026-04-27T09:21:04.935141+00:00	sanctoral
b1472fd3-0dcc-56e8-873a-43e77b564db3	732	Blasius (Octava)		f2aa370f-fe32-5793-bf4d-911cfbf3621b			2026-04-27T09:21:04.935141+00:00	sanctoral
b49711ba-5348-5b87-b07d-eb0189e92eb4	733	Blasius (Translatio)		f2aa370f-fe32-5793-bf4d-911cfbf3621b			2026-04-27T09:21:04.935141+00:00	sanctoral
da6791ea-aab4-54f6-a87c-ef6dcb99f93f	734	Blidrianus		f2aa370f-fe32-5793-bf4d-911cfbf3621b			2026-04-27T09:21:04.935141+00:00	sanctoral
b23d06ff-8f89-56b9-8ecc-c0ed9f77fba2	735	BMV (Infra octavas)		f2aa370f-fe32-5793-bf4d-911cfbf3621b			2026-04-27T09:21:04.935141+00:00	sanctoral
1cf77549-ab1a-5c6b-b6c8-2fa30b732e7c	736	BMV (Octava)		f2aa370f-fe32-5793-bf4d-911cfbf3621b			2026-04-27T09:21:04.935141+00:00	sanctoral
4ce59e4b-27f5-5a09-92e1-788c371aaa8b	737	Bobolinus		f2aa370f-fe32-5793-bf4d-911cfbf3621b			2026-04-27T09:21:04.935141+00:00	sanctoral
b5bb1526-2b53-56c2-913a-27cc0d95186c	738	Bodon		f2aa370f-fe32-5793-bf4d-911cfbf3621b			2026-04-27T09:21:04.935141+00:00	sanctoral
ea4c2e65-32a0-597a-9cd6-fee302c59ec3	739	Bolonia		f2aa370f-fe32-5793-bf4d-911cfbf3621b			2026-04-27T09:21:04.935141+00:00	sanctoral
23cc08a3-389b-5042-8417-3d06f74143de	740	Bona		f2aa370f-fe32-5793-bf4d-911cfbf3621b			2026-04-27T09:21:04.935141+00:00	sanctoral
e52fed9c-0c95-5823-9317-8336bbadc75e	741	Bonifatius		f2aa370f-fe32-5793-bf4d-911cfbf3621b			2026-04-27T09:21:04.935141+00:00	sanctoral
7d71cb72-d685-57fe-89c7-5447fba22a7f	742	Bonifatius Moguntinensis		f2aa370f-fe32-5793-bf4d-911cfbf3621b			2026-04-27T09:21:04.935141+00:00	sanctoral
3ecb851a-b014-512d-accf-c771a359f5cf	743	Bonifatius papa		f2aa370f-fe32-5793-bf4d-911cfbf3621b			2026-04-27T09:21:04.935141+00:00	sanctoral
2bd802e0-ff4a-5d20-9768-a99ae0edfdbe	744	Bonifatius Tarsensis		f2aa370f-fe32-5793-bf4d-911cfbf3621b			2026-04-27T09:21:04.935141+00:00	sanctoral
8764d80d-65ef-5740-9d29-ba055c8fdbf3	745	Bonitus		f2aa370f-fe32-5793-bf4d-911cfbf3621b			2026-04-27T09:21:04.935141+00:00	sanctoral
c7e76f22-94e3-5db7-a841-cc9582a9dab2	746	Bonitus (Infra octavas)		f2aa370f-fe32-5793-bf4d-911cfbf3621b			2026-04-27T09:21:04.935141+00:00	sanctoral
f840fc70-579a-5e61-bed4-c29a29301873	747	Bonitus (Translatio)		f2aa370f-fe32-5793-bf4d-911cfbf3621b			2026-04-27T09:21:04.935141+00:00	sanctoral
96cff3f6-8f17-5eaf-9e56-70b8f95f77d7	748	Bonosa		f2aa370f-fe32-5793-bf4d-911cfbf3621b			2026-04-27T09:21:04.935141+00:00	sanctoral
ca4c3ec6-9c77-5288-ba8f-9728e7165ee8	749	Bonosa martyr		f2aa370f-fe32-5793-bf4d-911cfbf3621b			2026-04-27T09:21:04.935141+00:00	sanctoral
5564610d-aeeb-59f7-8f89-ecbd5e784405	750	Bonosus		f2aa370f-fe32-5793-bf4d-911cfbf3621b			2026-04-27T09:21:04.935141+00:00	sanctoral
29c5d0a0-e1c3-5966-85bd-f54739e3e1ff	751	Bonus		f2aa370f-fe32-5793-bf4d-911cfbf3621b			2026-04-27T09:21:04.935141+00:00	sanctoral
8c338322-b8ae-5b41-a121-54ad1d4eb6d3	752	Botulphus		f2aa370f-fe32-5793-bf4d-911cfbf3621b			2026-04-27T09:21:04.935141+00:00	sanctoral
6b52891d-7c1a-5292-81a5-299131740f5f	753	Bovus		f2aa370f-fe32-5793-bf4d-911cfbf3621b			2026-04-27T09:21:04.935141+00:00	sanctoral
39cc88b0-268a-5e23-bf22-29ef5d9f8fa8	754	Brandanus		f2aa370f-fe32-5793-bf4d-911cfbf3621b			2026-04-27T09:21:04.935141+00:00	sanctoral
99683a5d-595a-5ff7-a35d-da63db6921c6	755	Braulus		f2aa370f-fe32-5793-bf4d-911cfbf3621b			2026-04-27T09:21:04.935141+00:00	sanctoral
ea64226f-6efe-5a98-996e-e488abfeb975	756	Brictius		f2aa370f-fe32-5793-bf4d-911cfbf3621b			2026-04-27T09:21:04.935141+00:00	sanctoral
a191120b-7150-5342-9b37-1b928fe32d2d	757	Brictius Martulensis		f2aa370f-fe32-5793-bf4d-911cfbf3621b			2026-04-27T09:21:04.935141+00:00	sanctoral
7b972df0-a21c-5c7e-816c-4bd5c944df80	758	Brictius Turonensis		f2aa370f-fe32-5793-bf4d-911cfbf3621b			2026-04-27T09:21:04.935141+00:00	sanctoral
55c383bf-007f-504e-970e-2f8da551aecb	759	Brigitta Suevica		f2aa370f-fe32-5793-bf4d-911cfbf3621b			2026-04-27T09:21:04.935141+00:00	sanctoral
660bbab7-2466-5acb-9769-4ca1646670a5	760	Brigitta Suevica (Octava)		f2aa370f-fe32-5793-bf4d-911cfbf3621b			2026-04-27T09:21:04.935141+00:00	sanctoral
8cbbaa4d-6b9f-5887-bf7e-2c5632ead96d	761	Brigitta Suevica (Translatio)		f2aa370f-fe32-5793-bf4d-911cfbf3621b			2026-04-27T09:21:04.935141+00:00	sanctoral
b3c12e53-9546-5c90-abc9-b1f1a90c3061	762	Brigitta vidua		f2aa370f-fe32-5793-bf4d-911cfbf3621b			2026-04-27T09:21:04.935141+00:00	sanctoral
7d2d559e-1ac7-5ac5-9213-6491670019c5	763	Briocus		f2aa370f-fe32-5793-bf4d-911cfbf3621b			2026-04-27T09:21:04.935141+00:00	sanctoral
551759aa-bfdc-5e8e-899a-139625cd1a57	764	Briocus (Infra octavas)		f2aa370f-fe32-5793-bf4d-911cfbf3621b			2026-04-27T09:21:04.935141+00:00	sanctoral
ec5ec5fd-fdac-5814-beac-b1f738b59e42	765	Briocus (Inventio)		f2aa370f-fe32-5793-bf4d-911cfbf3621b			2026-04-27T09:21:04.935141+00:00	sanctoral
a6fb11de-fbfa-589a-81f4-1acf9719564d	766	Britto		f2aa370f-fe32-5793-bf4d-911cfbf3621b			2026-04-27T09:21:04.935141+00:00	sanctoral
0ac1571f-cb1c-53f3-b9d4-7fbcc9889347	767	Bruno episcopus		f2aa370f-fe32-5793-bf4d-911cfbf3621b			2026-04-27T09:21:04.935141+00:00	sanctoral
dd641bfc-5977-5eec-9bc9-6517601c7266	768	Budocus		f2aa370f-fe32-5793-bf4d-911cfbf3621b			2026-04-27T09:21:04.935141+00:00	sanctoral
8288be4e-9793-58b2-8f68-05b7fcf6a0b6	769	Burchardus		f2aa370f-fe32-5793-bf4d-911cfbf3621b			2026-04-27T09:21:04.935141+00:00	sanctoral
bddaadae-d2de-5d9b-b44d-1e6c9886e6be	770	Burchardus (Elevatio ossium)		f2aa370f-fe32-5793-bf4d-911cfbf3621b			2026-04-27T09:21:04.935141+00:00	sanctoral
9a86c0d2-737e-501d-b293-10b946f32315	771	Caecilia		f2aa370f-fe32-5793-bf4d-911cfbf3621b			2026-04-27T09:21:04.935141+00:00	sanctoral
41ad205b-638a-56a8-940d-0ea9987dfb14	772	Caecilia (Vigilia)		f2aa370f-fe32-5793-bf4d-911cfbf3621b			2026-04-27T09:21:04.935141+00:00	sanctoral
4657534f-8662-5a69-bcd1-e936357932d2	773	Caecilius		f2aa370f-fe32-5793-bf4d-911cfbf3621b			2026-04-27T09:21:04.935141+00:00	sanctoral
dab93d5e-8e4b-5679-8316-a2869e8e32fe	774	Caedda		f2aa370f-fe32-5793-bf4d-911cfbf3621b			2026-04-27T09:21:04.935141+00:00	sanctoral
1bc876a6-eb32-57da-a740-5ebc8449da11	775	Caelestinus I		f2aa370f-fe32-5793-bf4d-911cfbf3621b			2026-04-27T09:21:04.935141+00:00	sanctoral
9c964b87-d968-5e11-ac89-4ada17c7fddd	776	Caelestinus I.		f2aa370f-fe32-5793-bf4d-911cfbf3621b			2026-04-27T09:21:04.935141+00:00	sanctoral
8be1f73a-7070-52bf-bf63-dc08614c97b6	777	Caelestinus V		f2aa370f-fe32-5793-bf4d-911cfbf3621b			2026-04-27T09:21:04.935141+00:00	sanctoral
1d56a4d9-0b56-5021-9cf6-dacc87543e5a	778	Caelestis Metensis		f2aa370f-fe32-5793-bf4d-911cfbf3621b			2026-04-27T09:21:04.935141+00:00	sanctoral
1d0b36e5-c3f0-5658-8320-2b06deb6a304	779	Caerealis		f2aa370f-fe32-5793-bf4d-911cfbf3621b			2026-04-27T09:21:04.935141+00:00	sanctoral
d1ef4764-b9e2-5165-abc6-297a8750e134	780	Caesarius		f2aa370f-fe32-5793-bf4d-911cfbf3621b			2026-04-27T09:21:04.935141+00:00	sanctoral
bb770e92-1dd7-5bc4-b081-a1d520e3c080	781	Caesarius Arelatensis		f2aa370f-fe32-5793-bf4d-911cfbf3621b			2026-04-27T09:21:04.935141+00:00	sanctoral
5d065258-6280-5dc6-88c5-c49cb7f4a77a	782	Caesarius martyr		f2aa370f-fe32-5793-bf4d-911cfbf3621b			2026-04-27T09:21:04.935141+00:00	sanctoral
891508bc-f9ee-50d6-9495-7ec533e6d23c	783	Caius		f2aa370f-fe32-5793-bf4d-911cfbf3621b			2026-04-27T09:21:04.935141+00:00	sanctoral
f2bc2ea9-a6c6-5129-8405-b584e99c20ad	784	Caius papa		f2aa370f-fe32-5793-bf4d-911cfbf3621b			2026-04-27T09:21:04.935141+00:00	sanctoral
b0723480-01f8-563d-a239-34640c7a64af	785	Calepodius		f2aa370f-fe32-5793-bf4d-911cfbf3621b			2026-04-27T09:21:04.935141+00:00	sanctoral
1cc7fce0-c2df-59c2-9d5a-82aa510e90f2	786	Caletricus		f2aa370f-fe32-5793-bf4d-911cfbf3621b			2026-04-27T09:21:04.935141+00:00	sanctoral
023e9ddc-9a5c-5166-9fca-0bfe025b6a6e	787	Calimerus		f2aa370f-fe32-5793-bf4d-911cfbf3621b			2026-04-27T09:21:04.935141+00:00	sanctoral
3fb5f78a-2941-58b1-8be3-06a1698e0bd9	788	Calixtus		f2aa370f-fe32-5793-bf4d-911cfbf3621b			2026-04-27T09:21:04.935141+00:00	sanctoral
98446990-ff92-5b38-af83-07fb32723c3f	789	Calixtus (Translatio)		f2aa370f-fe32-5793-bf4d-911cfbf3621b			2026-04-27T09:21:04.935141+00:00	sanctoral
9895e961-1b32-5e32-a2d6-ee4355d773b3	790	Callixtus		f2aa370f-fe32-5793-bf4d-911cfbf3621b			2026-04-27T09:21:04.935141+00:00	sanctoral
b50f243c-bd33-5110-a34f-258d67ba6c04	791	Calogerus		f2aa370f-fe32-5793-bf4d-911cfbf3621b			2026-04-27T09:21:04.935141+00:00	sanctoral
70b4c585-9371-512b-9faa-afcc732fab38	792	Camelianus		f2aa370f-fe32-5793-bf4d-911cfbf3621b			2026-04-27T09:21:04.935141+00:00	sanctoral
de9630b8-a1c5-52c7-a797-59585ed1d7a9	793	Camerinus		f2aa370f-fe32-5793-bf4d-911cfbf3621b			2026-04-27T09:21:04.935141+00:00	sanctoral
5392df35-8f9d-58aa-ad16-dde5277cf1ec	794	Camilla		f2aa370f-fe32-5793-bf4d-911cfbf3621b			2026-04-27T09:21:04.935141+00:00	sanctoral
69cccc18-f3ca-5838-8a4c-931b3496092f	795	Candida		f2aa370f-fe32-5793-bf4d-911cfbf3621b			2026-04-27T09:21:04.935141+00:00	sanctoral
60eb7f25-8140-57cc-8b1b-66df7e979428	796	Candida Brugensis		f2aa370f-fe32-5793-bf4d-911cfbf3621b			2026-04-27T09:21:04.935141+00:00	sanctoral
3ce8c29e-bdfe-58ef-8f90-436008dc688b	797	Candida Carthaginiensis		f2aa370f-fe32-5793-bf4d-911cfbf3621b			2026-04-27T09:21:04.935141+00:00	sanctoral
cd166c1f-0031-5961-af7f-dc055d55ea9f	798	Candidus		f2aa370f-fe32-5793-bf4d-911cfbf3621b			2026-04-27T09:21:04.935141+00:00	sanctoral
96d02499-b618-5f85-8001-0b169916f9a5	799	Candidus (Translatio)		f2aa370f-fe32-5793-bf4d-911cfbf3621b			2026-04-27T09:21:04.935141+00:00	sanctoral
2ab1c218-012b-58ac-9444-8c8d5f28df83	800	Candidus Agaunensis		f2aa370f-fe32-5793-bf4d-911cfbf3621b			2026-04-27T09:21:04.935141+00:00	sanctoral
14ee6366-9725-5558-ae5e-4190e33036fa	801	Candidus Agaunensis (Revelatio)		f2aa370f-fe32-5793-bf4d-911cfbf3621b			2026-04-27T09:21:04.935141+00:00	sanctoral
50091faf-1036-5c99-a777-c30cb2cd2bd9	802	Cannatus Massiliensis		f2aa370f-fe32-5793-bf4d-911cfbf3621b			2026-04-27T09:21:04.935141+00:00	sanctoral
ac3a1799-75df-5b94-ab5d-fd70af210cde	803	Cannatus Massiliensis (Octava)		f2aa370f-fe32-5793-bf4d-911cfbf3621b			2026-04-27T09:21:04.935141+00:00	sanctoral
7549b3ae-2a0a-5973-855c-f1307a25c2ba	804	Cantianilla		f2aa370f-fe32-5793-bf4d-911cfbf3621b			2026-04-27T09:21:04.935141+00:00	sanctoral
daecd0e5-95ae-569d-aeaf-c8f083d28178	805	Cantianilla (Adventus reliquiarum)		f2aa370f-fe32-5793-bf4d-911cfbf3621b			2026-04-27T09:21:04.935141+00:00	sanctoral
7b7d8e94-acb4-5cae-81c2-99abab747315	806	Cantianilla (Inventio)		f2aa370f-fe32-5793-bf4d-911cfbf3621b			2026-04-27T09:21:04.935141+00:00	sanctoral
940d8cf4-c72f-5c0c-ad9b-30d59deb2392	807	Cantianilla (Vigilia)		f2aa370f-fe32-5793-bf4d-911cfbf3621b			2026-04-27T09:21:04.935141+00:00	sanctoral
eff4ca25-5973-51aa-8bcf-b04d86f36826	808	Cantianus		f2aa370f-fe32-5793-bf4d-911cfbf3621b			2026-04-27T09:21:04.935141+00:00	sanctoral
c90c3bb2-a88a-5e01-85bb-8bb21933e22c	809	Cantianus (Adventus reliquiarum)		f2aa370f-fe32-5793-bf4d-911cfbf3621b			2026-04-27T09:21:04.935141+00:00	sanctoral
cca83222-9134-5c06-8c58-add52d2ddc5e	810	Cantianus (Inventio)		f2aa370f-fe32-5793-bf4d-911cfbf3621b			2026-04-27T09:21:04.935141+00:00	sanctoral
1d6b0085-6428-549a-8673-e55ec7d842c1	811	Cantianus (Vigilia)		f2aa370f-fe32-5793-bf4d-911cfbf3621b			2026-04-27T09:21:04.935141+00:00	sanctoral
a85192b5-8dc1-571c-9770-32125cd7ee66	812	Cantius		f2aa370f-fe32-5793-bf4d-911cfbf3621b			2026-04-27T09:21:04.935141+00:00	sanctoral
a5e0877e-3646-54c4-8e1d-900eae1de0be	813	Cantius (Adventus reliquiarum)		f2aa370f-fe32-5793-bf4d-911cfbf3621b			2026-04-27T09:21:04.935141+00:00	sanctoral
8cbe1a25-9905-51e0-9459-72c04db35508	814	Cantius (Inventio)		f2aa370f-fe32-5793-bf4d-911cfbf3621b			2026-04-27T09:21:04.935141+00:00	sanctoral
762ae7d8-f0f1-5237-a33e-449455553069	815	Cantius (Vigilia)		f2aa370f-fe32-5793-bf4d-911cfbf3621b			2026-04-27T09:21:04.935141+00:00	sanctoral
4fcdc4dc-3ddc-5bdf-8ba7-c92adae0e9aa	816	Cantius (Vigilia), Cantianus (Vigilia), Cantianilla (Vigilia)		f2aa370f-fe32-5793-bf4d-911cfbf3621b			2026-04-27T09:21:04.935141+00:00	sanctoral
f79bef54-46a5-5c00-85d7-c5e9c517c0b9	817	Caprasius et socii		f2aa370f-fe32-5793-bf4d-911cfbf3621b			2026-04-27T09:21:04.935141+00:00	sanctoral
3a0b7752-bba4-5399-8029-afc56d45bf74	818	Caprasius et socii (Octava)		f2aa370f-fe32-5793-bf4d-911cfbf3621b			2026-04-27T09:21:04.935141+00:00	sanctoral
010d22ee-1705-566c-9a9d-3ef48cb5e496	819	Caprasius martyr		f2aa370f-fe32-5793-bf4d-911cfbf3621b			2026-04-27T09:21:04.935141+00:00	sanctoral
528dd94c-8818-5a74-80bc-b163904da02f	820	Caraldus		f2aa370f-fe32-5793-bf4d-911cfbf3621b			2026-04-27T09:21:04.935141+00:00	sanctoral
ee935b77-346a-56dc-8b90-c0cd0e350cfc	821	Caralipus		f2aa370f-fe32-5793-bf4d-911cfbf3621b			2026-04-27T09:21:04.935141+00:00	sanctoral
bf4853b2-8a98-50f7-a45b-5a54581cf675	822	Carannus		f2aa370f-fe32-5793-bf4d-911cfbf3621b			2026-04-27T09:21:04.935141+00:00	sanctoral
2aa45d95-c0e0-578f-a0ca-cd3c39c33ec8	823	Carentocus		f2aa370f-fe32-5793-bf4d-911cfbf3621b			2026-04-27T09:21:04.935141+00:00	sanctoral
f87e3e5c-e05d-5c49-b8c5-8f806bc48c86	824	Carilefus		f2aa370f-fe32-5793-bf4d-911cfbf3621b			2026-04-27T09:21:04.935141+00:00	sanctoral
4b83e37b-0beb-520b-90ac-753a219e0b8b	825	Carisius		f2aa370f-fe32-5793-bf4d-911cfbf3621b			2026-04-27T09:21:04.935141+00:00	sanctoral
696bea09-9d77-5f72-8806-bdd0842f69f4	826	Carissimus		f2aa370f-fe32-5793-bf4d-911cfbf3621b			2026-04-27T09:21:04.935141+00:00	sanctoral
44639fbe-ec1d-5cd4-ad4b-72da83b9d1e9	827	Caritas		f2aa370f-fe32-5793-bf4d-911cfbf3621b			2026-04-27T09:21:04.935141+00:00	sanctoral
66203e2c-b2b1-5401-a306-3ff24f82e698	828	Carolus		f2aa370f-fe32-5793-bf4d-911cfbf3621b			2026-04-27T09:21:04.935141+00:00	sanctoral
0bd4887d-d3e4-54b9-81d5-83807cf98434	829	Carolus (Translatio)		f2aa370f-fe32-5793-bf4d-911cfbf3621b			2026-04-27T09:21:04.935141+00:00	sanctoral
a1f3e5a5-8028-5a96-9d14-45505a0a6537	830	Carolus Borromeus		f2aa370f-fe32-5793-bf4d-911cfbf3621b			2026-04-27T09:21:04.935141+00:00	sanctoral
3b52e78c-5ab5-518e-91c2-d5944aeefc59	831	Carponius martyr Capuae		f2aa370f-fe32-5793-bf4d-911cfbf3621b			2026-04-27T09:21:04.935141+00:00	sanctoral
528ccb81-b59c-51b0-ba79-e38b646f73a4	832	Carpophorus		f2aa370f-fe32-5793-bf4d-911cfbf3621b			2026-04-27T09:21:04.935141+00:00	sanctoral
2f9a1dfc-afd4-52c6-bc97-26a316ab3274	833	Cartha		f2aa370f-fe32-5793-bf4d-911cfbf3621b			2026-04-27T09:21:04.935141+00:00	sanctoral
54b79cc5-7981-509d-a885-f649811d3dc8	834	Casaria		f2aa370f-fe32-5793-bf4d-911cfbf3621b			2026-04-27T09:21:04.935141+00:00	sanctoral
6bf2047f-6fcd-5ee0-a2d4-99369c035161	835	Casilda		f2aa370f-fe32-5793-bf4d-911cfbf3621b			2026-04-27T09:21:04.935141+00:00	sanctoral
c6e23b62-d87f-512b-b5b1-ab94117ab2db	836	Cassianus episcopus		f2aa370f-fe32-5793-bf4d-911cfbf3621b			2026-04-27T09:21:04.935141+00:00	sanctoral
bd50c5c5-c197-50ec-b6a7-e73796630d36	837	Cassianus martyr		f2aa370f-fe32-5793-bf4d-911cfbf3621b			2026-04-27T09:21:04.935141+00:00	sanctoral
011e0ad9-3efe-5509-845d-c0ecb6bdebd6	838	Cassiodorus		f2aa370f-fe32-5793-bf4d-911cfbf3621b			2026-04-27T09:21:04.935141+00:00	sanctoral
a4b3ccab-424a-5dd4-a25e-3cf3e4bfa06f	839	Cassius		f2aa370f-fe32-5793-bf4d-911cfbf3621b			2026-04-27T09:21:04.935141+00:00	sanctoral
70be9baa-dcb8-5d82-bed5-82ca97162ce7	840	Cassius (Translatio)		f2aa370f-fe32-5793-bf4d-911cfbf3621b			2026-04-27T09:21:04.935141+00:00	sanctoral
01f872b9-39b3-53af-802b-0d683b76b6ed	841	Castissima		f2aa370f-fe32-5793-bf4d-911cfbf3621b			2026-04-27T09:21:04.935141+00:00	sanctoral
d5f667d7-809b-56a9-b653-cb2cbaaf1fe8	842	Castor		f2aa370f-fe32-5793-bf4d-911cfbf3621b			2026-04-27T09:21:04.935141+00:00	sanctoral
736aa4e6-65a7-5c6a-a7be-d773e6592692	843	Castor Treverensis		f2aa370f-fe32-5793-bf4d-911cfbf3621b			2026-04-27T09:21:04.935141+00:00	sanctoral
64ab379c-bff0-580c-b713-fe4c270a642f	844	Castorius		f2aa370f-fe32-5793-bf4d-911cfbf3621b			2026-04-27T09:21:04.935141+00:00	sanctoral
2b207add-54f4-58ef-b38f-520fab267323	845	Castritianus		f2aa370f-fe32-5793-bf4d-911cfbf3621b			2026-04-27T09:21:04.935141+00:00	sanctoral
f0e69804-b722-53b1-a3d4-4a323c6d086b	846	Castulus		f2aa370f-fe32-5793-bf4d-911cfbf3621b			2026-04-27T09:21:04.935141+00:00	sanctoral
c45b2160-2143-5504-99ab-d49b0211b0fc	847	Castus		f2aa370f-fe32-5793-bf4d-911cfbf3621b			2026-04-27T09:21:04.935141+00:00	sanctoral
e4f9c73d-4ccf-580a-ab06-9e52a8f02adf	848	Cathedra Petri		f2aa370f-fe32-5793-bf4d-911cfbf3621b			2026-04-27T09:21:04.935141+00:00	sanctoral
bdef7dcf-be83-5673-890e-216e181c0194	849	Cathedra Petri (Octava)		f2aa370f-fe32-5793-bf4d-911cfbf3621b			2026-04-27T09:21:04.935141+00:00	sanctoral
e0e7bd8d-ef4b-57dc-a478-7e84bd81cdfe	850	Catherina Alexandriensis (Infra octavas)		f2aa370f-fe32-5793-bf4d-911cfbf3621b			2026-04-27T09:21:04.935141+00:00	sanctoral
429eb068-c31b-5e51-a755-507aab8569b2	851	Catherina Alexandriensis (Octava)		f2aa370f-fe32-5793-bf4d-911cfbf3621b			2026-04-27T09:21:04.935141+00:00	sanctoral
4e2ac2a8-18ed-580e-acad-d881e27daaa4	852	Catherina Alexandriensis (Translatio)		f2aa370f-fe32-5793-bf4d-911cfbf3621b			2026-04-27T09:21:04.935141+00:00	sanctoral
e92de93f-9292-542c-9750-1f8ceb26d57c	853	Catherina Senensis		f2aa370f-fe32-5793-bf4d-911cfbf3621b			2026-04-27T09:21:04.935141+00:00	sanctoral
ced439c5-f237-5a6a-a800-5052660708e5	854	Catuldus		f2aa370f-fe32-5793-bf4d-911cfbf3621b			2026-04-27T09:21:04.935141+00:00	sanctoral
35bd66d8-fe6c-5fc8-af07-cecb3503ac60	855	Celedonius		f2aa370f-fe32-5793-bf4d-911cfbf3621b			2026-04-27T09:21:04.935141+00:00	sanctoral
e51e5200-2738-573a-829f-9f43184d91a9	856	Celedonius (Translatio)		f2aa370f-fe32-5793-bf4d-911cfbf3621b			2026-04-27T09:21:04.935141+00:00	sanctoral
26c50550-a95f-5527-84a8-da5c447209b7	857	Celerinus		f2aa370f-fe32-5793-bf4d-911cfbf3621b			2026-04-27T09:21:04.935141+00:00	sanctoral
70611068-bc2b-5d72-8f0e-1a4fecadf0ae	858	Celinia		f2aa370f-fe32-5793-bf4d-911cfbf3621b			2026-04-27T09:21:04.935141+00:00	sanctoral
0da7b013-9e2b-50c0-b3cd-b789db5ff6d1	859	Celsus		f2aa370f-fe32-5793-bf4d-911cfbf3621b			2026-04-27T09:21:04.935141+00:00	sanctoral
395031ec-40c1-52d4-afe3-ae6eebead08b	860	Celsus (Infra octavas)		f2aa370f-fe32-5793-bf4d-911cfbf3621b			2026-04-27T09:21:04.935141+00:00	sanctoral
54c9fb6e-aef3-5098-a665-50f42236b9c6	861	Celsus (Octava)		f2aa370f-fe32-5793-bf4d-911cfbf3621b			2026-04-27T09:21:04.935141+00:00	sanctoral
7af785ad-d434-5e5a-ad13-d1a3f252a6bb	862	Celsus (Vigilia)		f2aa370f-fe32-5793-bf4d-911cfbf3621b			2026-04-27T09:21:04.935141+00:00	sanctoral
80834e38-8623-5368-ae91-4184fa24c1ec	863	Celsus episcopus		f2aa370f-fe32-5793-bf4d-911cfbf3621b			2026-04-27T09:21:04.935141+00:00	sanctoral
3af748fc-1b19-5ce9-8b1c-7f7a09415b5c	864	Cenericus		f2aa370f-fe32-5793-bf4d-911cfbf3621b			2026-04-27T09:21:04.935141+00:00	sanctoral
41108b52-fc8a-561f-9e34-ebf806a8cd77	865	Censurius		f2aa370f-fe32-5793-bf4d-911cfbf3621b			2026-04-27T09:21:04.935141+00:00	sanctoral
98c507dc-3342-5814-8fdf-891be8f19e18	866	Centola		f2aa370f-fe32-5793-bf4d-911cfbf3621b			2026-04-27T09:21:04.935141+00:00	sanctoral
8b7089b5-790d-5542-bb02-bdc5eb688361	867	Ceratius episcopus		f2aa370f-fe32-5793-bf4d-911cfbf3621b			2026-04-27T09:21:04.935141+00:00	sanctoral
2d052857-34fd-5057-ae9e-071f738fedd8	868	Ceraunus		f2aa370f-fe32-5793-bf4d-911cfbf3621b			2026-04-27T09:21:04.935141+00:00	sanctoral
ae08bc66-7fdc-559f-9bc7-34ef9732f85f	869	Cerbonius		f2aa370f-fe32-5793-bf4d-911cfbf3621b			2026-04-27T09:21:04.935141+00:00	sanctoral
806550d5-2194-52a4-a203-036ebcf4394c	870	Cessatorus		f2aa370f-fe32-5793-bf4d-911cfbf3621b			2026-04-27T09:21:04.935141+00:00	sanctoral
ca5bfce0-d808-5535-9dfe-35b6d4e80c7a	871	Cethulius		f2aa370f-fe32-5793-bf4d-911cfbf3621b			2026-04-27T09:21:04.935141+00:00	sanctoral
7d1fc679-189a-54ef-a54f-e4a0ae15ceb7	872	Chionina		f2aa370f-fe32-5793-bf4d-911cfbf3621b			2026-04-27T09:21:04.935141+00:00	sanctoral
fec43d4a-84e9-592d-a46c-ff3cfe9878b0	873	Christeta		f2aa370f-fe32-5793-bf4d-911cfbf3621b			2026-04-27T09:21:04.935141+00:00	sanctoral
336c71d5-931a-58cd-a18e-b9ff0c01c7dc	874	Christianus		f2aa370f-fe32-5793-bf4d-911cfbf3621b			2026-04-27T09:21:04.935141+00:00	sanctoral
1dcba3b8-efac-53bf-a4a7-81a5bcb6c4a2	875	Christianus (Translatio)		f2aa370f-fe32-5793-bf4d-911cfbf3621b			2026-04-27T09:21:04.935141+00:00	sanctoral
d2535951-daeb-53e5-bdd0-6a5277c3d513	876	Christina		f2aa370f-fe32-5793-bf4d-911cfbf3621b			2026-04-27T09:21:04.935141+00:00	sanctoral
dd3e14fc-dd8d-58df-932c-abb8dea91213	877	Christophorus (Vigilia)		f2aa370f-fe32-5793-bf4d-911cfbf3621b			2026-04-27T09:21:04.935141+00:00	sanctoral
6603ccf8-f5bf-53b2-8209-c973e4ba58fd	878	Christophorus Cordubensis		f2aa370f-fe32-5793-bf4d-911cfbf3621b			2026-04-27T09:21:04.935141+00:00	sanctoral
bcd1918b-7397-5459-b05c-169a9adc0e16	879	Chrysanthus		f2aa370f-fe32-5793-bf4d-911cfbf3621b			2026-04-27T09:21:04.935141+00:00	sanctoral
739da0e0-5915-565a-9e1b-9d94d7b8cc20	880	Chrysogonus		f2aa370f-fe32-5793-bf4d-911cfbf3621b			2026-04-27T09:21:04.935141+00:00	sanctoral
0291843b-c25d-57c9-a48c-f7c8e762d9c5	881	Chrysogonus (Inventio)		f2aa370f-fe32-5793-bf4d-911cfbf3621b			2026-04-27T09:21:04.935141+00:00	sanctoral
38d12501-da80-5dc1-93c9-2bff8e0c02d9	882	Chrysotelus		f2aa370f-fe32-5793-bf4d-911cfbf3621b			2026-04-27T09:21:04.935141+00:00	sanctoral
36eae5d6-3803-5f0f-8921-68650f2e8810	883	Cianus		f2aa370f-fe32-5793-bf4d-911cfbf3621b			2026-04-27T09:21:04.935141+00:00	sanctoral
72e423b8-fb34-5df3-9a20-8eeb3fc38bb3	884	Cibianus		f2aa370f-fe32-5793-bf4d-911cfbf3621b			2026-04-27T09:21:04.935141+00:00	sanctoral
a9ad292f-7e82-5549-9bff-60dae0664a9d	885	Cilinia		f2aa370f-fe32-5793-bf4d-911cfbf3621b			2026-04-27T09:21:04.935141+00:00	sanctoral
6b535350-0ddb-5cdd-b25f-72636c88a688	886	Cinnicandrus abbas		f2aa370f-fe32-5793-bf4d-911cfbf3621b			2026-04-27T09:21:04.935141+00:00	sanctoral
3ae1b701-4622-5642-9fdc-22b6df45f14f	887	Circ		f2aa370f-fe32-5793-bf4d-911cfbf3621b			2026-04-27T09:21:04.935141+00:00	sanctoral
77f681bf-ec64-5c80-9239-d0a682d13728	888	Circ (Vigilia)		f2aa370f-fe32-5793-bf4d-911cfbf3621b			2026-04-27T09:21:04.935141+00:00	sanctoral
bc621991-0e12-5c12-8ae0-bc6b2831f1d8	889	Circumcisio		f2aa370f-fe32-5793-bf4d-911cfbf3621b			2026-04-27T09:21:04.935141+00:00	sanctoral
bd356392-a39f-5f98-bf0e-5af08c4e4a9c	890	Circumcisio (Octava)		f2aa370f-fe32-5793-bf4d-911cfbf3621b			2026-04-27T09:21:04.935141+00:00	sanctoral
0bdaad97-400b-5fe0-b835-66cc8d8e8181	891	Circumcisio (Vigilia)		f2aa370f-fe32-5793-bf4d-911cfbf3621b			2026-04-27T09:21:04.935141+00:00	sanctoral
195f5cf6-4281-521c-bcc6-556a2279ffbe	892	Cisellus		f2aa370f-fe32-5793-bf4d-911cfbf3621b			2026-04-27T09:21:04.935141+00:00	sanctoral
6112ad6b-3436-5e8c-96c9-24e0714a9f8f	893	Cita		f2aa370f-fe32-5793-bf4d-911cfbf3621b			2026-04-27T09:21:04.935141+00:00	sanctoral
a6dbd355-7b69-5646-b2cd-534b14e3fc76	894	Clara		f2aa370f-fe32-5793-bf4d-911cfbf3621b			2026-04-27T09:21:04.935141+00:00	sanctoral
92a9832d-6510-5f7a-aac0-afc6d00e147d	895	Clara (Translatio)		f2aa370f-fe32-5793-bf4d-911cfbf3621b			2026-04-27T09:21:04.935141+00:00	sanctoral
7be04a88-ce29-5a2a-8270-c36bc8917001	896	Clarentius		f2aa370f-fe32-5793-bf4d-911cfbf3621b			2026-04-27T09:21:04.935141+00:00	sanctoral
88d1de2b-e961-5cb1-951c-86460a4e6deb	897	Clarus		f2aa370f-fe32-5793-bf4d-911cfbf3621b			2026-04-27T09:21:04.935141+00:00	sanctoral
0d601305-82c0-50b5-ac7b-5438aac07dd4	898	Clarus confessor		f2aa370f-fe32-5793-bf4d-911cfbf3621b			2026-04-27T09:21:04.935141+00:00	sanctoral
78f23856-f090-5bd9-a2cc-708e8a6495c4	899	Clarus de Lactora		f2aa370f-fe32-5793-bf4d-911cfbf3621b			2026-04-27T09:21:04.935141+00:00	sanctoral
0226adc6-bf3a-5aa5-a0ff-11299aa639ca	900	Clarus martyr		f2aa370f-fe32-5793-bf4d-911cfbf3621b			2026-04-27T09:21:04.935141+00:00	sanctoral
e8484b94-8b4d-5519-8af7-49d721096129	901	Clarus Nannetensis		f2aa370f-fe32-5793-bf4d-911cfbf3621b			2026-04-27T09:21:04.935141+00:00	sanctoral
2a23485c-0590-5b44-b89d-f37675720ae2	902	Claudianus		f2aa370f-fe32-5793-bf4d-911cfbf3621b			2026-04-27T09:21:04.935141+00:00	sanctoral
b5f664cd-2a26-580d-9030-f23e32e9f782	903	Claudius		f2aa370f-fe32-5793-bf4d-911cfbf3621b			2026-04-27T09:21:04.935141+00:00	sanctoral
228b40c6-fc01-5fd3-a62b-2eeaf0acf112	904	Claudius Bisuntinensis		f2aa370f-fe32-5793-bf4d-911cfbf3621b			2026-04-27T09:21:04.935141+00:00	sanctoral
632d2da3-a433-5809-8ff2-318c7ff0b906	905	Claudius et 70 martyres		f2aa370f-fe32-5793-bf4d-911cfbf3621b			2026-04-27T09:21:04.935141+00:00	sanctoral
8f511a2d-bf61-5041-842b-d8dc41b68093	906	Claudius Legionensis		f2aa370f-fe32-5793-bf4d-911cfbf3621b			2026-04-27T09:21:04.935141+00:00	sanctoral
cf3b716b-a473-54af-ae24-276b5c5162c9	907	Claudius Viennensis		f2aa370f-fe32-5793-bf4d-911cfbf3621b			2026-04-27T09:21:04.935141+00:00	sanctoral
68723bc1-04fa-58a0-aeca-320edfab9ec4	908	Clemens		f2aa370f-fe32-5793-bf4d-911cfbf3621b			2026-04-27T09:21:04.935141+00:00	sanctoral
c3c604f3-fb48-5644-8e2c-f9fee86dde95	909	Clemens (Translatio)		f2aa370f-fe32-5793-bf4d-911cfbf3621b			2026-04-27T09:21:04.935141+00:00	sanctoral
bdd9eaf7-7f8d-55fd-8acc-d3d621617a4d	910	Clemens confessor		f2aa370f-fe32-5793-bf4d-911cfbf3621b			2026-04-27T09:21:04.935141+00:00	sanctoral
7360a5fa-17ce-581e-9d6d-77fa438e4117	911	Clemens Metensis		f2aa370f-fe32-5793-bf4d-911cfbf3621b			2026-04-27T09:21:04.935141+00:00	sanctoral
4ff369ea-573c-54ca-8695-063fb7298f64	912	Clemens Metensis (Translatio)		f2aa370f-fe32-5793-bf4d-911cfbf3621b			2026-04-27T09:21:04.935141+00:00	sanctoral
308a42b8-17e2-5f3a-a92b-dfaa819cc547	913	Clementinus		f2aa370f-fe32-5793-bf4d-911cfbf3621b			2026-04-27T09:21:04.935141+00:00	sanctoral
a2b487d5-ca45-5c14-9752-42693faede18	914	Cleophas		f2aa370f-fe32-5793-bf4d-911cfbf3621b			2026-04-27T09:21:04.935141+00:00	sanctoral
a3d50fa7-5db5-5479-a187-faa131a7f502	915	Clerus		f2aa370f-fe32-5793-bf4d-911cfbf3621b			2026-04-27T09:21:04.935141+00:00	sanctoral
ab14e11b-8e2c-56f0-a67f-bcb50c699d2e	916	Cleta		f2aa370f-fe32-5793-bf4d-911cfbf3621b			2026-04-27T09:21:04.935141+00:00	sanctoral
873b3e2f-b052-5968-bcbb-f79faf391d19	917	Clicerius		f2aa370f-fe32-5793-bf4d-911cfbf3621b			2026-04-27T09:21:04.935141+00:00	sanctoral
f61c922f-b7fd-57e2-ac97-e0601dcdc101	918	Clodoaldus		f2aa370f-fe32-5793-bf4d-911cfbf3621b			2026-04-27T09:21:04.935141+00:00	sanctoral
f4de5e1f-b1fc-5790-be62-d1274a2eb012	919	Clodulf		f2aa370f-fe32-5793-bf4d-911cfbf3621b			2026-04-27T09:21:04.935141+00:00	sanctoral
c16e22f6-cbe6-5774-ae3e-cde4095cef4b	920	Clotilde		f2aa370f-fe32-5793-bf4d-911cfbf3621b			2026-04-27T09:21:04.935141+00:00	sanctoral
ef8f1ab6-c22f-5108-998e-bdf7c7c30e6e	921	Coaldus		f2aa370f-fe32-5793-bf4d-911cfbf3621b			2026-04-27T09:21:04.935141+00:00	sanctoral
8c3ea0b3-d469-5fab-b01d-e915ce59f62f	922	Cognati Christi		f2aa370f-fe32-5793-bf4d-911cfbf3621b			2026-04-27T09:21:04.935141+00:00	sanctoral
17a94857-c923-5bff-82bd-240282361215	923	Collibila		f2aa370f-fe32-5793-bf4d-911cfbf3621b			2026-04-27T09:21:04.935141+00:00	sanctoral
8ad1a25e-b3e9-5f94-85c9-f3d255f10ecf	924	Colloquilus		f2aa370f-fe32-5793-bf4d-911cfbf3621b			2026-04-27T09:21:04.935141+00:00	sanctoral
0d47e783-ccda-5f65-9087-bad722d43f04	925	Colomanus		f2aa370f-fe32-5793-bf4d-911cfbf3621b			2026-04-27T09:21:04.935141+00:00	sanctoral
f1938e59-7f08-5fc0-a20e-d58fab319e38	926	Colonatus		f2aa370f-fe32-5793-bf4d-911cfbf3621b			2026-04-27T09:21:04.935141+00:00	sanctoral
72aa8704-0851-52b2-bb90-d1126e497e83	927	Colonatus (Octava)		f2aa370f-fe32-5793-bf4d-911cfbf3621b			2026-04-27T09:21:04.935141+00:00	sanctoral
0158e92b-d4c5-5c8d-866b-f210bb909cf6	928	Colonatus (Vigilia)		f2aa370f-fe32-5793-bf4d-911cfbf3621b			2026-04-27T09:21:04.935141+00:00	sanctoral
4cd0ace2-2f3a-5b74-a6a1-f18ce402a3e9	929	Colonus		f2aa370f-fe32-5793-bf4d-911cfbf3621b			2026-04-27T09:21:04.935141+00:00	sanctoral
cab76ce8-8c8f-593c-a997-8fdf762b4668	930	Columba		f2aa370f-fe32-5793-bf4d-911cfbf3621b			2026-04-27T09:21:04.935141+00:00	sanctoral
951c6815-56c5-5910-96b0-f758fc8911e0	931	Columbanus		f2aa370f-fe32-5793-bf4d-911cfbf3621b			2026-04-27T09:21:04.935141+00:00	sanctoral
db8fc2a8-7359-5486-9d28-e2c2b3469954	932	Columbanus abbas		f2aa370f-fe32-5793-bf4d-911cfbf3621b			2026-04-27T09:21:04.935141+00:00	sanctoral
c89e2ee0-2ae7-53ba-b885-6b73419c1222	933	Columbanus maior		f2aa370f-fe32-5793-bf4d-911cfbf3621b			2026-04-27T09:21:04.935141+00:00	sanctoral
34d81fda-95d0-5f33-9ded-d52fe69c4d92	934	Commemoratio archiepiscoporum Remensium		f2aa370f-fe32-5793-bf4d-911cfbf3621b			2026-04-27T09:21:04.935141+00:00	sanctoral
7d2b16e5-2b80-531c-925a-26d1834ecfd3	935	Commemoratio BMV		f2aa370f-fe32-5793-bf4d-911cfbf3621b			2026-04-27T09:21:04.935141+00:00	sanctoral
3c6adc1f-cf6a-5b62-b4ee-d0e6d88b2cb5	936	Commemoratio Defunctorum		f2aa370f-fe32-5793-bf4d-911cfbf3621b			2026-04-27T09:21:04.935141+00:00	sanctoral
3f8005c4-bfcc-5008-953e-1d1240914005	937	Commemoratio Defunctorum (Infra octavas)		f2aa370f-fe32-5793-bf4d-911cfbf3621b			2026-04-27T09:21:04.935141+00:00	sanctoral
77ecbbb7-3fda-549b-8c8f-98284fc63d32	938	Commemoratio Defunctorum (Octava)		f2aa370f-fe32-5793-bf4d-911cfbf3621b			2026-04-27T09:21:04.935141+00:00	sanctoral
39e9f0b8-d647-55d2-af17-e8c2b68a5929	939	Commemoratio episcoporum et abbatum OCist		f2aa370f-fe32-5793-bf4d-911cfbf3621b			2026-04-27T09:21:04.935141+00:00	sanctoral
870cac20-075d-5f8f-b427-3066f62ce75f	940	Commemoratio martyrum OCist		f2aa370f-fe32-5793-bf4d-911cfbf3621b			2026-04-27T09:21:04.935141+00:00	sanctoral
4483ed5b-97c1-5f6e-8106-dc966d6f816b	941	Commemoratio monachorum OCist		f2aa370f-fe32-5793-bf4d-911cfbf3621b			2026-04-27T09:21:04.935141+00:00	sanctoral
7006cc4b-fa73-577c-b4a9-b9d747e3ecf8	942	Commemoratio Patronorum		f2aa370f-fe32-5793-bf4d-911cfbf3621b			2026-04-27T09:21:04.935141+00:00	sanctoral
ccbd6278-8562-5cfa-b9a9-c97bf9f4253c	943	Commemoratio Pauli (Infra octavas)		f2aa370f-fe32-5793-bf4d-911cfbf3621b			2026-04-27T09:21:04.935141+00:00	sanctoral
a02895e1-103b-50f6-bc7c-7d2a33ffea3c	944	Commemoratio reliquiarum		f2aa370f-fe32-5793-bf4d-911cfbf3621b			2026-04-27T09:21:04.935141+00:00	sanctoral
9b746441-2597-5b36-911f-83aaa2aeeb99	945	Commemoratio sepulcri		f2aa370f-fe32-5793-bf4d-911cfbf3621b			2026-04-27T09:21:04.935141+00:00	sanctoral
642643b3-0ea9-5efe-8b23-a91956cd9abf	946	Conceptio BMV (Infra octavas)		f2aa370f-fe32-5793-bf4d-911cfbf3621b			2026-04-27T09:21:04.935141+00:00	sanctoral
f4f148c7-85c2-5ceb-a308-0d95510bf8bc	947	Conceptio BMV (Octava)		f2aa370f-fe32-5793-bf4d-911cfbf3621b			2026-04-27T09:21:04.935141+00:00	sanctoral
d5f8cde0-13e9-5927-92d0-956a07d4e32f	948	Conceptio BMV (Vigilia)		f2aa370f-fe32-5793-bf4d-911cfbf3621b			2026-04-27T09:21:04.935141+00:00	sanctoral
2445373c-c12e-5c67-bebb-9d12178e025b	949	Concessus		f2aa370f-fe32-5793-bf4d-911cfbf3621b			2026-04-27T09:21:04.935141+00:00	sanctoral
32381c7b-b202-5c8b-91ed-84a89236b911	950	Conoganus		f2aa370f-fe32-5793-bf4d-911cfbf3621b			2026-04-27T09:21:04.935141+00:00	sanctoral
aba2eab6-a0d0-5314-9f6d-023ab0134d27	951	Conon		f2aa370f-fe32-5793-bf4d-911cfbf3621b			2026-04-27T09:21:04.935141+00:00	sanctoral
85ea275c-f5e9-5e4f-9b68-16be3316112f	952	Conradus		f2aa370f-fe32-5793-bf4d-911cfbf3621b			2026-04-27T09:21:04.935141+00:00	sanctoral
52ca2dbd-94ac-586c-abb3-5bb3270f9cb7	953	Consecratio Dominicae		f2aa370f-fe32-5793-bf4d-911cfbf3621b			2026-04-27T09:21:04.935141+00:00	sanctoral
6b8b1981-a000-54d7-8a10-c687ada1d6f4	954	Consecratio maioris altaris Lugdunensis		f2aa370f-fe32-5793-bf4d-911cfbf3621b			2026-04-27T09:21:04.935141+00:00	sanctoral
d1d34282-4c01-5ba3-957d-dac3e4322fbc	955	Consortia		f2aa370f-fe32-5793-bf4d-911cfbf3621b			2026-04-27T09:21:04.935141+00:00	sanctoral
0efe3dd5-bb1b-5fbb-a2f0-845006b6870d	956	Consortia (Translatio)		f2aa370f-fe32-5793-bf4d-911cfbf3621b			2026-04-27T09:21:04.935141+00:00	sanctoral
ffdf0f45-de50-570e-8c01-b41fc6df6d01	957	Constans		f2aa370f-fe32-5793-bf4d-911cfbf3621b			2026-04-27T09:21:04.935141+00:00	sanctoral
cc340e17-ad63-5dea-ade5-720af4f3fa17	958	Constantia		f2aa370f-fe32-5793-bf4d-911cfbf3621b			2026-04-27T09:21:04.935141+00:00	sanctoral
801b4975-6490-5ea2-ba5b-2e6ae063b9db	959	Constantinus		f2aa370f-fe32-5793-bf4d-911cfbf3621b			2026-04-27T09:21:04.935141+00:00	sanctoral
5c13ad42-e114-54c7-915b-c5f529bdf59e	960	Contestus		f2aa370f-fe32-5793-bf4d-911cfbf3621b			2026-04-27T09:21:04.935141+00:00	sanctoral
a44035c8-b40a-5493-b1d1-b75d5836a5cb	961	Conversio Afrae		f2aa370f-fe32-5793-bf4d-911cfbf3621b			2026-04-27T09:21:04.935141+00:00	sanctoral
66770282-00ef-5347-8536-d7a9cfec25f5	962	Conversio Pauli		f2aa370f-fe32-5793-bf4d-911cfbf3621b			2026-04-27T09:21:04.935141+00:00	sanctoral
72fc5a4c-68d6-53db-9392-da20cd276ed8	963	Conversio Pauli (Octava)		f2aa370f-fe32-5793-bf4d-911cfbf3621b			2026-04-27T09:21:04.935141+00:00	sanctoral
19f4e769-5856-551c-b167-d08031f7ae8d	964	Corbinianus		f2aa370f-fe32-5793-bf4d-911cfbf3621b			2026-04-27T09:21:04.935141+00:00	sanctoral
cfc010e7-7f44-50dc-874e-a72da069cb67	965	Corbinianus (Translatio)		f2aa370f-fe32-5793-bf4d-911cfbf3621b			2026-04-27T09:21:04.935141+00:00	sanctoral
aaa3b491-8e64-5b18-88e3-2be46406409c	966	Corcodemus		f2aa370f-fe32-5793-bf4d-911cfbf3621b			2026-04-27T09:21:04.935141+00:00	sanctoral
2da4d034-5e74-5609-941d-b11909a9d226	967	Cordula		f2aa370f-fe32-5793-bf4d-911cfbf3621b			2026-04-27T09:21:04.935141+00:00	sanctoral
4ae0f989-a08d-5a48-a3c2-98b2e27e42f4	968	Corentinus		f2aa370f-fe32-5793-bf4d-911cfbf3621b			2026-04-27T09:21:04.935141+00:00	sanctoral
a02f1bdd-a55b-57c2-9b8c-671c1268a5cf	969	Cornelius		f2aa370f-fe32-5793-bf4d-911cfbf3621b			2026-04-27T09:21:04.935141+00:00	sanctoral
e6e77795-0f4f-5c61-8112-f5fa07d21f2c	970	Corona		f2aa370f-fe32-5793-bf4d-911cfbf3621b			2026-04-27T09:21:04.935141+00:00	sanctoral
d074e528-4e4a-57d8-acea-7ce816c3dfe1	971	Corona Domini (Translatio)		f2aa370f-fe32-5793-bf4d-911cfbf3621b			2026-04-27T09:21:04.935141+00:00	sanctoral
905dbe0f-d60c-5523-b635-890e14be9748	972	Coronatus		f2aa370f-fe32-5793-bf4d-911cfbf3621b			2026-04-27T09:21:04.935141+00:00	sanctoral
49bcb899-fa2d-5b8d-a66a-3d39b4dfe01f	973	Cosmas		f2aa370f-fe32-5793-bf4d-911cfbf3621b			2026-04-27T09:21:04.935141+00:00	sanctoral
9340984a-c5ee-5b76-930f-65453a9e4877	974	Cosmas (Vigilia)		f2aa370f-fe32-5793-bf4d-911cfbf3621b			2026-04-27T09:21:04.935141+00:00	sanctoral
7af92a13-4974-5fd3-a439-48f8fc84be20	975	Crescens		f2aa370f-fe32-5793-bf4d-911cfbf3621b			2026-04-27T09:21:04.935141+00:00	sanctoral
ba56e164-cd4f-5cb7-b487-c204e0519704	976	Crescentia		f2aa370f-fe32-5793-bf4d-911cfbf3621b			2026-04-27T09:21:04.935141+00:00	sanctoral
f219968f-cb47-5dd0-9eba-51534cfc67fe	977	Crescentia (Octava)		f2aa370f-fe32-5793-bf4d-911cfbf3621b			2026-04-27T09:21:04.935141+00:00	sanctoral
82c75618-d7e4-5e15-bc5b-570a8639183f	978	Crescentianus		f2aa370f-fe32-5793-bf4d-911cfbf3621b			2026-04-27T09:21:04.935141+00:00	sanctoral
7ce07534-f982-5c16-b84d-fd12ab313928	979	Crispina		f2aa370f-fe32-5793-bf4d-911cfbf3621b			2026-04-27T09:21:04.935141+00:00	sanctoral
2ec410b2-5013-5624-98b9-630d3206367d	980	Crispinianus		f2aa370f-fe32-5793-bf4d-911cfbf3621b			2026-04-27T09:21:04.935141+00:00	sanctoral
ebac7723-3cf0-5cc3-ba98-16838f98243f	981	Crispinianus (Infra octavas)		f2aa370f-fe32-5793-bf4d-911cfbf3621b			2026-04-27T09:21:04.935141+00:00	sanctoral
203a12b9-e294-56f5-8c23-27bea330ebea	982	Crispinianus (Octava)		f2aa370f-fe32-5793-bf4d-911cfbf3621b			2026-04-27T09:21:04.935141+00:00	sanctoral
23a3a470-d9d1-5aa8-9bb3-39eb3bac29ef	983	Crispinus		f2aa370f-fe32-5793-bf4d-911cfbf3621b			2026-04-27T09:21:04.935141+00:00	sanctoral
127fb870-2aea-506c-aded-581d92eb3f87	984	Crispinus (Infra octavas)		f2aa370f-fe32-5793-bf4d-911cfbf3621b			2026-04-27T09:21:04.935141+00:00	sanctoral
6a45f753-e004-5182-8b76-bcb5cdbf537b	985	Crispinus (Octava)		f2aa370f-fe32-5793-bf4d-911cfbf3621b			2026-04-27T09:21:04.935141+00:00	sanctoral
725792ba-0cea-5be4-b4ce-03f01dd99f54	986	Crispus Corinthius		f2aa370f-fe32-5793-bf4d-911cfbf3621b			2026-04-27T09:21:04.935141+00:00	sanctoral
62fa880c-2f35-51ff-9853-4e71637e505a	987	Crucifixio Domini		f2aa370f-fe32-5793-bf4d-911cfbf3621b			2026-04-27T09:21:04.935141+00:00	sanctoral
d7cb29e8-de26-543d-9de0-d382998db442	988	Crux (Susceptio)		f2aa370f-fe32-5793-bf4d-911cfbf3621b			2026-04-27T09:21:04.935141+00:00	sanctoral
a46390e6-3623-5bc5-b6bd-b3423a19ca96	989	Cucuphas		f2aa370f-fe32-5793-bf4d-911cfbf3621b			2026-04-27T09:21:04.935141+00:00	sanctoral
56064af9-37ec-5e12-a81b-d4a656fba21e	990	Cunibertus		f2aa370f-fe32-5793-bf4d-911cfbf3621b			2026-04-27T09:21:04.935141+00:00	sanctoral
63b550d5-65b2-5b33-ab1c-e4ccb7ac4d2f	991	Cuthberga		f2aa370f-fe32-5793-bf4d-911cfbf3621b			2026-04-27T09:21:04.935141+00:00	sanctoral
95a1173e-f051-5b20-bbff-0d18ba62e3df	992	Cuthbertus		f2aa370f-fe32-5793-bf4d-911cfbf3621b			2026-04-27T09:21:04.935141+00:00	sanctoral
57903d10-8acb-5ce7-b963-e2dfe0921f6d	993	Cuthbertus (Translatio)		f2aa370f-fe32-5793-bf4d-911cfbf3621b			2026-04-27T09:21:04.935141+00:00	sanctoral
a668c380-2e17-567e-accc-8620c65446d8	994	Cyprianus		f2aa370f-fe32-5793-bf4d-911cfbf3621b			2026-04-27T09:21:04.935141+00:00	sanctoral
585c6b53-f1e5-59e8-8f45-96585abeb98f	995	Cyprianus abbas		f2aa370f-fe32-5793-bf4d-911cfbf3621b			2026-04-27T09:21:04.935141+00:00	sanctoral
e4ac0921-7190-552d-904b-f247119f9df8	996	Cyprianus Antiochiensis		f2aa370f-fe32-5793-bf4d-911cfbf3621b			2026-04-27T09:21:04.935141+00:00	sanctoral
05f8e25b-6112-5638-b4d2-c6b1c8c7e515	997	Cyprianus Carthaginiensis		f2aa370f-fe32-5793-bf4d-911cfbf3621b			2026-04-27T09:21:04.935141+00:00	sanctoral
5d6bd813-ddb2-5de1-9295-f5ce9c528919	998	Cyprianus Telonensis		f2aa370f-fe32-5793-bf4d-911cfbf3621b			2026-04-27T09:21:04.935141+00:00	sanctoral
4523b746-6f4a-5d98-80ae-ee01f2c5f4ac	999	Cyriaca		f2aa370f-fe32-5793-bf4d-911cfbf3621b			2026-04-27T09:21:04.935141+00:00	sanctoral
8549c9d7-4a19-556a-bc06-6bef2eefbbfb	1000	Cyriacus		f2aa370f-fe32-5793-bf4d-911cfbf3621b			2026-04-27T09:21:04.935141+00:00	sanctoral
6a124940-4c30-5267-8b14-949a7aff4a16	1001	Cyriacus Malacae		f2aa370f-fe32-5793-bf4d-911cfbf3621b			2026-04-27T09:21:04.935141+00:00	sanctoral
e1ea8b76-b901-5bb8-a503-ad524fe8bb2c	1002	Cyrica		f2aa370f-fe32-5793-bf4d-911cfbf3621b			2026-04-27T09:21:04.935141+00:00	sanctoral
e0072273-711d-5856-a5a2-4862f4103140	1003	Cyrilla		f2aa370f-fe32-5793-bf4d-911cfbf3621b			2026-04-27T09:21:04.935141+00:00	sanctoral
f741f56b-f01f-5687-994d-b850a22c85b6	1004	Cyrillus		f2aa370f-fe32-5793-bf4d-911cfbf3621b			2026-04-27T09:21:04.935141+00:00	sanctoral
a8c3b992-7d81-5dbc-be7e-7d1d3d7d4dfe	1005	Cyrillus philosophus		f2aa370f-fe32-5793-bf4d-911cfbf3621b			2026-04-27T09:21:04.935141+00:00	sanctoral
0af3f2b6-89b8-5d62-96f4-e450eedffa53	1006	Cyrinus		f2aa370f-fe32-5793-bf4d-911cfbf3621b			2026-04-27T09:21:04.935141+00:00	sanctoral
67f1fb7c-6253-5047-b8e8-418c9f11c9d5	1007	Cyrus		f2aa370f-fe32-5793-bf4d-911cfbf3621b			2026-04-27T09:21:04.935141+00:00	sanctoral
3b069ca6-2d42-5e94-b7ed-fc90a339feec	1008	Dagobertus		f2aa370f-fe32-5793-bf4d-911cfbf3621b			2026-04-27T09:21:04.935141+00:00	sanctoral
68133ce4-ec6b-53e4-ba08-79063b856b78	1009	Dalmatius		f2aa370f-fe32-5793-bf4d-911cfbf3621b			2026-04-27T09:21:04.935141+00:00	sanctoral
3784e042-c2aa-5936-a3cf-f64c884f1379	1010	Damasus		f2aa370f-fe32-5793-bf4d-911cfbf3621b			2026-04-27T09:21:04.935141+00:00	sanctoral
41331be9-5b46-5281-98c2-50ce38f195a6	1011	Damianus		f2aa370f-fe32-5793-bf4d-911cfbf3621b			2026-04-27T09:21:04.935141+00:00	sanctoral
7edadbee-bae8-5a2b-9f02-dee54c907479	1012	Damianus (Vigilia)		f2aa370f-fe32-5793-bf4d-911cfbf3621b			2026-04-27T09:21:04.935141+00:00	sanctoral
637cb22d-cac8-54aa-97a6-8cfde1cca700	1013	Damianus miles		f2aa370f-fe32-5793-bf4d-911cfbf3621b			2026-04-27T09:21:04.935141+00:00	sanctoral
68fa0bc8-1eee-5ec5-bc17-553690c15e63	1014	Daniel		f2aa370f-fe32-5793-bf4d-911cfbf3621b			2026-04-27T09:21:04.935141+00:00	sanctoral
0cba510a-c368-5aaa-9baa-4836dac3fcdc	1015	Daniel propheta		f2aa370f-fe32-5793-bf4d-911cfbf3621b			2026-04-27T09:21:04.935141+00:00	sanctoral
53079eb2-1b6c-54aa-beb9-736c0fdb218a	1016	Daria		f2aa370f-fe32-5793-bf4d-911cfbf3621b			2026-04-27T09:21:04.935141+00:00	sanctoral
7c5b920c-08bd-56fe-8c9b-dc41f9ea29d6	1017	Darius		f2aa370f-fe32-5793-bf4d-911cfbf3621b			2026-04-27T09:21:04.935141+00:00	sanctoral
1e259227-cb42-5e47-9c60-272768081c0c	1018	Dasius		f2aa370f-fe32-5793-bf4d-911cfbf3621b			2026-04-27T09:21:04.935141+00:00	sanctoral
254a2f50-0b3d-5adb-97bd-203bd510befb	1019	Datianus		f2aa370f-fe32-5793-bf4d-911cfbf3621b			2026-04-27T09:21:04.935141+00:00	sanctoral
d6e547b1-89fa-5147-a72e-bacfd8a89cc7	1020	Datius		f2aa370f-fe32-5793-bf4d-911cfbf3621b			2026-04-27T09:21:04.935141+00:00	sanctoral
b39fcab9-0270-54e5-a712-a142ad8423c5	1021	David		f2aa370f-fe32-5793-bf4d-911cfbf3621b			2026-04-27T09:21:04.935141+00:00	sanctoral
730e7177-78a3-591a-927b-3630bcb3572a	1022	David Meneviensis		f2aa370f-fe32-5793-bf4d-911cfbf3621b			2026-04-27T09:21:04.935141+00:00	sanctoral
e3b17967-9b10-5d9c-92fa-e6eb50477cb3	1023	David rex		f2aa370f-fe32-5793-bf4d-911cfbf3621b			2026-04-27T09:21:04.935141+00:00	sanctoral
44f9c371-3694-5f98-8e23-8763b49073d2	1024	Ded (Octava)		f2aa370f-fe32-5793-bf4d-911cfbf3621b			2026-04-27T09:21:04.935141+00:00	sanctoral
6b8b6413-157b-50f6-a61d-3229e03ea63d	1025	Ded (Vigilia)		f2aa370f-fe32-5793-bf4d-911cfbf3621b			2026-04-27T09:21:04.935141+00:00	sanctoral
04dca763-0429-58e6-b46e-19ccecb6aab7	1026	Deicolus		f2aa370f-fe32-5793-bf4d-911cfbf3621b			2026-04-27T09:21:04.935141+00:00	sanctoral
cdcef23e-84d5-52f9-a3fc-5f259a17e10f	1027	Demetria		f2aa370f-fe32-5793-bf4d-911cfbf3621b			2026-04-27T09:21:04.935141+00:00	sanctoral
4ae4af51-e338-52ec-91aa-6859166543c2	1028	Demetrianus		f2aa370f-fe32-5793-bf4d-911cfbf3621b			2026-04-27T09:21:04.935141+00:00	sanctoral
36cfda88-964f-5fa9-b697-86fef798b2f0	1029	Demetrius		f2aa370f-fe32-5793-bf4d-911cfbf3621b			2026-04-27T09:21:04.935141+00:00	sanctoral
f3955f5c-6d1c-59c2-9293-89b4b8efcaa4	1030	Deodatus		f2aa370f-fe32-5793-bf4d-911cfbf3621b			2026-04-27T09:21:04.935141+00:00	sanctoral
b6664618-184d-5f9e-9fcc-cb134a73b1fa	1031	Derianus		f2aa370f-fe32-5793-bf4d-911cfbf3621b			2026-04-27T09:21:04.935141+00:00	sanctoral
80651428-2640-53a4-bff7-e0a18818fbdb	1032	Desideratus		f2aa370f-fe32-5793-bf4d-911cfbf3621b			2026-04-27T09:21:04.935141+00:00	sanctoral
6ae16921-ffb1-5d30-a89b-9702c2e6994e	1033	Desideratus Bituricensis		f2aa370f-fe32-5793-bf4d-911cfbf3621b			2026-04-27T09:21:04.935141+00:00	sanctoral
2455a516-6e0a-5978-8a0c-31aa3c6f6f23	1034	Desideratus Cabilonensis		f2aa370f-fe32-5793-bf4d-911cfbf3621b			2026-04-27T09:21:04.935141+00:00	sanctoral
366d9891-a089-55b8-b7fe-f4982e15ee2f	1035	Desiderius		f2aa370f-fe32-5793-bf4d-911cfbf3621b			2026-04-27T09:21:04.935141+00:00	sanctoral
168a66f3-2fb5-571c-8741-3ca761d77f1c	1036	Desiderius (Translatio)		f2aa370f-fe32-5793-bf4d-911cfbf3621b			2026-04-27T09:21:04.935141+00:00	sanctoral
dc1ad60f-d468-5f21-b374-b085deb20ee6	1037	Desiderius Cabilonensis		f2aa370f-fe32-5793-bf4d-911cfbf3621b			2026-04-27T09:21:04.935141+00:00	sanctoral
f1a6e3cc-8f82-5cac-8c78-9dc1a7693fa5	1038	Desiderius Lingonensis		f2aa370f-fe32-5793-bf4d-911cfbf3621b			2026-04-27T09:21:04.935141+00:00	sanctoral
64b43c81-a929-5fa2-b9e9-5d6d6415b12b	1039	Desponsatio BMV		f2aa370f-fe32-5793-bf4d-911cfbf3621b			2026-04-27T09:21:04.935141+00:00	sanctoral
07454370-ec21-536b-84f9-3ae533150343	1040	Devota Oxomensis		f2aa370f-fe32-5793-bf4d-911cfbf3621b			2026-04-27T09:21:04.935141+00:00	sanctoral
7e3a00b5-0c84-52c6-9ea2-7e325ff637a2	1041	Dictinus		f2aa370f-fe32-5793-bf4d-911cfbf3621b			2026-04-27T09:21:04.935141+00:00	sanctoral
338b80d0-e36e-59e3-84b1-77d5fceb8860	1042	Didymus		f2aa370f-fe32-5793-bf4d-911cfbf3621b			2026-04-27T09:21:04.935141+00:00	sanctoral
b3fc99fc-bf5f-5523-acf9-ef0e1046eb98	1043	Dies		f2aa370f-fe32-5793-bf4d-911cfbf3621b			2026-04-27T09:21:04.935141+00:00	sanctoral
630de4af-24b0-5245-a567-07798a4afe94	1044	Dies 30 Assumptionis BMV		f2aa370f-fe32-5793-bf4d-911cfbf3621b			2026-04-27T09:21:04.935141+00:00	sanctoral
d56428b2-e506-57a1-b1c8-e8993764f58d	1045	Dies 40 Assumptionis BMV		f2aa370f-fe32-5793-bf4d-911cfbf3621b			2026-04-27T09:21:04.935141+00:00	sanctoral
6576ff9c-4500-5ea5-91a9-46f4c641f548	1046	Digna		f2aa370f-fe32-5793-bf4d-911cfbf3621b			2026-04-27T09:21:04.935141+00:00	sanctoral
fe3dbf09-8f53-5672-acff-c2daa582609c	1047	Digna martyr Cordubae		f2aa370f-fe32-5793-bf4d-911cfbf3621b			2026-04-27T09:21:04.935141+00:00	sanctoral
49311cea-24c7-5af1-a111-d843dbc2c960	1048	Diodorus martyr Romae		f2aa370f-fe32-5793-bf4d-911cfbf3621b			2026-04-27T09:21:04.935141+00:00	sanctoral
d58e2d15-0337-5b27-930e-40465d8242af	1049	Diogenes		f2aa370f-fe32-5793-bf4d-911cfbf3621b			2026-04-27T09:21:04.935141+00:00	sanctoral
e22c175e-f0e5-5540-b549-6a090223b256	1050	Dionysius		f2aa370f-fe32-5793-bf4d-911cfbf3621b			2026-04-27T09:21:04.935141+00:00	sanctoral
1c5355c0-4af5-54cf-9542-ff27f280ef7d	1051	Dionysius (Depositio)		f2aa370f-fe32-5793-bf4d-911cfbf3621b			2026-04-27T09:21:04.935141+00:00	sanctoral
78d64125-f67c-5973-883e-f1cbc54974c5	1052	Dionysius (Inventio)		f2aa370f-fe32-5793-bf4d-911cfbf3621b			2026-04-27T09:21:04.935141+00:00	sanctoral
2c7db9f4-cdd2-58cc-aa23-a4a45889c0b3	1053	Dionysius Areopagita		f2aa370f-fe32-5793-bf4d-911cfbf3621b			2026-04-27T09:21:04.935141+00:00	sanctoral
bdc6639b-341d-5832-b9ed-588509f77413	1054	Dionysius Augustensis		f2aa370f-fe32-5793-bf4d-911cfbf3621b			2026-04-27T09:21:04.935141+00:00	sanctoral
2054d62a-2504-59ad-b5a6-45169f15860c	1055	Dionysius Parisiensis		f2aa370f-fe32-5793-bf4d-911cfbf3621b			2026-04-27T09:21:04.935141+00:00	sanctoral
03ab8ab1-8bbe-5b32-b6d8-ab36bd105846	1056	Dionysius Parisiensis (Dominica infra octavas)		f2aa370f-fe32-5793-bf4d-911cfbf3621b			2026-04-27T09:21:04.935141+00:00	sanctoral
b929b009-b7dd-5b67-851e-68ec0f7af75e	1057	Dionysius Parisiensis (Infra octavas)		f2aa370f-fe32-5793-bf4d-911cfbf3621b			2026-04-27T09:21:04.935141+00:00	sanctoral
8663dc52-14c4-5250-94e9-51538a84eca6	1058	Dionysius Parisiensis (Inventio)		f2aa370f-fe32-5793-bf4d-911cfbf3621b			2026-04-27T09:21:04.935141+00:00	sanctoral
cd9ed86e-198d-5530-acbe-45de8e70d057	1059	Dionysius Parisiensis (Octava)		f2aa370f-fe32-5793-bf4d-911cfbf3621b			2026-04-27T09:21:04.935141+00:00	sanctoral
e550b740-b358-54d1-bfe5-4b5e3cfa3e87	1060	Dionysius Parisiensis (Vigilia)		f2aa370f-fe32-5793-bf4d-911cfbf3621b			2026-04-27T09:21:04.935141+00:00	sanctoral
b8b5c3ba-e01b-5de6-91c4-fb816a2a0049	1061	Dioscurus		f2aa370f-fe32-5793-bf4d-911cfbf3621b			2026-04-27T09:21:04.935141+00:00	sanctoral
65967960-38fe-53b2-b0d6-3014bfd86593	1062	Divisio Apostolorum		f2aa370f-fe32-5793-bf4d-911cfbf3621b			2026-04-27T09:21:04.935141+00:00	sanctoral
67e0ca18-f052-5763-a52c-284c93dde324	1063	Divitianus		f2aa370f-fe32-5793-bf4d-911cfbf3621b			2026-04-27T09:21:04.935141+00:00	sanctoral
dfbf2b28-d88a-5e5c-aa59-30c3dd98fbfc	1064	Doda		f2aa370f-fe32-5793-bf4d-911cfbf3621b			2026-04-27T09:21:04.935141+00:00	sanctoral
7122c0d9-3313-5367-a164-3616b06771bf	1065	Dodolinus		f2aa370f-fe32-5793-bf4d-911cfbf3621b			2026-04-27T09:21:04.935141+00:00	sanctoral
40b53123-1c27-591c-a719-1e7170dc7131	1066	Dominica		f2aa370f-fe32-5793-bf4d-911cfbf3621b			2026-04-27T09:21:04.935141+00:00	sanctoral
0f6245bc-8cf9-59ee-85ad-1e882d5a5c4e	1067	Dominica infra octavas Nativitatis		f2aa370f-fe32-5793-bf4d-911cfbf3621b			2026-04-27T09:21:04.935141+00:00	sanctoral
37c4f188-a6f1-5cea-aaee-4fa22321015a	1068	Dominicanus episcopus		f2aa370f-fe32-5793-bf4d-911cfbf3621b			2026-04-27T09:21:04.935141+00:00	sanctoral
70fd6b9d-57d5-5447-8a98-2692a26b731b	1069	Dominicus		f2aa370f-fe32-5793-bf4d-911cfbf3621b			2026-04-27T09:21:04.935141+00:00	sanctoral
be1aa392-4bc5-5654-ac21-bdf750eebdd2	1070	Dominicus abbas		f2aa370f-fe32-5793-bf4d-911cfbf3621b			2026-04-27T09:21:04.935141+00:00	sanctoral
a0962d22-8dd2-557d-8be9-6ea1037e948b	1071	Dominicus abbas (Octava)		f2aa370f-fe32-5793-bf4d-911cfbf3621b			2026-04-27T09:21:04.935141+00:00	sanctoral
a10b942f-41f6-5f32-8d12-2ce651b502c0	1072	Dominicus abbas (Translatio)		f2aa370f-fe32-5793-bf4d-911cfbf3621b			2026-04-27T09:21:04.935141+00:00	sanctoral
f9a99c2e-4de9-5721-b234-76c6d55fdca8	1073	Dominicus Calciatensis		f2aa370f-fe32-5793-bf4d-911cfbf3621b			2026-04-27T09:21:04.935141+00:00	sanctoral
456879b0-8183-51a2-9715-c6816bcfbf31	1074	Dominicus Calciatensis (Miraculum)		f2aa370f-fe32-5793-bf4d-911cfbf3621b			2026-04-27T09:21:04.935141+00:00	sanctoral
199b1c51-c7e7-55ab-9a2a-4f9096af1544	1075	Dominicus Calciatensis (Octava)		f2aa370f-fe32-5793-bf4d-911cfbf3621b			2026-04-27T09:21:04.935141+00:00	sanctoral
7a22b971-ceef-5385-b23a-0dbe9bc3f2e1	1076	Dominicus martyr		f2aa370f-fe32-5793-bf4d-911cfbf3621b			2026-04-27T09:21:04.935141+00:00	sanctoral
f0b72bc6-100a-56a8-9319-180948ef8bce	1077	Domitianus		f2aa370f-fe32-5793-bf4d-911cfbf3621b			2026-04-27T09:21:04.935141+00:00	sanctoral
a8abd31d-a94a-5856-bf1b-f2c5bc173ff5	1078	Domitianus Catalaunensis		f2aa370f-fe32-5793-bf4d-911cfbf3621b			2026-04-27T09:21:04.935141+00:00	sanctoral
1862cc19-f1cf-5bed-92a3-a09020c3abae	1079	Domitianus Traiectensis		f2aa370f-fe32-5793-bf4d-911cfbf3621b			2026-04-27T09:21:04.935141+00:00	sanctoral
40576d01-fb5b-52dd-9bdc-457f37d4e53d	1080	Domitilla		f2aa370f-fe32-5793-bf4d-911cfbf3621b			2026-04-27T09:21:04.935141+00:00	sanctoral
dfde5ff5-bea1-5c8b-b88c-ac8ea85e273b	1081	Domitius		f2aa370f-fe32-5793-bf4d-911cfbf3621b			2026-04-27T09:21:04.935141+00:00	sanctoral
2f372f20-7f63-5510-8d8b-abdef90e29b0	1082	Domninus		f2aa370f-fe32-5793-bf4d-911cfbf3621b			2026-04-27T09:21:04.935141+00:00	sanctoral
df29759a-4d43-5638-912a-4451e0e783ad	1083	Domninus Iuliensis		f2aa370f-fe32-5793-bf4d-911cfbf3621b			2026-04-27T09:21:04.935141+00:00	sanctoral
fe32d04c-d693-5bff-bf61-354140088c2a	1084	Domnius		f2aa370f-fe32-5793-bf4d-911cfbf3621b			2026-04-27T09:21:04.935141+00:00	sanctoral
a6cebf06-d077-5744-8c14-7f30cf3c8c77	1085	Domnolenus		f2aa370f-fe32-5793-bf4d-911cfbf3621b			2026-04-27T09:21:04.935141+00:00	sanctoral
0f970b68-46b9-5d77-9295-fb2020e4651e	1086	Domnolus		f2aa370f-fe32-5793-bf4d-911cfbf3621b			2026-04-27T09:21:04.935141+00:00	sanctoral
715794a2-6002-5731-936e-7b0fde936a4a	1087	Domnolus Cenomanensis		f2aa370f-fe32-5793-bf4d-911cfbf3621b			2026-04-27T09:21:04.935141+00:00	sanctoral
5752e969-1308-5cda-9804-cfdfac9f10bc	1088	Donatianus		f2aa370f-fe32-5793-bf4d-911cfbf3621b			2026-04-27T09:21:04.935141+00:00	sanctoral
18fd440e-3162-56fd-9c92-a353416f2657	1089	Donatianus (Octava)		f2aa370f-fe32-5793-bf4d-911cfbf3621b			2026-04-27T09:21:04.935141+00:00	sanctoral
3e1f003e-3d56-5bf0-8f5a-0a25d421c9b8	1090	Donatianus (Translatio)		f2aa370f-fe32-5793-bf4d-911cfbf3621b			2026-04-27T09:21:04.935141+00:00	sanctoral
36fe1083-f4a1-5b35-95bf-6587c3606ba1	1091	Donatus		f2aa370f-fe32-5793-bf4d-911cfbf3621b			2026-04-27T09:21:04.935141+00:00	sanctoral
44cfd35b-124c-5f22-959e-f6ae18c8cb28	1092	Donatus (Octava)		f2aa370f-fe32-5793-bf4d-911cfbf3621b			2026-04-27T09:21:04.935141+00:00	sanctoral
0219cca2-65e8-5873-8a8b-d3ffb2431c69	1093	Dorothea (Octava)		f2aa370f-fe32-5793-bf4d-911cfbf3621b			2026-04-27T09:21:04.935141+00:00	sanctoral
595c8b24-fad7-5427-a670-2eeb1d1d5222	1094	Dorotheus		f2aa370f-fe32-5793-bf4d-911cfbf3621b			2026-04-27T09:21:04.935141+00:00	sanctoral
ec187f94-2931-5201-8f7e-96af25e95972	1095	Drausinus		f2aa370f-fe32-5793-bf4d-911cfbf3621b			2026-04-27T09:21:04.935141+00:00	sanctoral
a01991ec-3e39-5689-8ce2-1b4ec905a55a	1096	Droctoveus		f2aa370f-fe32-5793-bf4d-911cfbf3621b			2026-04-27T09:21:04.935141+00:00	sanctoral
e54af30d-c7d6-58b9-a2e6-91f612a21d10	1097	Dubritius		f2aa370f-fe32-5793-bf4d-911cfbf3621b			2026-04-27T09:21:04.935141+00:00	sanctoral
9f4dac9f-c0b6-5e21-8c09-435075b0c1eb	1098	Dulchardus		f2aa370f-fe32-5793-bf4d-911cfbf3621b			2026-04-27T09:21:04.935141+00:00	sanctoral
5a76c1a5-fb3a-5c3d-913e-941100a04266	1099	Dulcidius Agenensis		f2aa370f-fe32-5793-bf4d-911cfbf3621b			2026-04-27T09:21:04.935141+00:00	sanctoral
239ac2c9-c0de-5584-aca1-af2cffb65553	1100	Dulcidius Agenensis (Octava)		f2aa370f-fe32-5793-bf4d-911cfbf3621b			2026-04-27T09:21:04.935141+00:00	sanctoral
8f249209-f894-5ef6-a333-51d25a1950f3	1101	Dulcissimus		f2aa370f-fe32-5793-bf4d-911cfbf3621b			2026-04-27T09:21:04.935141+00:00	sanctoral
48c063f3-1b21-5582-9696-7425748e919f	1102	Dunstanus		f2aa370f-fe32-5793-bf4d-911cfbf3621b			2026-04-27T09:21:04.935141+00:00	sanctoral
97c302a5-3344-5d11-8679-eb372d816866	1103	Duvanus		f2aa370f-fe32-5793-bf4d-911cfbf3621b			2026-04-27T09:21:04.935141+00:00	sanctoral
fdb30190-435c-54d9-8d75-15368ba6b466	1104	Ebbo		f2aa370f-fe32-5793-bf4d-911cfbf3621b			2026-04-27T09:21:04.935141+00:00	sanctoral
8156524c-8b83-5be6-bcf4-842d4af168fd	1105	Ebregisilus		f2aa370f-fe32-5793-bf4d-911cfbf3621b			2026-04-27T09:21:04.935141+00:00	sanctoral
67b920bb-b2ea-58aa-9c92-0b6732a38d2d	1106	Ebrulphus		f2aa370f-fe32-5793-bf4d-911cfbf3621b			2026-04-27T09:21:04.935141+00:00	sanctoral
4531dbe9-4b2c-5d3f-a628-85d7f56b959b	1107	Ebrulphus (Dominica infra octavas)		f2aa370f-fe32-5793-bf4d-911cfbf3621b			2026-04-27T09:21:04.935141+00:00	sanctoral
aab88b32-f297-579d-b658-5f91eee941ee	1108	Ebrulphus (Infra octavas)		f2aa370f-fe32-5793-bf4d-911cfbf3621b			2026-04-27T09:21:04.935141+00:00	sanctoral
a63060fd-fd2e-59c7-86b8-366996d4a390	1109	Edburga		f2aa370f-fe32-5793-bf4d-911cfbf3621b			2026-04-27T09:21:04.935141+00:00	sanctoral
e7f59353-a1c2-5a19-a9e9-452fc7986dd1	1110	Edibius		f2aa370f-fe32-5793-bf4d-911cfbf3621b			2026-04-27T09:21:04.935141+00:00	sanctoral
48459ecd-603b-5cf4-ba49-89174487ba19	1111	Edictus		f2aa370f-fe32-5793-bf4d-911cfbf3621b			2026-04-27T09:21:04.935141+00:00	sanctoral
abe5c666-4afd-5da0-8e37-de32371e066c	1112	Editha		f2aa370f-fe32-5793-bf4d-911cfbf3621b			2026-04-27T09:21:04.935141+00:00	sanctoral
23cba622-7eff-5fee-8969-db4332f80a74	1113	Edmundus		f2aa370f-fe32-5793-bf4d-911cfbf3621b			2026-04-27T09:21:04.935141+00:00	sanctoral
9b8b5cf1-8872-59e8-9a97-be4daff48688	1114	Edmundus episcopus		f2aa370f-fe32-5793-bf4d-911cfbf3621b			2026-04-27T09:21:04.935141+00:00	sanctoral
5377301c-fa90-5647-a6b6-35ac8fbaefea	1115	Edmundus episcopus (Translatio)		f2aa370f-fe32-5793-bf4d-911cfbf3621b			2026-04-27T09:21:04.935141+00:00	sanctoral
14ff19bb-3bd5-5097-84e0-02813012cb08	1116	Edmundus rex		f2aa370f-fe32-5793-bf4d-911cfbf3621b			2026-04-27T09:21:04.935141+00:00	sanctoral
1f4d440b-5d3d-542b-a0e9-e46f9d70e3e8	1117	Edmundus rex (Translatio)		f2aa370f-fe32-5793-bf4d-911cfbf3621b			2026-04-27T09:21:04.935141+00:00	sanctoral
0c1d00ef-5842-5bba-b66d-e45bc6cafafb	1118	Eduardus confessor		f2aa370f-fe32-5793-bf4d-911cfbf3621b			2026-04-27T09:21:04.935141+00:00	sanctoral
a6c9aa1b-5587-52a2-8214-c50e25f9fffa	1119	Eduardus confessor (Translatio)		f2aa370f-fe32-5793-bf4d-911cfbf3621b			2026-04-27T09:21:04.935141+00:00	sanctoral
9a526990-cfcb-5f02-88eb-8f86c9a8ba30	1120	Eduardus martyr		f2aa370f-fe32-5793-bf4d-911cfbf3621b			2026-04-27T09:21:04.935141+00:00	sanctoral
c944c9fd-4b2f-582c-a80e-ffd02f53b739	1121	Eduardus martyr (Translatio)		f2aa370f-fe32-5793-bf4d-911cfbf3621b			2026-04-27T09:21:04.935141+00:00	sanctoral
6edf2aa1-09d2-55ba-ac4d-f37dc1ebcb1a	1122	Eductio Domini de Aegypto		f2aa370f-fe32-5793-bf4d-911cfbf3621b			2026-04-27T09:21:04.935141+00:00	sanctoral
4c46e564-4f4b-52e7-9bf5-7a46e5adbda2	1123	Egressio Noe		f2aa370f-fe32-5793-bf4d-911cfbf3621b			2026-04-27T09:21:04.935141+00:00	sanctoral
f8d9b65a-b31c-5324-8862-9b5080cea25a	1124	Elaphius		f2aa370f-fe32-5793-bf4d-911cfbf3621b			2026-04-27T09:21:04.935141+00:00	sanctoral
a7ad8d4b-6af7-5f87-ac08-e490b3f4db9e	1125	Elbo		f2aa370f-fe32-5793-bf4d-911cfbf3621b			2026-04-27T09:21:04.935141+00:00	sanctoral
875cefd5-cd5b-5b7d-a7c9-72c2e56bb097	1126	Elbo (Translatio)		f2aa370f-fe32-5793-bf4d-911cfbf3621b			2026-04-27T09:21:04.935141+00:00	sanctoral
9ca33ad7-3f51-5221-b54c-8f5743970fc6	1127	Eleazarus		f2aa370f-fe32-5793-bf4d-911cfbf3621b			2026-04-27T09:21:04.935141+00:00	sanctoral
3d0f6b48-a67d-579f-a214-100389ad6bbd	1128	Eleosippus		f2aa370f-fe32-5793-bf4d-911cfbf3621b			2026-04-27T09:21:04.935141+00:00	sanctoral
7c7486d7-0ef9-5d5d-9e29-afc582380697	1129	Eleosippus (Inventio)		f2aa370f-fe32-5793-bf4d-911cfbf3621b			2026-04-27T09:21:04.935141+00:00	sanctoral
1aa9374d-023e-5f79-a573-2d2ea93c30e7	1130	Eleutherius		f2aa370f-fe32-5793-bf4d-911cfbf3621b			2026-04-27T09:21:04.935141+00:00	sanctoral
19402c1f-0e46-550c-8284-10ba2d4a54db	1131	Eleutherius (Inventio)		f2aa370f-fe32-5793-bf4d-911cfbf3621b			2026-04-27T09:21:04.935141+00:00	sanctoral
cb2bc902-f14b-5f12-ab58-eafd863c12cb	1132	Eleutherius Autissiodorensis		f2aa370f-fe32-5793-bf4d-911cfbf3621b			2026-04-27T09:21:04.935141+00:00	sanctoral
9cf85ab9-d47f-5742-a121-5e5f2c19793c	1133	Eleutherius papa		f2aa370f-fe32-5793-bf4d-911cfbf3621b			2026-04-27T09:21:04.935141+00:00	sanctoral
cb9ace61-3e10-5eb0-b170-c7eda007adc2	1134	Eleutherius Tornacensis (Elevatio ossium)		f2aa370f-fe32-5793-bf4d-911cfbf3621b			2026-04-27T09:21:04.935141+00:00	sanctoral
c3c33196-9782-56ad-a7f7-46b79a888ec3	1135	Eleutherius Tornacensis (Translatio Octava)		f2aa370f-fe32-5793-bf4d-911cfbf3621b			2026-04-27T09:21:04.935141+00:00	sanctoral
c99c8ee9-c9b1-5f5a-b7f7-9f8c02d02985	1136	Eleutherius Tornacensis (Translatio)		f2aa370f-fe32-5793-bf4d-911cfbf3621b			2026-04-27T09:21:04.935141+00:00	sanctoral
4604b9b8-fe2f-5e28-a798-7a08541fbf35	1137	Elias abbas		f2aa370f-fe32-5793-bf4d-911cfbf3621b			2026-04-27T09:21:04.935141+00:00	sanctoral
ea784c16-543a-5eb8-beb1-44e62c1b6801	1138	Elias martyr Cordubae		f2aa370f-fe32-5793-bf4d-911cfbf3621b			2026-04-27T09:21:04.935141+00:00	sanctoral
2dbc8f28-008c-5c20-8968-cbd503823a4f	1139	Eligius		f2aa370f-fe32-5793-bf4d-911cfbf3621b			2026-04-27T09:21:04.935141+00:00	sanctoral
a4fb649a-ed76-56cb-9ade-4325021bacb4	1140	Eligius (Infra octavas)		f2aa370f-fe32-5793-bf4d-911cfbf3621b			2026-04-27T09:21:04.935141+00:00	sanctoral
4438d121-2900-5587-84e8-02c82e8c0019	1141	Eligius (Octava)		f2aa370f-fe32-5793-bf4d-911cfbf3621b			2026-04-27T09:21:04.935141+00:00	sanctoral
3d333fc9-010d-50c3-a23e-8b7c9ae9fc8c	1142	Eligius (Ordinatio)		f2aa370f-fe32-5793-bf4d-911cfbf3621b			2026-04-27T09:21:04.935141+00:00	sanctoral
63b69605-4364-5256-b416-2809aa344c52	1143	Eligius (Translatio)		f2aa370f-fe32-5793-bf4d-911cfbf3621b			2026-04-27T09:21:04.935141+00:00	sanctoral
edbf1593-47e5-5781-a984-8ec3dae69c74	1144	Eligius episcopus		f2aa370f-fe32-5793-bf4d-911cfbf3621b			2026-04-27T09:21:04.935141+00:00	sanctoral
9a06fa26-0186-5a8c-90dd-ac121780be45	1145	Eliphius		f2aa370f-fe32-5793-bf4d-911cfbf3621b			2026-04-27T09:21:04.935141+00:00	sanctoral
85063663-9409-53ea-8b97-ebdd6ea48381	1146	Eliphius (Translatio)		f2aa370f-fe32-5793-bf4d-911cfbf3621b			2026-04-27T09:21:04.935141+00:00	sanctoral
a5341f1b-3d42-5383-87ec-b99b246b9417	1147	Elisabeth		f2aa370f-fe32-5793-bf4d-911cfbf3621b			2026-04-27T09:21:04.935141+00:00	sanctoral
544e52c6-0f6d-5606-820f-122baa4750dc	1148	Elisabeth mater Ioannis Baptistae		f2aa370f-fe32-5793-bf4d-911cfbf3621b			2026-04-27T09:21:04.935141+00:00	sanctoral
b4f0ebbf-7cee-5872-a622-d41ad76e5439	1149	Elisabeth vidua (Infra octavas)		f2aa370f-fe32-5793-bf4d-911cfbf3621b			2026-04-27T09:21:04.935141+00:00	sanctoral
cec5b907-471c-5cb0-95f6-63393dedbc72	1150	Elisabeth vidua (Octava)		f2aa370f-fe32-5793-bf4d-911cfbf3621b			2026-04-27T09:21:04.935141+00:00	sanctoral
9231bcf3-9fbf-5547-a9a4-af67070e67ec	1151	Elisabeth vidua (Translatio)		f2aa370f-fe32-5793-bf4d-911cfbf3621b			2026-04-27T09:21:04.935141+00:00	sanctoral
6e15e71b-136b-51b5-b209-3ab2e02cc8d2	1152	Eliseus		f2aa370f-fe32-5793-bf4d-911cfbf3621b			2026-04-27T09:21:04.935141+00:00	sanctoral
5af19ff6-6b80-59fc-8d96-59ac28d3f313	1153	Elladius		f2aa370f-fe32-5793-bf4d-911cfbf3621b			2026-04-27T09:21:04.935141+00:00	sanctoral
2bbdbef8-fda8-57c1-abd7-376e4b5b1108	1154	Elpidius		f2aa370f-fe32-5793-bf4d-911cfbf3621b			2026-04-27T09:21:04.935141+00:00	sanctoral
d99ae075-1e6a-59e9-8279-e96ed5bcda87	1155	Elzearius		f2aa370f-fe32-5793-bf4d-911cfbf3621b			2026-04-27T09:21:04.935141+00:00	sanctoral
a234acb1-754f-5b81-b4e5-1ae620c5714d	1156	Emanus		f2aa370f-fe32-5793-bf4d-911cfbf3621b			2026-04-27T09:21:04.935141+00:00	sanctoral
6c08824e-6245-5fce-91a0-5dd04496e91e	1157	Emerentiana		f2aa370f-fe32-5793-bf4d-911cfbf3621b			2026-04-27T09:21:04.935141+00:00	sanctoral
b38e56d5-80db-5cac-b0f4-076b150f6614	1158	Emericus (Depositio)		f2aa370f-fe32-5793-bf4d-911cfbf3621b			2026-04-27T09:21:04.935141+00:00	sanctoral
7194ef8e-f74d-5be4-b26f-edf61d71e61e	1159	Emerita		f2aa370f-fe32-5793-bf4d-911cfbf3621b			2026-04-27T09:21:04.935141+00:00	sanctoral
1565bf50-cba9-57e8-be0b-a84c9a494224	1160	Emeterius		f2aa370f-fe32-5793-bf4d-911cfbf3621b			2026-04-27T09:21:04.935141+00:00	sanctoral
6e364aa3-35b0-5a98-b7ff-60a4d94d7777	1161	Emeterius (Octava)		f2aa370f-fe32-5793-bf4d-911cfbf3621b			2026-04-27T09:21:04.935141+00:00	sanctoral
cda60b0b-55b7-50aa-a41c-74fff78f8b81	1162	Emeterius (Translatio)		f2aa370f-fe32-5793-bf4d-911cfbf3621b			2026-04-27T09:21:04.935141+00:00	sanctoral
46da0425-37bd-528a-a5be-a68e64626be6	1163	Emmeramus		f2aa370f-fe32-5793-bf4d-911cfbf3621b			2026-04-27T09:21:04.935141+00:00	sanctoral
7a860c60-6835-56bb-ac63-3a029acf654b	1164	Emmeramus (Octava)		f2aa370f-fe32-5793-bf4d-911cfbf3621b			2026-04-27T09:21:04.935141+00:00	sanctoral
3410e90e-b55d-54e9-bd3a-ed91be27abe1	1165	Emygdius		f2aa370f-fe32-5793-bf4d-911cfbf3621b			2026-04-27T09:21:04.935141+00:00	sanctoral
2f89e4ee-ee21-5d06-ab2b-0008c4814a76	1166	Enechonus		f2aa370f-fe32-5793-bf4d-911cfbf3621b			2026-04-27T09:21:04.935141+00:00	sanctoral
f1b74242-aa8c-50d5-b4b0-858e3295ce04	1167	Engratia		f2aa370f-fe32-5793-bf4d-911cfbf3621b			2026-04-27T09:21:04.935141+00:00	sanctoral
95feba62-8893-570e-9765-a68409a3162d	1168	Engratia (Inventio corporis)		f2aa370f-fe32-5793-bf4d-911cfbf3621b			2026-04-27T09:21:04.935141+00:00	sanctoral
f6ea4c9a-8897-5138-b435-673a816ee036	1169	Enimia		f2aa370f-fe32-5793-bf4d-911cfbf3621b			2026-04-27T09:21:04.935141+00:00	sanctoral
697e5b10-d3a5-5fe8-bf22-772bdceaf1cb	1170	Envesius		f2aa370f-fe32-5793-bf4d-911cfbf3621b			2026-04-27T09:21:04.935141+00:00	sanctoral
ae7e2d32-2def-5f75-9539-88153c1e9fba	1171	Eoaldus		f2aa370f-fe32-5793-bf4d-911cfbf3621b			2026-04-27T09:21:04.935141+00:00	sanctoral
dfdfe274-f9aa-58c0-8e9e-6a28983b5237	1172	Eobanus		f2aa370f-fe32-5793-bf4d-911cfbf3621b			2026-04-27T09:21:04.935141+00:00	sanctoral
1630c7eb-92dd-563f-8310-10b8bff7e05e	1173	Eonius Arelatensis		f2aa370f-fe32-5793-bf4d-911cfbf3621b			2026-04-27T09:21:04.935141+00:00	sanctoral
aa49e32d-92d4-55ce-83fc-bb2578dab7d1	1174	Ep		f2aa370f-fe32-5793-bf4d-911cfbf3621b			2026-04-27T09:21:04.935141+00:00	sanctoral
40f7c16e-8f1a-5ac6-8d1d-0f7500657f87	1175	Eparchius		f2aa370f-fe32-5793-bf4d-911cfbf3621b			2026-04-27T09:21:04.935141+00:00	sanctoral
b95a24c1-5d2a-54d1-82f2-33c671f31049	1176	Eparchius (Revelatio)		f2aa370f-fe32-5793-bf4d-911cfbf3621b			2026-04-27T09:21:04.935141+00:00	sanctoral
93c27ba2-fbaf-502b-9853-c29711d65f2f	1177	Ephrem		f2aa370f-fe32-5793-bf4d-911cfbf3621b			2026-04-27T09:21:04.935141+00:00	sanctoral
6c0dffdc-555e-5ba5-81e0-4a5eb891399d	1178	Epimachus		f2aa370f-fe32-5793-bf4d-911cfbf3621b			2026-04-27T09:21:04.935141+00:00	sanctoral
1efa0486-3ce9-5387-b251-306c32d47640	1179	Epiphania		f2aa370f-fe32-5793-bf4d-911cfbf3621b			2026-04-27T09:21:04.935141+00:00	sanctoral
4288a71a-744c-5690-9f76-f65b848d0e01	1180	Epiphania (Die 2)		f2aa370f-fe32-5793-bf4d-911cfbf3621b			2026-04-27T09:21:04.935141+00:00	sanctoral
51260f14-d479-583e-98f6-e86637e57c61	1181	Epiphania (Die 3)		f2aa370f-fe32-5793-bf4d-911cfbf3621b			2026-04-27T09:21:04.935141+00:00	sanctoral
a89c274e-ee33-5917-b4a2-260fcccece99	1182	Epiphania (Die 4)		f2aa370f-fe32-5793-bf4d-911cfbf3621b			2026-04-27T09:21:04.935141+00:00	sanctoral
a5a9fce8-c852-5e32-82bc-0b256caf1105	1183	Epiphania (Die 5)		f2aa370f-fe32-5793-bf4d-911cfbf3621b			2026-04-27T09:21:04.935141+00:00	sanctoral
b42b774f-fc52-54d4-9803-716394b46747	1184	Epiphania (Die 6)		f2aa370f-fe32-5793-bf4d-911cfbf3621b			2026-04-27T09:21:04.935141+00:00	sanctoral
09664cdf-4b33-5034-9548-6f77c74e8e44	1185	Epiphania (Die 7)		f2aa370f-fe32-5793-bf4d-911cfbf3621b			2026-04-27T09:21:04.935141+00:00	sanctoral
be1ef496-18b7-5d12-88e8-da1653829a6d	1186	Epiphania (Octava Vigilia)		f2aa370f-fe32-5793-bf4d-911cfbf3621b			2026-04-27T09:21:04.935141+00:00	sanctoral
a787d72a-f68a-586b-a48d-bca2756604ac	1187	Epiphania (Octava)		f2aa370f-fe32-5793-bf4d-911cfbf3621b			2026-04-27T09:21:04.935141+00:00	sanctoral
2c547fe6-7065-517d-8f6d-003600989e4f	1188	Epiphania (Vigilia)		f2aa370f-fe32-5793-bf4d-911cfbf3621b			2026-04-27T09:21:04.935141+00:00	sanctoral
a9d6651e-6895-57a1-8014-d0c67233ccc8	1189	Epiphanius		f2aa370f-fe32-5793-bf4d-911cfbf3621b			2026-04-27T09:21:04.935141+00:00	sanctoral
a57efe6f-fb24-508e-8edb-30ade0784d28	1190	Epipodius		f2aa370f-fe32-5793-bf4d-911cfbf3621b			2026-04-27T09:21:04.935141+00:00	sanctoral
2d262f2f-2463-5c4c-a0d5-800062bf7870	1191	Episcopi Silvanectenses		f2aa370f-fe32-5793-bf4d-911cfbf3621b			2026-04-27T09:21:04.935141+00:00	sanctoral
d9c9c4ac-3946-588e-ab42-596a02370110	1192	Erasma		f2aa370f-fe32-5793-bf4d-911cfbf3621b			2026-04-27T09:21:04.935141+00:00	sanctoral
1668a738-c871-50c1-a5fe-2627a84f4fd6	1193	Erasma (Octava)		f2aa370f-fe32-5793-bf4d-911cfbf3621b			2026-04-27T09:21:04.935141+00:00	sanctoral
e390c561-6cf3-598c-bc19-e8b41a838c9d	1194	Erasmus (Translatio)		f2aa370f-fe32-5793-bf4d-911cfbf3621b			2026-04-27T09:21:04.935141+00:00	sanctoral
3279eb62-83a2-52a0-9bac-ec7396349cbf	1195	Erentrudis		f2aa370f-fe32-5793-bf4d-911cfbf3621b			2026-04-27T09:21:04.935141+00:00	sanctoral
d826de29-8c35-5649-bf1d-eb93d67fd0c3	1196	Erentrudis (Translatio)		f2aa370f-fe32-5793-bf4d-911cfbf3621b			2026-04-27T09:21:04.935141+00:00	sanctoral
108dd277-d475-5772-98b9-4548b9a3923e	1197	Erhardus		f2aa370f-fe32-5793-bf4d-911cfbf3621b			2026-04-27T09:21:04.935141+00:00	sanctoral
ecd9e83b-9a31-593e-be62-6e344773c737	1198	Erhardus (Translatio)		f2aa370f-fe32-5793-bf4d-911cfbf3621b			2026-04-27T09:21:04.935141+00:00	sanctoral
1a7c9e14-e384-5093-a062-a09a34c14f22	1199	Ericus (Translatio)		f2aa370f-fe32-5793-bf4d-911cfbf3621b			2026-04-27T09:21:04.935141+00:00	sanctoral
d17946ea-81f9-54eb-a237-9682f44e0e55	1200	Erkenwaldus		f2aa370f-fe32-5793-bf4d-911cfbf3621b			2026-04-27T09:21:04.935141+00:00	sanctoral
cc6a16bb-05b2-5347-93a4-28fa8820bbbd	1201	Erkenwaldus (Translatio)		f2aa370f-fe32-5793-bf4d-911cfbf3621b			2026-04-27T09:21:04.935141+00:00	sanctoral
eb4bf4aa-69f4-5bdf-bdc6-f06404eeae02	1202	Ermenfredus		f2aa370f-fe32-5793-bf4d-911cfbf3621b			2026-04-27T09:21:04.935141+00:00	sanctoral
ddfacfc3-805f-57a4-85f5-9009572c5cdd	1203	Ermengaud		f2aa370f-fe32-5793-bf4d-911cfbf3621b			2026-04-27T09:21:04.935141+00:00	sanctoral
5b30a01d-c868-582a-b1b2-2ab3a1a121b2	1204	Eskilus (Translatio Octava)		f2aa370f-fe32-5793-bf4d-911cfbf3621b			2026-04-27T09:21:04.935141+00:00	sanctoral
6c2f416c-bb89-5bf9-9fa7-e56bc2c34e5d	1205	Eskilus (Translatio)		f2aa370f-fe32-5793-bf4d-911cfbf3621b			2026-04-27T09:21:04.935141+00:00	sanctoral
4054dca9-188d-5e65-8795-b26ea8208edb	1206	Ethelbertus		f2aa370f-fe32-5793-bf4d-911cfbf3621b			2026-04-27T09:21:04.935141+00:00	sanctoral
9826405f-7b6b-5d25-8694-3b98b6cfcad9	1207	Ethelbertus (Infra octavas)		f2aa370f-fe32-5793-bf4d-911cfbf3621b			2026-04-27T09:21:04.935141+00:00	sanctoral
d46e5d58-5cbd-5029-a336-af9c0f41b563	1208	Ethelbertus (Octava)		f2aa370f-fe32-5793-bf4d-911cfbf3621b			2026-04-27T09:21:04.935141+00:00	sanctoral
a0b76fd3-ae6a-5948-8e11-c0a56898154b	1209	Etheldreda		f2aa370f-fe32-5793-bf4d-911cfbf3621b			2026-04-27T09:21:04.935141+00:00	sanctoral
761eb69a-3b9b-5953-af12-6998cd9b16fc	1210	Etheldreda (Traanslatio)		f2aa370f-fe32-5793-bf4d-911cfbf3621b			2026-04-27T09:21:04.935141+00:00	sanctoral
5d36c0ea-c735-5a03-be56-fb0a961c7e46	1211	Etherius		f2aa370f-fe32-5793-bf4d-911cfbf3621b			2026-04-27T09:21:04.935141+00:00	sanctoral
9a170e99-18d6-5f9b-a970-ec55d7691eb1	1212	Eucharistia		f2aa370f-fe32-5793-bf4d-911cfbf3621b			2026-04-27T09:21:04.935141+00:00	sanctoral
dccbb7b6-9d12-5bac-a561-5f6ae3d449de	1213	Eucharius		f2aa370f-fe32-5793-bf4d-911cfbf3621b			2026-04-27T09:21:04.935141+00:00	sanctoral
378841dd-f579-550b-b3a3-7c903c67cd67	1214	Eucharius Treverensis		f2aa370f-fe32-5793-bf4d-911cfbf3621b			2026-04-27T09:21:04.935141+00:00	sanctoral
2b7ff3d8-5ece-5cbf-8a3e-94196c22718c	1215	Eucherius		f2aa370f-fe32-5793-bf4d-911cfbf3621b			2026-04-27T09:21:04.935141+00:00	sanctoral
fee4a455-5c86-5985-941a-64eccdad741c	1216	Euchinus		f2aa370f-fe32-5793-bf4d-911cfbf3621b			2026-04-27T09:21:04.935141+00:00	sanctoral
8ca965f4-b7b9-53fe-85db-f1d4bb12bda6	1217	Eufronius		f2aa370f-fe32-5793-bf4d-911cfbf3621b			2026-04-27T09:21:04.935141+00:00	sanctoral
87908cdd-26b2-503f-9665-c0dd27bc212e	1218	Eugendus		f2aa370f-fe32-5793-bf4d-911cfbf3621b			2026-04-27T09:21:04.935141+00:00	sanctoral
1056a2d1-441d-5a6f-b5c6-4fad1c019888	1219	Eugenia		f2aa370f-fe32-5793-bf4d-911cfbf3621b			2026-04-27T09:21:04.935141+00:00	sanctoral
482b0cf0-cb45-57c6-9a41-9ff20d23bb9a	1220	Eugenius		f2aa370f-fe32-5793-bf4d-911cfbf3621b			2026-04-27T09:21:04.935141+00:00	sanctoral
9236ad56-33db-5f8f-9b71-f34ea8e488f5	1221	Eugenius Carthaginensis		f2aa370f-fe32-5793-bf4d-911cfbf3621b			2026-04-27T09:21:04.935141+00:00	sanctoral
5e9e1438-8877-5a7a-86f0-640349868c9f	1222	Eugenius Toletanus		f2aa370f-fe32-5793-bf4d-911cfbf3621b			2026-04-27T09:21:04.935141+00:00	sanctoral
8791291b-beeb-54a5-bc11-fb6686af389c	1223	Eugenius Toletanus (Octava)		f2aa370f-fe32-5793-bf4d-911cfbf3621b			2026-04-27T09:21:04.935141+00:00	sanctoral
b1fdf4f2-a9f6-51e1-8b4d-d6d226fbc292	1224	Eugenius Toletanus (Translatio)		f2aa370f-fe32-5793-bf4d-911cfbf3621b			2026-04-27T09:21:04.935141+00:00	sanctoral
f219bf3a-35b5-5deb-bd12-fa6d65dfcf66	1225	Eugenius Toletanus (Vigilia)		f2aa370f-fe32-5793-bf4d-911cfbf3621b			2026-04-27T09:21:04.935141+00:00	sanctoral
fe0223ba-33b2-5582-8883-64a2f6755f32	1226	Eulalia		f2aa370f-fe32-5793-bf4d-911cfbf3621b			2026-04-27T09:21:04.935141+00:00	sanctoral
237e61fa-144e-5081-854e-b378e37ea119	1227	Eulalia (Translatio)		f2aa370f-fe32-5793-bf4d-911cfbf3621b			2026-04-27T09:21:04.935141+00:00	sanctoral
181113de-2e11-5fad-8c4c-a9cc1b48ab09	1228	Eulalia Barcinonensis		f2aa370f-fe32-5793-bf4d-911cfbf3621b			2026-04-27T09:21:04.935141+00:00	sanctoral
fb07c630-48f9-5b89-9b17-d3f8aee2f2c7	1229	Eulalia Barcinonensis (Infra octavas)		f2aa370f-fe32-5793-bf4d-911cfbf3621b			2026-04-27T09:21:04.935141+00:00	sanctoral
d3258475-fc0d-5e21-bf6d-7ffaee4f981e	1230	Eulalia Barcinonensis (Octava)		f2aa370f-fe32-5793-bf4d-911cfbf3621b			2026-04-27T09:21:04.935141+00:00	sanctoral
4607d966-57d6-55a9-ae64-90b08f816aeb	1231	Eulalia Barcinonensis (Translatio)		f2aa370f-fe32-5793-bf4d-911cfbf3621b			2026-04-27T09:21:04.935141+00:00	sanctoral
b759da8d-0c79-58c9-ac30-984e3f553356	1232	Eulalia Barcinonensis (Vigilia)		f2aa370f-fe32-5793-bf4d-911cfbf3621b			2026-04-27T09:21:04.935141+00:00	sanctoral
8e9e7118-8e6d-54e8-b1d0-ec4adf0250a8	1233	Eulalia Emeritensis		f2aa370f-fe32-5793-bf4d-911cfbf3621b			2026-04-27T09:21:04.935141+00:00	sanctoral
6cdac7de-518c-5a80-9ffe-e843ea35956e	1234	Eulalia Emeritensis (Octava)		f2aa370f-fe32-5793-bf4d-911cfbf3621b			2026-04-27T09:21:04.935141+00:00	sanctoral
b23d47a2-9226-5728-9554-ad9f261c15d3	1235	Eulalius		f2aa370f-fe32-5793-bf4d-911cfbf3621b			2026-04-27T09:21:04.935141+00:00	sanctoral
d6872561-76e5-5189-98f1-881dbb6685f0	1236	Eulogius		f2aa370f-fe32-5793-bf4d-911cfbf3621b			2026-04-27T09:21:04.935141+00:00	sanctoral
8891277b-11af-5a68-a199-2bbd4819dbf7	1237	Eulogius (Octava)		f2aa370f-fe32-5793-bf4d-911cfbf3621b			2026-04-27T09:21:04.935141+00:00	sanctoral
c06681a9-a4fe-5bf9-9b03-2b7913b309a0	1238	Eulogius Cordubensis		f2aa370f-fe32-5793-bf4d-911cfbf3621b			2026-04-27T09:21:04.935141+00:00	sanctoral
1dbabece-f6d0-5168-bfbf-6f7b4d7f2eb9	1239	Eunus		f2aa370f-fe32-5793-bf4d-911cfbf3621b			2026-04-27T09:21:04.935141+00:00	sanctoral
1b4d0b9f-7cd2-5bcd-a39f-022ab12433f4	1240	Euphemia		f2aa370f-fe32-5793-bf4d-911cfbf3621b			2026-04-27T09:21:04.935141+00:00	sanctoral
8c457a02-d97c-56b7-b6bb-9622661d3201	1241	Euphemia (Octava)		f2aa370f-fe32-5793-bf4d-911cfbf3621b			2026-04-27T09:21:04.935141+00:00	sanctoral
c0ec638f-b22d-51cd-a390-64daf7bf0e1b	1242	Euphemia (Translatio)		f2aa370f-fe32-5793-bf4d-911cfbf3621b			2026-04-27T09:21:04.935141+00:00	sanctoral
fc9c306e-824d-5cb8-992c-7da08594559c	1243	Euphemia Chalcedonensis		f2aa370f-fe32-5793-bf4d-911cfbf3621b			2026-04-27T09:21:04.935141+00:00	sanctoral
02f018af-65b8-57ed-a8c9-707579954f61	1244	Euphemia Chalcedonensis (Infra octavas)		f2aa370f-fe32-5793-bf4d-911cfbf3621b			2026-04-27T09:21:04.935141+00:00	sanctoral
a5533dae-7b98-5d60-923d-31020b062c1a	1245	Euphrasia		f2aa370f-fe32-5793-bf4d-911cfbf3621b			2026-04-27T09:21:04.935141+00:00	sanctoral
288ac3ac-ef37-5277-85b7-13d171405dd5	1246	Euphronius		f2aa370f-fe32-5793-bf4d-911cfbf3621b			2026-04-27T09:21:04.935141+00:00	sanctoral
900689af-1f45-5152-ba66-4fe1b2f38f84	1247	Euphrosina		f2aa370f-fe32-5793-bf4d-911cfbf3621b			2026-04-27T09:21:04.935141+00:00	sanctoral
3ad9a89c-e0b9-5c54-a280-74ad70175d8e	1248	Euphrosius		f2aa370f-fe32-5793-bf4d-911cfbf3621b			2026-04-27T09:21:04.935141+00:00	sanctoral
5946952f-ceb4-5b99-9b22-0aa1683c53c1	1249	Euplus		f2aa370f-fe32-5793-bf4d-911cfbf3621b			2026-04-27T09:21:04.935141+00:00	sanctoral
86aaeef8-0b91-58ec-80bb-2795adecebb2	1250	Eusebius		f2aa370f-fe32-5793-bf4d-911cfbf3621b			2026-04-27T09:21:04.935141+00:00	sanctoral
b73b6dbf-b277-5386-a5b6-5b527150d7ab	1251	Eusebius abbas		f2aa370f-fe32-5793-bf4d-911cfbf3621b			2026-04-27T09:21:04.935141+00:00	sanctoral
24854ded-e010-55fe-96ea-03af1f33d986	1252	Eusebius de Cibalis		f2aa370f-fe32-5793-bf4d-911cfbf3621b			2026-04-27T09:21:04.935141+00:00	sanctoral
d7fa8e4f-cbca-545d-91c6-ca15a1fa5322	1253	Eusebius episcopus		f2aa370f-fe32-5793-bf4d-911cfbf3621b			2026-04-27T09:21:04.935141+00:00	sanctoral
c4a5d958-8df2-5860-ab54-9e467990371d	1254	Eusebius papa		f2aa370f-fe32-5793-bf4d-911cfbf3621b			2026-04-27T09:21:04.935141+00:00	sanctoral
69a31c42-4b76-5e09-b0fb-fa3cd5c003b2	1255	Eusebius Romanus		f2aa370f-fe32-5793-bf4d-911cfbf3621b			2026-04-27T09:21:04.935141+00:00	sanctoral
ceea6cd6-128d-5abf-8612-9b3ae7a50529	1256	Eusicius		f2aa370f-fe32-5793-bf4d-911cfbf3621b			2026-04-27T09:21:04.935141+00:00	sanctoral
09d662ca-206f-5bb9-9f48-8344dda07ce6	1257	Euspicius		f2aa370f-fe32-5793-bf4d-911cfbf3621b			2026-04-27T09:21:04.935141+00:00	sanctoral
aed3a6e8-9cd6-5041-953b-acf5f5995cb4	1258	Eustachius		f2aa370f-fe32-5793-bf4d-911cfbf3621b			2026-04-27T09:21:04.935141+00:00	sanctoral
2c76946b-80e3-5b61-9f39-a03281aa09c2	1259	Eustachius abbas		f2aa370f-fe32-5793-bf4d-911cfbf3621b			2026-04-27T09:21:04.935141+00:00	sanctoral
97262f30-e26c-5296-8e75-9cfb2eeacdc9	1260	Eustachius episcopus		f2aa370f-fe32-5793-bf4d-911cfbf3621b			2026-04-27T09:21:04.935141+00:00	sanctoral
ac537a1d-6312-55be-814c-4137250c8861	1261	Eustachius martyr		f2aa370f-fe32-5793-bf4d-911cfbf3621b			2026-04-27T09:21:04.935141+00:00	sanctoral
f85e30f7-4910-5cab-bfd5-63c0bd0b9967	1262	Eustochia		f2aa370f-fe32-5793-bf4d-911cfbf3621b			2026-04-27T09:21:04.935141+00:00	sanctoral
73567797-e441-5615-b53e-2885e615d145	1263	Eustochium		f2aa370f-fe32-5793-bf4d-911cfbf3621b			2026-04-27T09:21:04.935141+00:00	sanctoral
89823fbd-65fc-5c2a-8948-80dc98d843cf	1264	Eustochius Turonensis		f2aa370f-fe32-5793-bf4d-911cfbf3621b			2026-04-27T09:21:04.935141+00:00	sanctoral
f66dddc8-6e14-50f8-9c74-39155b6c5858	1265	Eustorgius		f2aa370f-fe32-5793-bf4d-911cfbf3621b			2026-04-27T09:21:04.935141+00:00	sanctoral
4f608bd7-2518-5c51-9ea6-7974e695ff6f	1266	Eustratius		f2aa370f-fe32-5793-bf4d-911cfbf3621b			2026-04-27T09:21:04.935141+00:00	sanctoral
de76c464-45a4-5e62-9489-820269dc2a69	1267	Euticianus		f2aa370f-fe32-5793-bf4d-911cfbf3621b			2026-04-27T09:21:04.935141+00:00	sanctoral
54a4c83e-6948-52c4-9e1a-c0a98d05a236	1268	Eutinus		f2aa370f-fe32-5793-bf4d-911cfbf3621b			2026-04-27T09:21:04.935141+00:00	sanctoral
c1c956aa-91a6-5e9e-a06d-12e4dc014ce1	1269	Eutrix		f2aa370f-fe32-5793-bf4d-911cfbf3621b			2026-04-27T09:21:04.935141+00:00	sanctoral
298b9a2d-2874-5148-a9f0-6d6dafa2cf08	1270	Eutropia		f2aa370f-fe32-5793-bf4d-911cfbf3621b			2026-04-27T09:21:04.935141+00:00	sanctoral
42712cbb-6794-567e-af44-b2124796896f	1271	Eutropia (Translatio)		f2aa370f-fe32-5793-bf4d-911cfbf3621b			2026-04-27T09:21:04.935141+00:00	sanctoral
425ad338-79a3-55f5-9cf2-9d2596264e2c	1272	Eutropius		f2aa370f-fe32-5793-bf4d-911cfbf3621b			2026-04-27T09:21:04.935141+00:00	sanctoral
602a08b4-820c-5953-a8f7-62a92308a198	1273	Eutropius (Octava)		f2aa370f-fe32-5793-bf4d-911cfbf3621b			2026-04-27T09:21:04.935141+00:00	sanctoral
194173e3-75da-5e72-8818-696612b58c2c	1274	Eutropius (Translatio)		f2aa370f-fe32-5793-bf4d-911cfbf3621b			2026-04-27T09:21:04.935141+00:00	sanctoral
3337a429-d066-57de-8ee8-d216e488330c	1275	Eutropius martyr		f2aa370f-fe32-5793-bf4d-911cfbf3621b			2026-04-27T09:21:04.935141+00:00	sanctoral
6e9a9b27-13c4-5ad2-a2c4-a5f69eb998f3	1276	Eutychianus		f2aa370f-fe32-5793-bf4d-911cfbf3621b			2026-04-27T09:21:04.935141+00:00	sanctoral
dc8f6ce3-4a77-51d3-9280-5ed2a847bff3	1277	Eutychius		f2aa370f-fe32-5793-bf4d-911cfbf3621b			2026-04-27T09:21:04.935141+00:00	sanctoral
016edb2c-3b9b-530b-a35c-ace3f18cc3d5	1278	Evaldus		f2aa370f-fe32-5793-bf4d-911cfbf3621b			2026-04-27T09:21:04.935141+00:00	sanctoral
0c0c3549-a7b6-54dd-85a6-4b88de56e082	1279	Evaldus (Adventus)		f2aa370f-fe32-5793-bf4d-911cfbf3621b			2026-04-27T09:21:04.935141+00:00	sanctoral
c70b533b-a285-5a2c-9070-460976686a82	1280	Evantius Viennensis		f2aa370f-fe32-5793-bf4d-911cfbf3621b			2026-04-27T09:21:04.935141+00:00	sanctoral
b8418676-0951-505a-b281-02c3521de88d	1281	Evaristus		f2aa370f-fe32-5793-bf4d-911cfbf3621b			2026-04-27T09:21:04.935141+00:00	sanctoral
d7a21e20-b816-5837-8f0b-e0bed6e89381	1282	Evasius		f2aa370f-fe32-5793-bf4d-911cfbf3621b			2026-04-27T09:21:04.935141+00:00	sanctoral
2035e180-d80c-53ae-b462-a3727eb047d1	1283	Evasius Hastensis		f2aa370f-fe32-5793-bf4d-911cfbf3621b			2026-04-27T09:21:04.935141+00:00	sanctoral
ff76e3ad-3bdd-5d6a-b884-926792d962cf	1284	Eventius		f2aa370f-fe32-5793-bf4d-911cfbf3621b			2026-04-27T09:21:04.935141+00:00	sanctoral
c5a56787-8077-59e5-8e16-79b4ee8e7f53	1285	Evergisilius		f2aa370f-fe32-5793-bf4d-911cfbf3621b			2026-04-27T09:21:04.935141+00:00	sanctoral
4a78a76d-664b-5cc0-95cc-7ecf73c86b35	1286	Everildis		f2aa370f-fe32-5793-bf4d-911cfbf3621b			2026-04-27T09:21:04.935141+00:00	sanctoral
3b12be98-3981-51a2-965b-cbb988ec43f8	1287	Evilasius		f2aa370f-fe32-5793-bf4d-911cfbf3621b			2026-04-27T09:21:04.935141+00:00	sanctoral
a52bda74-842c-5894-aea7-f5631b5a3e0f	1288	Evodius		f2aa370f-fe32-5793-bf4d-911cfbf3621b			2026-04-27T09:21:04.935141+00:00	sanctoral
b008a43e-0eb5-551e-8459-6a08c8a5d7f6	1289	Evodius (Translatio)		f2aa370f-fe32-5793-bf4d-911cfbf3621b			2026-04-27T09:21:04.935141+00:00	sanctoral
c512acd9-1b5a-5c09-a063-6fe1d29bec90	1290	Evodius Aniciensis		f2aa370f-fe32-5793-bf4d-911cfbf3621b			2026-04-27T09:21:04.935141+00:00	sanctoral
6913da64-10cb-578e-b723-4b3dd16bb3a1	1291	Evodius Rotomagensis		f2aa370f-fe32-5793-bf4d-911cfbf3621b			2026-04-27T09:21:04.935141+00:00	sanctoral
0ce6e466-9209-5943-af62-a5a4edcfbd7b	1292	Evremundus		f2aa370f-fe32-5793-bf4d-911cfbf3621b			2026-04-27T09:21:04.935141+00:00	sanctoral
4ebd94b1-e643-5bad-b1c6-52d680b27866	1293	Evurtius		f2aa370f-fe32-5793-bf4d-911cfbf3621b			2026-04-27T09:21:04.935141+00:00	sanctoral
35169439-aa12-5b1c-907f-a4ce04398571	1294	Exaltatio Crucis		f2aa370f-fe32-5793-bf4d-911cfbf3621b			2026-04-27T09:21:04.935141+00:00	sanctoral
6ae3bb37-b080-55c7-92ff-16d58cfedc83	1295	Exaltatio Crucis (Infra octavas)		f2aa370f-fe32-5793-bf4d-911cfbf3621b			2026-04-27T09:21:04.935141+00:00	sanctoral
3fead3b2-c32b-51d4-bb2b-4228cafb24a8	1296	Exaltatio Crucis (Octava)		f2aa370f-fe32-5793-bf4d-911cfbf3621b			2026-04-27T09:21:04.935141+00:00	sanctoral
6cab9083-44db-58e2-b75f-5912a9b82959	1297	Exaltatio Crucis in Hispania		f2aa370f-fe32-5793-bf4d-911cfbf3621b			2026-04-27T09:21:04.935141+00:00	sanctoral
423d6afc-e991-5a46-95d0-2a2943f6f61f	1298	Exaltatio Fidei		f2aa370f-fe32-5793-bf4d-911cfbf3621b			2026-04-27T09:21:04.935141+00:00	sanctoral
3ce58ead-579d-505a-9a10-172e1a9a4d1b	1299	Exspectatio Partus BMV		f2aa370f-fe32-5793-bf4d-911cfbf3621b			2026-04-27T09:21:04.935141+00:00	sanctoral
60dfb1ed-1515-50df-ad62-98eaa574be57	1300	Exspectatio Partus BMV (Vigilia)		f2aa370f-fe32-5793-bf4d-911cfbf3621b			2026-04-27T09:21:04.935141+00:00	sanctoral
c0a038b8-c87a-5778-aaed-1d4b0b026e82	1301	Exuperantius		f2aa370f-fe32-5793-bf4d-911cfbf3621b			2026-04-27T09:21:04.935141+00:00	sanctoral
b096f1cd-51f1-58ef-8f8b-ba5310f98370	1302	Exuperantius Cingulanus		f2aa370f-fe32-5793-bf4d-911cfbf3621b			2026-04-27T09:21:04.935141+00:00	sanctoral
92f27855-4dba-5f18-aba2-ddaebf59bad2	1303	Exuperius		f2aa370f-fe32-5793-bf4d-911cfbf3621b			2026-04-27T09:21:04.935141+00:00	sanctoral
ceae1420-fcf8-59c7-8b46-d6d2216f1c2f	1304	Exuperius (Revelatio)		f2aa370f-fe32-5793-bf4d-911cfbf3621b			2026-04-27T09:21:04.935141+00:00	sanctoral
85af0d39-ee52-5463-89ce-6e060d0bfbd1	1305	Exuperius Agaunensis		f2aa370f-fe32-5793-bf4d-911cfbf3621b			2026-04-27T09:21:04.935141+00:00	sanctoral
6751bc7f-5cc7-5c98-b372-05fe90ff3a25	1306	Exuperius Baiocensis		f2aa370f-fe32-5793-bf4d-911cfbf3621b			2026-04-27T09:21:04.935141+00:00	sanctoral
28bc2645-beb5-5c8e-a159-6e2bdd399a14	1307	Exuperius Baiocensis (Translatio)		f2aa370f-fe32-5793-bf4d-911cfbf3621b			2026-04-27T09:21:04.935141+00:00	sanctoral
6043d257-3db9-5d3b-9c2c-8d7df2bd5efd	1308	Exuperius Tolosanus		f2aa370f-fe32-5793-bf4d-911cfbf3621b			2026-04-27T09:21:04.935141+00:00	sanctoral
9805eff2-da03-5368-9218-03f9f8539069	1309	Exuperius Tolosanus (Translatio)		f2aa370f-fe32-5793-bf4d-911cfbf3621b			2026-04-27T09:21:04.935141+00:00	sanctoral
9fc8da9b-99e3-5ad5-afd1-6ac9d63bd899	1310	Ezechiel		f2aa370f-fe32-5793-bf4d-911cfbf3621b			2026-04-27T09:21:04.935141+00:00	sanctoral
f9b7440f-af29-5bce-86b1-dd3e4773e3ad	1311	Fabianus		f2aa370f-fe32-5793-bf4d-911cfbf3621b			2026-04-27T09:21:04.935141+00:00	sanctoral
06dd7ca6-bfbe-52f0-b5fe-dbb6cc17870e	1312	Fabianus (Octava)		f2aa370f-fe32-5793-bf4d-911cfbf3621b			2026-04-27T09:21:04.935141+00:00	sanctoral
968f2b7e-71f5-5da0-83cc-de67505a34cd	1313	Fabius		f2aa370f-fe32-5793-bf4d-911cfbf3621b			2026-04-27T09:21:04.935141+00:00	sanctoral
9978b1b1-39b1-52fd-aae0-e68dd30f42a9	1314	Facundus		f2aa370f-fe32-5793-bf4d-911cfbf3621b			2026-04-27T09:21:04.935141+00:00	sanctoral
6924862c-e357-5122-9718-b326e982136a	1315	Fara		f2aa370f-fe32-5793-bf4d-911cfbf3621b			2026-04-27T09:21:04.935141+00:00	sanctoral
3bbbeacf-2ad9-5301-8c5b-348ea32a7e9a	1316	Faro		f2aa370f-fe32-5793-bf4d-911cfbf3621b			2026-04-27T09:21:04.935141+00:00	sanctoral
20907b0f-0c30-55bc-8be9-5dcc5c00dd09	1317	Fausta		f2aa370f-fe32-5793-bf4d-911cfbf3621b			2026-04-27T09:21:04.935141+00:00	sanctoral
ad156a2d-9971-5f37-9e34-900ec3eb1f46	1318	Faustina		f2aa370f-fe32-5793-bf4d-911cfbf3621b			2026-04-27T09:21:04.935141+00:00	sanctoral
84c95d48-6e39-521b-859f-7bf067d200f1	1319	Faustinus		f2aa370f-fe32-5793-bf4d-911cfbf3621b			2026-04-27T09:21:04.935141+00:00	sanctoral
65795723-bdf4-5863-9fb1-068efe36089d	1320	Faustinus (Adventus reliquiarum)		f2aa370f-fe32-5793-bf4d-911cfbf3621b			2026-04-27T09:21:04.935141+00:00	sanctoral
1eac2e11-bd13-5376-a8c1-f3ca800872fb	1321	Faustinus episcopus		f2aa370f-fe32-5793-bf4d-911cfbf3621b			2026-04-27T09:21:04.935141+00:00	sanctoral
0d2b516f-042d-5c57-b38e-6d7cdc1dcbec	1322	Faustinus episcopus (Octava)		f2aa370f-fe32-5793-bf4d-911cfbf3621b			2026-04-27T09:21:04.935141+00:00	sanctoral
a39315ee-37cc-5888-9e01-444e2c8d62ed	1323	Faustus		f2aa370f-fe32-5793-bf4d-911cfbf3621b			2026-04-27T09:21:04.935141+00:00	sanctoral
65465a12-7778-56ee-884f-d2e582b99483	1324	Febronia		f2aa370f-fe32-5793-bf4d-911cfbf3621b			2026-04-27T09:21:04.935141+00:00	sanctoral
4d97a711-fc2f-550b-b6a3-5739b62eefc6	1325	Felicianus		f2aa370f-fe32-5793-bf4d-911cfbf3621b			2026-04-27T09:21:04.935141+00:00	sanctoral
62395e2c-5f2a-5560-9317-7142d08f66e2	1326	Felicianus (Translatio)		f2aa370f-fe32-5793-bf4d-911cfbf3621b			2026-04-27T09:21:04.935141+00:00	sanctoral
5e4a2c8f-0f49-5a50-bcce-97db6b603e35	1327	Felicissimus		f2aa370f-fe32-5793-bf4d-911cfbf3621b			2026-04-27T09:21:04.935141+00:00	sanctoral
2af4af99-7aff-51a9-a18d-c47056814032	1328	Felicitas		f2aa370f-fe32-5793-bf4d-911cfbf3621b			2026-04-27T09:21:04.935141+00:00	sanctoral
7ace045b-4aea-5ad6-926a-1fec4dd884f6	1329	Felicula		f2aa370f-fe32-5793-bf4d-911cfbf3621b			2026-04-27T09:21:04.935141+00:00	sanctoral
88842256-b2ad-5ab3-a9e2-2c751a363147	1330	Felinus		f2aa370f-fe32-5793-bf4d-911cfbf3621b			2026-04-27T09:21:04.935141+00:00	sanctoral
07974fad-aec2-50a8-8a96-83f55a14a754	1331	Felix		f2aa370f-fe32-5793-bf4d-911cfbf3621b			2026-04-27T09:21:04.935141+00:00	sanctoral
27083fa2-eabd-5eb0-840a-c86d16dd80a4	1332	Felix (Translatio)		f2aa370f-fe32-5793-bf4d-911cfbf3621b			2026-04-27T09:21:04.935141+00:00	sanctoral
c539f5e6-f352-50ad-8689-23275fbf8a32	1333	Felix (Vigilia)		f2aa370f-fe32-5793-bf4d-911cfbf3621b			2026-04-27T09:21:04.935141+00:00	sanctoral
d3ee93a9-6644-5c6e-a5b5-fa2d7ee5efab	1334	Felix Dunwilensis		f2aa370f-fe32-5793-bf4d-911cfbf3621b			2026-04-27T09:21:04.935141+00:00	sanctoral
8036eb9c-185e-55c0-9494-19933505e84c	1335	Felix eremita		f2aa370f-fe32-5793-bf4d-911cfbf3621b			2026-04-27T09:21:04.935141+00:00	sanctoral
8cacfee9-6c0b-543c-bc33-ec7ed6b4b79c	1336	Felix Gerundensis		f2aa370f-fe32-5793-bf4d-911cfbf3621b			2026-04-27T09:21:04.935141+00:00	sanctoral
58617e0a-eab0-58b7-a52a-4f695f5c6db7	1337	Felix Gerundensis (Octava)		f2aa370f-fe32-5793-bf4d-911cfbf3621b			2026-04-27T09:21:04.935141+00:00	sanctoral
cda5bd03-f03d-5a23-957b-28e0d7d7060a	1338	Felix I		f2aa370f-fe32-5793-bf4d-911cfbf3621b			2026-04-27T09:21:04.935141+00:00	sanctoral
3b4ef5a3-7b38-54e1-bd6b-351068001dad	1339	Felix in Pincis		f2aa370f-fe32-5793-bf4d-911cfbf3621b			2026-04-27T09:21:04.935141+00:00	sanctoral
bba365f0-3092-5b51-a5e9-181a1f53d69a	1340	Felix IV		f2aa370f-fe32-5793-bf4d-911cfbf3621b			2026-04-27T09:21:04.935141+00:00	sanctoral
321b5a9d-d696-5de4-bfa0-12fba1b0d75b	1341	Felix martyr Cordubae		f2aa370f-fe32-5793-bf4d-911cfbf3621b			2026-04-27T09:21:04.935141+00:00	sanctoral
d05b2a5d-1b46-5223-9abd-035e734febd3	1342	Felix martyr Heraclensis		f2aa370f-fe32-5793-bf4d-911cfbf3621b			2026-04-27T09:21:04.935141+00:00	sanctoral
bcd5dcd9-e057-5e05-9fcc-bc68f9bcd24f	1343	Felix Nannetensis (Obitus)		f2aa370f-fe32-5793-bf4d-911cfbf3621b			2026-04-27T09:21:04.935141+00:00	sanctoral
23c34358-d1aa-5b32-af4f-015b23a7cfa3	1344	Felix Nannetensis (Translatio)		f2aa370f-fe32-5793-bf4d-911cfbf3621b			2026-04-27T09:21:04.935141+00:00	sanctoral
0b2f43b6-5309-5f38-90bd-b12a3d90e60c	1345	Felix Nolensis		f2aa370f-fe32-5793-bf4d-911cfbf3621b			2026-04-27T09:21:04.935141+00:00	sanctoral
f35f2dd8-d1df-56e2-b9d0-006a4d901708	1346	Felix Trevirensis		f2aa370f-fe32-5793-bf4d-911cfbf3621b			2026-04-27T09:21:04.935141+00:00	sanctoral
d694a3d4-731a-5a20-b3d7-225d91bdbcea	1347	Felix Turicensis		f2aa370f-fe32-5793-bf4d-911cfbf3621b			2026-04-27T09:21:04.935141+00:00	sanctoral
0bd9a74c-15fc-5d33-a4ee-7d4dac68f00a	1348	Fergeolus		f2aa370f-fe32-5793-bf4d-911cfbf3621b			2026-04-27T09:21:04.935141+00:00	sanctoral
243cdafe-33d2-5071-9906-5825c18bd6b1	1349	Ferreolus		f2aa370f-fe32-5793-bf4d-911cfbf3621b			2026-04-27T09:21:04.935141+00:00	sanctoral
6e6f38e1-5d5b-599f-8ffa-9c03bf0bf9f6	1350	Ferreolus (Translatio)		f2aa370f-fe32-5793-bf4d-911cfbf3621b			2026-04-27T09:21:04.935141+00:00	sanctoral
76c949f5-6ab0-577e-9c26-b24643771613	1351	Ferreolus Bisuntinensis		f2aa370f-fe32-5793-bf4d-911cfbf3621b			2026-04-27T09:21:04.935141+00:00	sanctoral
ebf5eb40-406f-5a0c-805e-4c39584ff63d	1352	Ferreolus Bisuntinensis (Inventio ossium Octava)		f2aa370f-fe32-5793-bf4d-911cfbf3621b			2026-04-27T09:21:04.935141+00:00	sanctoral
15ec6ca6-5b37-504c-b780-3082283c55ef	1353	Ferreolus Bisuntinensis (Inventio ossium)		f2aa370f-fe32-5793-bf4d-911cfbf3621b			2026-04-27T09:21:04.935141+00:00	sanctoral
1354cf17-66b0-579c-8d2c-3a5db181d29d	1354	Ferreolus Bisuntinensis (Octava)		f2aa370f-fe32-5793-bf4d-911cfbf3621b			2026-04-27T09:21:04.935141+00:00	sanctoral
6bf2a908-4c23-54ee-9886-8113afaa35ab	1355	Ferreolus Bisuntinensis (Translatio)		f2aa370f-fe32-5793-bf4d-911cfbf3621b			2026-04-27T09:21:04.935141+00:00	sanctoral
95a6f3b6-2b1b-5bd0-9b43-c2f9feae096b	1356	Ferreolus Lemovicensis		f2aa370f-fe32-5793-bf4d-911cfbf3621b			2026-04-27T09:21:04.935141+00:00	sanctoral
9352c208-440c-51a9-aaea-abb02d1e4b33	1357	Ferreolus Uticensis		f2aa370f-fe32-5793-bf4d-911cfbf3621b			2026-04-27T09:21:04.935141+00:00	sanctoral
ffda08b9-3da8-5dac-a634-8ee1db3babcb	1358	Ferreolus Uticensis (Octava)		f2aa370f-fe32-5793-bf4d-911cfbf3621b			2026-04-27T09:21:04.935141+00:00	sanctoral
d6d1884c-2199-55e2-9cc2-cb9193ca9d1c	1359	Ferreolus Uticensis (Translatio)		f2aa370f-fe32-5793-bf4d-911cfbf3621b			2026-04-27T09:21:04.935141+00:00	sanctoral
fac081c0-983f-5a06-a307-bd993dd7f71f	1360	Ferrutius		f2aa370f-fe32-5793-bf4d-911cfbf3621b			2026-04-27T09:21:04.935141+00:00	sanctoral
4a87a836-b113-5696-ad39-2b3b3a377056	1361	Ferrutius (Octava)		f2aa370f-fe32-5793-bf4d-911cfbf3621b			2026-04-27T09:21:04.935141+00:00	sanctoral
c2ef67bc-1efb-5a9c-84b8-1ceec967ccc6	1362	Ferrutius (Translatio)		f2aa370f-fe32-5793-bf4d-911cfbf3621b			2026-04-27T09:21:04.935141+00:00	sanctoral
608b101b-30b4-540a-94ef-83d0216ec17a	1363	Ferrutius Bisuntinensis		f2aa370f-fe32-5793-bf4d-911cfbf3621b			2026-04-27T09:21:04.935141+00:00	sanctoral
5e700e6a-ffcd-59d4-b898-744a09e57db0	1364	Ferrutius Bisuntinensis (Inventio ossium Octava)		f2aa370f-fe32-5793-bf4d-911cfbf3621b			2026-04-27T09:21:04.935141+00:00	sanctoral
c79d82ae-854d-58cd-b8d7-3b318bef8e31	1365	Ferrutius Bisuntinensis (Inventio ossium)		f2aa370f-fe32-5793-bf4d-911cfbf3621b			2026-04-27T09:21:04.935141+00:00	sanctoral
e79e4b8a-94e7-51ce-bc1d-7e6c50ebafe8	1366	Festum angeli		f2aa370f-fe32-5793-bf4d-911cfbf3621b			2026-04-27T09:21:04.935141+00:00	sanctoral
8435fb2d-9f5b-5491-af56-59711c7ef558	1367	Festum miraculorum BMV		f2aa370f-fe32-5793-bf4d-911cfbf3621b			2026-04-27T09:21:04.935141+00:00	sanctoral
ae8a6e03-1247-5477-b1d0-8d5909f4b67c	1368	Festum Patronorum		f2aa370f-fe32-5793-bf4d-911cfbf3621b			2026-04-27T09:21:04.935141+00:00	sanctoral
1ad08469-9d9d-5429-8b03-3b046df77802	1369	Festum Reliquiarum		f2aa370f-fe32-5793-bf4d-911cfbf3621b			2026-04-27T09:21:04.935141+00:00	sanctoral
1eb29000-15ec-5d85-9401-547434c48b02	1370	Festum Reliquiarum (Infra octavas)		f2aa370f-fe32-5793-bf4d-911cfbf3621b			2026-04-27T09:21:04.935141+00:00	sanctoral
fda1b9f2-7be5-5e0f-bac5-bfe57587b7a0	1371	Festum Reliquiarum (Octava)		f2aa370f-fe32-5793-bf4d-911cfbf3621b			2026-04-27T09:21:04.935141+00:00	sanctoral
a491d94b-b928-5c75-977c-ec4b8460c5bf	1372	Festum Reliquiarum ecclesiae Lundensis		f2aa370f-fe32-5793-bf4d-911cfbf3621b			2026-04-27T09:21:04.935141+00:00	sanctoral
57974b5b-0d3f-51ae-bfcb-7625de4fa942	1373	Festum Salvatoris		f2aa370f-fe32-5793-bf4d-911cfbf3621b			2026-04-27T09:21:04.935141+00:00	sanctoral
dc0a0565-255e-5f46-b621-d3493b81001d	1374	Festum terrae		f2aa370f-fe32-5793-bf4d-911cfbf3621b			2026-04-27T09:21:04.935141+00:00	sanctoral
4946608d-bb52-54b5-9d72-8f08f791c55d	1375	Festus		f2aa370f-fe32-5793-bf4d-911cfbf3621b			2026-04-27T09:21:04.935141+00:00	sanctoral
db4612b6-c90f-5472-bd5e-0b5c42b0a476	1376	Fibitius Trevirensis		f2aa370f-fe32-5793-bf4d-911cfbf3621b			2026-04-27T09:21:04.935141+00:00	sanctoral
fbdb3558-a67c-5fca-b7cd-c3754f7fd1d1	1377	Fidelis		f2aa370f-fe32-5793-bf4d-911cfbf3621b			2026-04-27T09:21:04.935141+00:00	sanctoral
4cfab132-bfaf-5d5e-af59-3ab3f4fd8cad	1378	Fidentianus		f2aa370f-fe32-5793-bf4d-911cfbf3621b			2026-04-27T09:21:04.935141+00:00	sanctoral
ff49f010-6a77-56a6-bfc1-6b1518640d0c	1379	Fides		f2aa370f-fe32-5793-bf4d-911cfbf3621b			2026-04-27T09:21:04.935141+00:00	sanctoral
f9c20ffc-b663-517d-9eb2-359e70dd4b29	1380	Fides (Octava)		f2aa370f-fe32-5793-bf4d-911cfbf3621b			2026-04-27T09:21:04.935141+00:00	sanctoral
a34dd987-8a0b-598b-8b7e-ab7998f64085	1381	Fidolus		f2aa370f-fe32-5793-bf4d-911cfbf3621b			2026-04-27T09:21:04.935141+00:00	sanctoral
d2ad4499-acc9-5ff8-871e-ead566b43871	1382	Firmatus		f2aa370f-fe32-5793-bf4d-911cfbf3621b			2026-04-27T09:21:04.935141+00:00	sanctoral
b9167d22-ffa9-5835-9c7b-559393f6a857	1383	Firminus		f2aa370f-fe32-5793-bf4d-911cfbf3621b			2026-04-27T09:21:04.935141+00:00	sanctoral
9ae5a232-8004-5324-bd37-e09a5dfebba0	1384	Firminus (Dominica infra octavas)		f2aa370f-fe32-5793-bf4d-911cfbf3621b			2026-04-27T09:21:04.935141+00:00	sanctoral
da99c5a4-fb15-5061-80aa-4f522692487f	1385	Firminus (Infra octavas)		f2aa370f-fe32-5793-bf4d-911cfbf3621b			2026-04-27T09:21:04.935141+00:00	sanctoral
5c53463a-f00d-5727-9e4a-7140f55f4c28	1386	Firminus (Ingressus Octava)		f2aa370f-fe32-5793-bf4d-911cfbf3621b			2026-04-27T09:21:04.935141+00:00	sanctoral
b4798251-d5a8-5e7f-8739-a85dbd170d17	1387	Firminus (Ingressus)		f2aa370f-fe32-5793-bf4d-911cfbf3621b			2026-04-27T09:21:04.935141+00:00	sanctoral
44ed25c1-c498-5d08-8831-c3a688460e54	1388	Firminus (Inventio infra octavas)		f2aa370f-fe32-5793-bf4d-911cfbf3621b			2026-04-27T09:21:04.935141+00:00	sanctoral
77eacc0c-a231-5b80-8822-7e30ca03d533	1389	Firminus (Inventio)		f2aa370f-fe32-5793-bf4d-911cfbf3621b			2026-04-27T09:21:04.935141+00:00	sanctoral
a240b8d3-ca16-5c79-b8cd-ddeae29d0f44	1390	Firminus (Octava)		f2aa370f-fe32-5793-bf4d-911cfbf3621b			2026-04-27T09:21:04.935141+00:00	sanctoral
99ef0376-143b-5162-ab6a-4b913dc6f9c1	1391	Firminus (Repositio)		f2aa370f-fe32-5793-bf4d-911cfbf3621b			2026-04-27T09:21:04.935141+00:00	sanctoral
fde79def-12f6-5b39-b7ea-6d725c03ea02	1392	Firminus (Revelatio)		f2aa370f-fe32-5793-bf4d-911cfbf3621b			2026-04-27T09:21:04.935141+00:00	sanctoral
fcd97951-9c9d-5bf6-993b-1dd5c9968a6b	1393	Firminus (Vigilia)		f2aa370f-fe32-5793-bf4d-911cfbf3621b			2026-04-27T09:21:04.935141+00:00	sanctoral
38f37fa8-5c0d-51cb-801a-bc6dbea00b80	1394	Firminus Mimatensis		f2aa370f-fe32-5793-bf4d-911cfbf3621b			2026-04-27T09:21:04.935141+00:00	sanctoral
59717f5f-2089-59fc-9f8f-77fba1b90e6e	1395	Firmus		f2aa370f-fe32-5793-bf4d-911cfbf3621b			2026-04-27T09:21:04.935141+00:00	sanctoral
12e7b3fc-f310-5aed-a23b-e47af291906e	1396	Flaminus		f2aa370f-fe32-5793-bf4d-911cfbf3621b			2026-04-27T09:21:04.935141+00:00	sanctoral
68176908-9568-5dfe-90ea-e8b0957db314	1397	Flavia		f2aa370f-fe32-5793-bf4d-911cfbf3621b			2026-04-27T09:21:04.935141+00:00	sanctoral
6d284aca-e8c4-53b1-b011-ae9f1a86173d	1398	Flavianus		f2aa370f-fe32-5793-bf4d-911cfbf3621b			2026-04-27T09:21:04.935141+00:00	sanctoral
bef12744-79b5-535d-8608-9c60043b1205	1399	Flavitus		f2aa370f-fe32-5793-bf4d-911cfbf3621b			2026-04-27T09:21:04.935141+00:00	sanctoral
d42149fe-15f3-55e6-9aa9-27e2d283eb39	1400	Flavius		f2aa370f-fe32-5793-bf4d-911cfbf3621b			2026-04-27T09:21:04.935141+00:00	sanctoral
83b221b0-83c3-58ca-81d4-e2eadf910f5e	1401	Flavius Cabilonensis		f2aa370f-fe32-5793-bf4d-911cfbf3621b			2026-04-27T09:21:04.935141+00:00	sanctoral
f3260913-3d34-5d8c-b801-504f37d541ec	1402	Florentia		f2aa370f-fe32-5793-bf4d-911cfbf3621b			2026-04-27T09:21:04.935141+00:00	sanctoral
d7236f04-205a-5751-b532-adfa231b7f20	1403	Florentina Carthagiensis		f2aa370f-fe32-5793-bf4d-911cfbf3621b			2026-04-27T09:21:04.935141+00:00	sanctoral
1263d7f4-8798-58b5-a396-55d00e6eeb06	1404	Florentinus		f2aa370f-fe32-5793-bf4d-911cfbf3621b			2026-04-27T09:21:04.935141+00:00	sanctoral
f58a0008-f29e-53a8-924f-ef846ce76255	1405	Florentinus Turonensis		f2aa370f-fe32-5793-bf4d-911cfbf3621b			2026-04-27T09:21:04.935141+00:00	sanctoral
ff23cd24-30e4-571f-88b9-0ebe90079a37	1406	Florentius		f2aa370f-fe32-5793-bf4d-911cfbf3621b			2026-04-27T09:21:04.935141+00:00	sanctoral
fb912d5d-8653-5cfb-aab4-641a6d18c9b7	1407	Florentius Argentinensis		f2aa370f-fe32-5793-bf4d-911cfbf3621b			2026-04-27T09:21:04.935141+00:00	sanctoral
f2bf6739-d0c2-50ae-8bfe-68a5fa5239c0	1408	Florentius Argentiniensis (Translatio)		f2aa370f-fe32-5793-bf4d-911cfbf3621b			2026-04-27T09:21:04.935141+00:00	sanctoral
69991c0b-fdbf-5031-add7-ce8c3acd08be	1409	Florianus		f2aa370f-fe32-5793-bf4d-911cfbf3621b			2026-04-27T09:21:04.935141+00:00	sanctoral
48c1b96d-4fbe-5f13-b5b8-b86651ca197c	1410	Florianus (Octava)		f2aa370f-fe32-5793-bf4d-911cfbf3621b			2026-04-27T09:21:04.935141+00:00	sanctoral
28216ee8-63ee-581a-b508-5d0c06045056	1411	Floribertus		f2aa370f-fe32-5793-bf4d-911cfbf3621b			2026-04-27T09:21:04.935141+00:00	sanctoral
0a878acf-a0e1-526b-8bc4-f14c09146f70	1412	Florina		f2aa370f-fe32-5793-bf4d-911cfbf3621b			2026-04-27T09:21:04.935141+00:00	sanctoral
c5c49ebd-1221-506e-b235-42823370fd6f	1413	Florinus		f2aa370f-fe32-5793-bf4d-911cfbf3621b			2026-04-27T09:21:04.935141+00:00	sanctoral
c8649a63-0ae3-56bc-bb9b-ccca4e1de2df	1414	Florinus (Octava)		f2aa370f-fe32-5793-bf4d-911cfbf3621b			2026-04-27T09:21:04.935141+00:00	sanctoral
62a18ad3-9ef3-5726-bd90-cac39ef2a1c8	1415	Florinus (Translatio)		f2aa370f-fe32-5793-bf4d-911cfbf3621b			2026-04-27T09:21:04.935141+00:00	sanctoral
3cb0eff6-353c-58c1-8cb5-fc12023294ab	1416	Florus		f2aa370f-fe32-5793-bf4d-911cfbf3621b			2026-04-27T09:21:04.935141+00:00	sanctoral
a9d9a99e-f8da-5fa9-9ca9-d7814726b2e5	1417	Florus Lutevanus		f2aa370f-fe32-5793-bf4d-911cfbf3621b			2026-04-27T09:21:04.935141+00:00	sanctoral
c0a45539-79d6-524e-9abb-112e595faabd	1418	Florus Lutevanus (Translatio)		f2aa370f-fe32-5793-bf4d-911cfbf3621b			2026-04-27T09:21:04.935141+00:00	sanctoral
c9007058-6b67-5475-a7cb-3d35de248f5f	1419	Floscellus		f2aa370f-fe32-5793-bf4d-911cfbf3621b			2026-04-27T09:21:04.935141+00:00	sanctoral
2aaeed25-da75-52fb-b6f7-527fb5e22936	1420	Flosculus		f2aa370f-fe32-5793-bf4d-911cfbf3621b			2026-04-27T09:21:04.935141+00:00	sanctoral
f9d123e2-96c9-5d10-a5f8-c68835ba6e42	1421	Foillanus		f2aa370f-fe32-5793-bf4d-911cfbf3621b			2026-04-27T09:21:04.935141+00:00	sanctoral
83177f06-0c8c-5246-86cf-9734f95b210e	1422	Folquinus		f2aa370f-fe32-5793-bf4d-911cfbf3621b			2026-04-27T09:21:04.935141+00:00	sanctoral
bd9675c2-07ef-5046-8dd8-b9a6e35cad03	1423	Fortis		f2aa370f-fe32-5793-bf4d-911cfbf3621b			2026-04-27T09:21:04.935141+00:00	sanctoral
5962bdfb-f8b0-53ea-b3e3-62d722458f82	1424	Fortunata		f2aa370f-fe32-5793-bf4d-911cfbf3621b			2026-04-27T09:21:04.935141+00:00	sanctoral
d22c39fa-aa72-53dc-8128-8fb60363af15	1425	Fortunatus		f2aa370f-fe32-5793-bf4d-911cfbf3621b			2026-04-27T09:21:04.935141+00:00	sanctoral
9189302b-b8f9-5d99-bfee-03e675008614	1426	Fortunatus (Octava)		f2aa370f-fe32-5793-bf4d-911cfbf3621b			2026-04-27T09:21:04.935141+00:00	sanctoral
871bc884-05c5-59f7-8e7b-25fbe99a58d0	1427	Fortunatus (Translatio)		f2aa370f-fe32-5793-bf4d-911cfbf3621b			2026-04-27T09:21:04.935141+00:00	sanctoral
c76f9ade-7f33-5da4-a3cd-c9fc8fbab32d	1428	Fortunatus (Vigilia)		f2aa370f-fe32-5793-bf4d-911cfbf3621b			2026-04-27T09:21:04.935141+00:00	sanctoral
99664830-1e31-5c85-8a0e-a4043936cf2a	1429	Fortunatus Pictaviensis		f2aa370f-fe32-5793-bf4d-911cfbf3621b			2026-04-27T09:21:04.935141+00:00	sanctoral
954bc017-8588-5dc0-bc1d-e63a210e241b	1430	Fortunatus Trevirensis		f2aa370f-fe32-5793-bf4d-911cfbf3621b			2026-04-27T09:21:04.935141+00:00	sanctoral
2685b73b-156b-539b-ab67-5de493f2156d	1431	Frambaldus		f2aa370f-fe32-5793-bf4d-911cfbf3621b			2026-04-27T09:21:04.935141+00:00	sanctoral
83c4fce0-1927-5509-9f66-5a2b13edcb69	1432	Franciscus		f2aa370f-fe32-5793-bf4d-911cfbf3621b			2026-04-27T09:21:04.935141+00:00	sanctoral
3bec293f-6496-5f53-ae82-67fcfc2ec083	1433	Franciscus (Infra octavas)		f2aa370f-fe32-5793-bf4d-911cfbf3621b			2026-04-27T09:21:04.935141+00:00	sanctoral
b7e97352-c392-5780-b0c7-db978accaae1	1434	Franciscus (Octava)		f2aa370f-fe32-5793-bf4d-911cfbf3621b			2026-04-27T09:21:04.935141+00:00	sanctoral
e90f4866-0f66-59a3-baec-95e054bb3406	1435	Franciscus (Stigmata)		f2aa370f-fe32-5793-bf4d-911cfbf3621b			2026-04-27T09:21:04.935141+00:00	sanctoral
eceaa3fc-f46b-573d-bd43-337783430942	1436	Franciscus (Translatio)		f2aa370f-fe32-5793-bf4d-911cfbf3621b			2026-04-27T09:21:04.935141+00:00	sanctoral
2112fd78-d5a2-56e9-a57a-a61f4edc5d85	1437	Franciscus de Paula		f2aa370f-fe32-5793-bf4d-911cfbf3621b			2026-04-27T09:21:04.935141+00:00	sanctoral
276f3b27-994b-5d3e-afed-6a4011cb5144	1438	Franciscus de Sales		f2aa370f-fe32-5793-bf4d-911cfbf3621b			2026-04-27T09:21:04.935141+00:00	sanctoral
817f5027-04a7-5e9f-b72d-2bc26a5ac773	1439	Francoveus		f2aa370f-fe32-5793-bf4d-911cfbf3621b			2026-04-27T09:21:04.935141+00:00	sanctoral
23e2d5ae-4fad-539c-9afa-a3f4ec54ae79	1440	Fraternus		f2aa370f-fe32-5793-bf4d-911cfbf3621b			2026-04-27T09:21:04.935141+00:00	sanctoral
cf6d5f68-c159-59e9-bac7-9593dfd09b31	1441	Fredaldus		f2aa370f-fe32-5793-bf4d-911cfbf3621b			2026-04-27T09:21:04.935141+00:00	sanctoral
e7d79d7e-c36b-524a-90b2-04a19a0cc03f	1442	Fredegandus		f2aa370f-fe32-5793-bf4d-911cfbf3621b			2026-04-27T09:21:04.935141+00:00	sanctoral
ad0be314-092f-554f-be12-c61e02d822c6	1443	Fredericus Traiectensis		f2aa370f-fe32-5793-bf4d-911cfbf3621b			2026-04-27T09:21:04.935141+00:00	sanctoral
40dc1aab-fd65-59b2-a1b8-cf2a6475756a	1444	Fredulphus		f2aa370f-fe32-5793-bf4d-911cfbf3621b			2026-04-27T09:21:04.935141+00:00	sanctoral
8bf043ed-86a1-5477-9b6b-a60036c2dc83	1445	Frideswida		f2aa370f-fe32-5793-bf4d-911cfbf3621b			2026-04-27T09:21:04.935141+00:00	sanctoral
bf87961c-ff66-53ab-94a4-322bb9e7b211	1446	Frideswida (Translatio)		f2aa370f-fe32-5793-bf4d-911cfbf3621b			2026-04-27T09:21:04.935141+00:00	sanctoral
3c17b41b-018f-5621-9974-2e284dec383c	1447	Fridianus		f2aa370f-fe32-5793-bf4d-911cfbf3621b			2026-04-27T09:21:04.935141+00:00	sanctoral
5bdf8041-0522-5043-bb74-6a79ab557a6b	1448	Fridolinus		f2aa370f-fe32-5793-bf4d-911cfbf3621b			2026-04-27T09:21:04.935141+00:00	sanctoral
3f5040ae-6768-54cf-a3e7-c8fc52293069	1449	Fridolinus (Translatio)		f2aa370f-fe32-5793-bf4d-911cfbf3621b			2026-04-27T09:21:04.935141+00:00	sanctoral
ba7d3bd0-5928-502d-adb7-3deb65974bd8	1450	Frisius miles		f2aa370f-fe32-5793-bf4d-911cfbf3621b			2026-04-27T09:21:04.935141+00:00	sanctoral
dff45da9-d489-57c8-984c-397a571cb7f2	1451	Frodobertus		f2aa370f-fe32-5793-bf4d-911cfbf3621b			2026-04-27T09:21:04.935141+00:00	sanctoral
1c4df5c5-f95e-586d-b71b-53dea21d8280	1452	Froilanus		f2aa370f-fe32-5793-bf4d-911cfbf3621b			2026-04-27T09:21:04.935141+00:00	sanctoral
f1c93c78-7c4d-5418-9b70-d9f158b0a193	1453	Froilanus (Infra octavas)		f2aa370f-fe32-5793-bf4d-911cfbf3621b			2026-04-27T09:21:04.935141+00:00	sanctoral
707d6091-2cd0-575d-a6ed-bedef1b9373d	1454	Froilanus (Octava)		f2aa370f-fe32-5793-bf4d-911cfbf3621b			2026-04-27T09:21:04.935141+00:00	sanctoral
89495a05-b32e-5744-83c7-043a941d28c0	1455	Frominius		f2aa370f-fe32-5793-bf4d-911cfbf3621b			2026-04-27T09:21:04.935141+00:00	sanctoral
52220658-061f-56a3-92d3-6bbcc35f3524	1456	Frontasius		f2aa370f-fe32-5793-bf4d-911cfbf3621b			2026-04-27T09:21:04.935141+00:00	sanctoral
8dac9a8b-9612-57b7-8335-d48c77aa93c1	1457	Fronto		f2aa370f-fe32-5793-bf4d-911cfbf3621b			2026-04-27T09:21:04.935141+00:00	sanctoral
bd3eb383-fa13-5072-ab06-da27ebaf475e	1458	Fronto Vesunnensis		f2aa370f-fe32-5793-bf4d-911cfbf3621b			2026-04-27T09:21:04.935141+00:00	sanctoral
20f1cc9b-e25d-598d-9ce3-8dc3bfaeec7a	1459	Frontus		f2aa370f-fe32-5793-bf4d-911cfbf3621b			2026-04-27T09:21:04.935141+00:00	sanctoral
795d5913-f7e0-51e1-bb28-be3a85da8639	1460	Fructuosus		f2aa370f-fe32-5793-bf4d-911cfbf3621b			2026-04-27T09:21:04.935141+00:00	sanctoral
67aee2cd-aa56-5443-9671-2acc9331c534	1461	Fructuosus Bracarensis		f2aa370f-fe32-5793-bf4d-911cfbf3621b			2026-04-27T09:21:04.935141+00:00	sanctoral
a65fc44d-dff5-5411-9fe9-d44aeecb9fb7	1462	Fructuosus Bracarensis (Translatio)		f2aa370f-fe32-5793-bf4d-911cfbf3621b			2026-04-27T09:21:04.935141+00:00	sanctoral
e9b4ffcf-d276-5e67-8b88-c7800bfbeee5	1463	Fructuosus Tarraconensis		f2aa370f-fe32-5793-bf4d-911cfbf3621b			2026-04-27T09:21:04.935141+00:00	sanctoral
574f91c7-3ab3-5e8e-94ff-dd673779f3f8	1464	Fructuosus Tarraconensis (Octava)		f2aa370f-fe32-5793-bf4d-911cfbf3621b			2026-04-27T09:21:04.935141+00:00	sanctoral
f11f2043-17a3-59b3-bbbd-bd2a839928a5	1465	Fructus		f2aa370f-fe32-5793-bf4d-911cfbf3621b			2026-04-27T09:21:04.935141+00:00	sanctoral
d527480a-541a-56ca-9561-ffb526a2caba	1466	Fructus (Translatio)		f2aa370f-fe32-5793-bf4d-911cfbf3621b			2026-04-27T09:21:04.935141+00:00	sanctoral
35fee5db-827c-5770-9b72-7f63d2a73ad1	1467	Frumentius Carthagiensis		f2aa370f-fe32-5793-bf4d-911cfbf3621b			2026-04-27T09:21:04.935141+00:00	sanctoral
8e10c973-7350-50fb-a3c2-41456e23bf34	1468	Fulcran		f2aa370f-fe32-5793-bf4d-911cfbf3621b			2026-04-27T09:21:04.935141+00:00	sanctoral
e17698c2-b8fd-5157-974c-815e694fe692	1469	Fulgentius		f2aa370f-fe32-5793-bf4d-911cfbf3621b			2026-04-27T09:21:04.935141+00:00	sanctoral
4f81be80-d90d-510c-afc5-36c7b1ad32fa	1470	Fulgentius Astigitanus		f2aa370f-fe32-5793-bf4d-911cfbf3621b			2026-04-27T09:21:04.935141+00:00	sanctoral
8d110dcf-1815-50a4-bf4c-1b941797af36	1471	Fulgentius Pictaviensis		f2aa370f-fe32-5793-bf4d-911cfbf3621b			2026-04-27T09:21:04.935141+00:00	sanctoral
7f7a751e-8b89-5c6c-9107-dd5aeb33af86	1472	Fulgentius Ruspensis		f2aa370f-fe32-5793-bf4d-911cfbf3621b			2026-04-27T09:21:04.935141+00:00	sanctoral
79f2c6f0-d9b2-5e35-a2fa-55b94739e65b	1473	Furseus		f2aa370f-fe32-5793-bf4d-911cfbf3621b			2026-04-27T09:21:04.935141+00:00	sanctoral
5711f772-3abf-5f4a-943e-86ebaf91f3c6	1474	Fuscianus		f2aa370f-fe32-5793-bf4d-911cfbf3621b			2026-04-27T09:21:04.935141+00:00	sanctoral
318d94ba-e705-5d36-8561-4b696efe009b	1475	Fuscianus (Inventio)		f2aa370f-fe32-5793-bf4d-911cfbf3621b			2026-04-27T09:21:04.935141+00:00	sanctoral
59254aff-5584-5d72-b551-9a0178897509	1476	Fuscianus (Octava)		f2aa370f-fe32-5793-bf4d-911cfbf3621b			2026-04-27T09:21:04.935141+00:00	sanctoral
587440ea-da23-5a0d-a5cc-f155a3805ba7	1477	Fuscianus (Vigilia)		f2aa370f-fe32-5793-bf4d-911cfbf3621b			2026-04-27T09:21:04.935141+00:00	sanctoral
10d1befa-5296-5ab5-b2b8-cdac6a18ad29	1478	Fusculus		f2aa370f-fe32-5793-bf4d-911cfbf3621b			2026-04-27T09:21:04.935141+00:00	sanctoral
825faa8e-97fa-50b9-8a4e-08b4b1268c88	1479	Gabinus		f2aa370f-fe32-5793-bf4d-911cfbf3621b			2026-04-27T09:21:04.935141+00:00	sanctoral
5b8d0546-bd27-5e8f-8fec-fb48f370174a	1480	Galdinus		f2aa370f-fe32-5793-bf4d-911cfbf3621b			2026-04-27T09:21:04.935141+00:00	sanctoral
19dc1f5f-66f7-53cd-bdce-94de277b8df6	1481	Galla		f2aa370f-fe32-5793-bf4d-911cfbf3621b			2026-04-27T09:21:04.935141+00:00	sanctoral
35f63967-3f6e-5ab4-a165-c7211bd92eb5	1482	Galla (Infra octavas)		f2aa370f-fe32-5793-bf4d-911cfbf3621b			2026-04-27T09:21:04.935141+00:00	sanctoral
6d2bce62-ab6a-5659-acf2-cc801810b4e2	1483	Gallicanus		f2aa370f-fe32-5793-bf4d-911cfbf3621b			2026-04-27T09:21:04.935141+00:00	sanctoral
7458aa90-a182-565f-ac12-af9e33704a54	1484	Gallus		f2aa370f-fe32-5793-bf4d-911cfbf3621b			2026-04-27T09:21:04.935141+00:00	sanctoral
1a6ed0bc-0a99-5607-8571-c8d29d4d12fd	1485	Gallus (Octava)		f2aa370f-fe32-5793-bf4d-911cfbf3621b			2026-04-27T09:21:04.935141+00:00	sanctoral
84278388-f68b-52d3-880f-d9b4531f16a4	1486	Gallus episcopus		f2aa370f-fe32-5793-bf4d-911cfbf3621b			2026-04-27T09:21:04.935141+00:00	sanctoral
99694b78-b604-552d-8134-17b91fc12e37	1487	Gamaliel		f2aa370f-fe32-5793-bf4d-911cfbf3621b			2026-04-27T09:21:04.935141+00:00	sanctoral
5c84d3b6-4954-5a22-98ed-9d23512f3d91	1488	Gamaliel (Inventio)		f2aa370f-fe32-5793-bf4d-911cfbf3621b			2026-04-27T09:21:04.935141+00:00	sanctoral
6b33cc85-878d-5161-9083-34ef682ebdf3	1489	Gangolfus		f2aa370f-fe32-5793-bf4d-911cfbf3621b			2026-04-27T09:21:04.935141+00:00	sanctoral
9136fc51-adc1-5ea2-90e0-93977c1c8f61	1490	Gasolus		f2aa370f-fe32-5793-bf4d-911cfbf3621b			2026-04-27T09:21:04.935141+00:00	sanctoral
061d95d9-9fd1-5fd4-9fb7-602969480602	1491	Gatianus (Revelatio)		f2aa370f-fe32-5793-bf4d-911cfbf3621b			2026-04-27T09:21:04.935141+00:00	sanctoral
ac27ba1d-477c-5cfa-9e70-7cc877695b95	1492	Gatianus (Translatio Octava)		f2aa370f-fe32-5793-bf4d-911cfbf3621b			2026-04-27T09:21:04.935141+00:00	sanctoral
31ca95ed-589d-5e24-9119-34752a411655	1493	Gatianus (Translatio)		f2aa370f-fe32-5793-bf4d-911cfbf3621b			2026-04-27T09:21:04.935141+00:00	sanctoral
21f7e27a-2d40-500f-b2d2-0ead86e294fb	1494	Gaucherius		f2aa370f-fe32-5793-bf4d-911cfbf3621b			2026-04-27T09:21:04.935141+00:00	sanctoral
f56681d3-9823-5815-b05a-2d603f10ed76	1495	Gaudelius		f2aa370f-fe32-5793-bf4d-911cfbf3621b			2026-04-27T09:21:04.935141+00:00	sanctoral
f12b7de8-6695-55b7-86ff-3d1fc2bc378d	1496	Gaudentius		f2aa370f-fe32-5793-bf4d-911cfbf3621b			2026-04-27T09:21:04.935141+00:00	sanctoral
52ae7e04-a514-5922-b8ad-30baf94c260c	1497	Gaudericus		f2aa370f-fe32-5793-bf4d-911cfbf3621b			2026-04-27T09:21:04.935141+00:00	sanctoral
360b4839-b627-5c98-9fce-54da17743c8b	1498	Gaudinus		f2aa370f-fe32-5793-bf4d-911cfbf3621b			2026-04-27T09:21:04.935141+00:00	sanctoral
af936a65-7f8a-5880-94d7-17e97d330392	1499	Gaudiosus		f2aa370f-fe32-5793-bf4d-911cfbf3621b			2026-04-27T09:21:04.935141+00:00	sanctoral
cde54b4b-05aa-5dd6-8c6c-67f634987d88	1500	Gaudiosus (Octava)		f2aa370f-fe32-5793-bf4d-911cfbf3621b			2026-04-27T09:21:04.935141+00:00	sanctoral
caab8c96-7c49-5bfb-9991-e72c240df596	1501	Gaudium BMV		f2aa370f-fe32-5793-bf4d-911cfbf3621b			2026-04-27T09:21:04.935141+00:00	sanctoral
be647fdd-c060-57d9-953b-2b9bcd02e235	1502	Gaudus		f2aa370f-fe32-5793-bf4d-911cfbf3621b			2026-04-27T09:21:04.935141+00:00	sanctoral
c952c193-e6b8-5c79-9559-741b097bfb9e	1503	Gaugericus		f2aa370f-fe32-5793-bf4d-911cfbf3621b			2026-04-27T09:21:04.935141+00:00	sanctoral
96d66246-6471-52e5-8b5a-01cbb7149694	1504	Gaugericus (Octava)		f2aa370f-fe32-5793-bf4d-911cfbf3621b			2026-04-27T09:21:04.935141+00:00	sanctoral
027ed28d-4a7b-5487-a0be-9af0d94496fa	1505	Gaugericus (Translatio)		f2aa370f-fe32-5793-bf4d-911cfbf3621b			2026-04-27T09:21:04.935141+00:00	sanctoral
69566161-e08e-5e95-ab6a-5ee98ad0bdcc	1506	Gauselinus		f2aa370f-fe32-5793-bf4d-911cfbf3621b			2026-04-27T09:21:04.935141+00:00	sanctoral
20c429ae-e5e3-5caa-9779-b0b3826212fa	1507	Gebhardus		f2aa370f-fe32-5793-bf4d-911cfbf3621b			2026-04-27T09:21:04.935141+00:00	sanctoral
8cab695f-eb7e-53d6-9866-dbe84333a372	1508	Gelasius		f2aa370f-fe32-5793-bf4d-911cfbf3621b			2026-04-27T09:21:04.935141+00:00	sanctoral
980605ce-5c53-5140-8b69-c67105037974	1509	Geminianus		f2aa370f-fe32-5793-bf4d-911cfbf3621b			2026-04-27T09:21:04.935141+00:00	sanctoral
938d2f7c-7007-56d0-8a1a-0cff51c66a5a	1510	Geminianus Mutinensis		f2aa370f-fe32-5793-bf4d-911cfbf3621b			2026-04-27T09:21:04.935141+00:00	sanctoral
1ac8b0bd-673f-5aba-a70a-32649cf495b5	1511	Geminus		f2aa370f-fe32-5793-bf4d-911cfbf3621b			2026-04-27T09:21:04.935141+00:00	sanctoral
35b2358b-784e-55ea-b020-31c8b5c660e7	1512	Gemma		f2aa370f-fe32-5793-bf4d-911cfbf3621b			2026-04-27T09:21:04.935141+00:00	sanctoral
d775a415-6d20-5c38-82fb-27f7e664896b	1513	Gendulfus		f2aa370f-fe32-5793-bf4d-911cfbf3621b			2026-04-27T09:21:04.935141+00:00	sanctoral
09aafb5d-957c-56da-b86e-a3fccd5b073a	1514	Genebaldus		f2aa370f-fe32-5793-bf4d-911cfbf3621b			2026-04-27T09:21:04.935141+00:00	sanctoral
d4147a52-72d1-5a40-981b-6dba117569f4	1515	Generosus		f2aa370f-fe32-5793-bf4d-911cfbf3621b			2026-04-27T09:21:04.935141+00:00	sanctoral
5115b699-1100-5c7e-a08e-656aff01ffd0	1516	Genesius		f2aa370f-fe32-5793-bf4d-911cfbf3621b			2026-04-27T09:21:04.935141+00:00	sanctoral
c7331ce0-f145-56da-9130-19a0cc27001f	1517	Genesius Arelatensis		f2aa370f-fe32-5793-bf4d-911cfbf3621b			2026-04-27T09:21:04.935141+00:00	sanctoral
cbca0e85-9aa4-58ad-9535-90729cdbc8dc	1518	Genesius Claromontensis		f2aa370f-fe32-5793-bf4d-911cfbf3621b			2026-04-27T09:21:04.935141+00:00	sanctoral
66670850-a6c7-5e45-aac1-6ccfde642d33	1519	Genesius de Jerusalem		f2aa370f-fe32-5793-bf4d-911cfbf3621b			2026-04-27T09:21:04.935141+00:00	sanctoral
febaa0bd-ca50-5818-ac46-974a44dc544a	1520	Genesius martyr		f2aa370f-fe32-5793-bf4d-911cfbf3621b			2026-04-27T09:21:04.935141+00:00	sanctoral
2136f0e0-9eed-5add-9844-1dfe8d44265a	1521	Genesius Romanus		f2aa370f-fe32-5793-bf4d-911cfbf3621b			2026-04-27T09:21:04.935141+00:00	sanctoral
db18b7ce-2ce3-5706-81f4-021056627911	1522	Geneveus		f2aa370f-fe32-5793-bf4d-911cfbf3621b			2026-04-27T09:21:04.935141+00:00	sanctoral
d65411ad-8c3a-523e-b07b-9f9fae77cc80	1523	Genius		f2aa370f-fe32-5793-bf4d-911cfbf3621b			2026-04-27T09:21:04.935141+00:00	sanctoral
cdeb94a6-05dd-549a-82ec-8878d68de6ba	1524	Gennadius		f2aa370f-fe32-5793-bf4d-911cfbf3621b			2026-04-27T09:21:04.935141+00:00	sanctoral
58066dee-287a-57b4-a895-3bbf40c9f567	1525	Genoveva (Translatio)		f2aa370f-fe32-5793-bf4d-911cfbf3621b			2026-04-27T09:21:04.935141+00:00	sanctoral
83cf4de5-c737-549a-a945-2b874aafcfec	1526	Gentianus		f2aa370f-fe32-5793-bf4d-911cfbf3621b			2026-04-27T09:21:04.935141+00:00	sanctoral
1fd96df9-826f-56ea-9ecb-cc7480eea240	1527	Genulfus		f2aa370f-fe32-5793-bf4d-911cfbf3621b			2026-04-27T09:21:04.935141+00:00	sanctoral
c9693907-9a8d-58c0-8346-2f35c364e5dc	1528	Georgius		f2aa370f-fe32-5793-bf4d-911cfbf3621b			2026-04-27T09:21:04.935141+00:00	sanctoral
50c0bdf2-52a7-5ba7-8112-543bd5c0659d	1529	Georgius Aniciensis		f2aa370f-fe32-5793-bf4d-911cfbf3621b			2026-04-27T09:21:04.935141+00:00	sanctoral
68e9661f-963b-541f-985c-d0ed94e12768	1530	Georgius Aniciensis (Translatio)		f2aa370f-fe32-5793-bf4d-911cfbf3621b			2026-04-27T09:21:04.935141+00:00	sanctoral
02537a2e-f627-5d1e-893e-bc60300901b9	1531	Georgius martyr Cordubae		f2aa370f-fe32-5793-bf4d-911cfbf3621b			2026-04-27T09:21:04.935141+00:00	sanctoral
524ad503-34f2-53cc-aa48-b6969c660d7f	1532	Georgius Viennensis		f2aa370f-fe32-5793-bf4d-911cfbf3621b			2026-04-27T09:21:04.935141+00:00	sanctoral
8e2bfdfe-ddec-5eb1-b906-08232934738c	1533	Geraldus		f2aa370f-fe32-5793-bf4d-911cfbf3621b			2026-04-27T09:21:04.935141+00:00	sanctoral
e90f3e28-b09d-5de6-8e90-f02f41d549ae	1534	Geraldus Matisconensis		f2aa370f-fe32-5793-bf4d-911cfbf3621b			2026-04-27T09:21:04.935141+00:00	sanctoral
43427772-60b9-5231-927e-d4bb944e6f78	1535	Gerardus		f2aa370f-fe32-5793-bf4d-911cfbf3621b			2026-04-27T09:21:04.935141+00:00	sanctoral
411d14dd-204b-51ca-94c0-bb32e6aaee9d	1536	Gerardus (Translatio)		f2aa370f-fe32-5793-bf4d-911cfbf3621b			2026-04-27T09:21:04.935141+00:00	sanctoral
cb6f79ba-1e7f-58e6-84a8-b3e5b8932e9e	1537	Gerardus abbas		f2aa370f-fe32-5793-bf4d-911cfbf3621b			2026-04-27T09:21:04.935141+00:00	sanctoral
f6642281-55d2-599b-b56a-e6b5c657b6bf	1538	Gerardus Claraevallensis		f2aa370f-fe32-5793-bf4d-911cfbf3621b			2026-04-27T09:21:04.935141+00:00	sanctoral
be49c5ef-19b0-5b15-9bbc-618086b58af6	1539	Gerardus Sagredo		f2aa370f-fe32-5793-bf4d-911cfbf3621b			2026-04-27T09:21:04.935141+00:00	sanctoral
9900b940-d7ca-5c14-b19b-5ce55ee1de81	1540	Gerardus Tullensis		f2aa370f-fe32-5793-bf4d-911cfbf3621b			2026-04-27T09:21:04.935141+00:00	sanctoral
b77f838e-6eae-5848-a810-786730cedeb2	1541	Gerardus Tullensis (Translatio)		f2aa370f-fe32-5793-bf4d-911cfbf3621b			2026-04-27T09:21:04.935141+00:00	sanctoral
d3cd86e4-f9bb-500b-a13d-59d1e5ef2de0	1542	Gerebaldus		f2aa370f-fe32-5793-bf4d-911cfbf3621b			2026-04-27T09:21:04.935141+00:00	sanctoral
c3d1caa2-0e93-5c3b-93ea-2af23a37d01c	1543	Geremarus		f2aa370f-fe32-5793-bf4d-911cfbf3621b			2026-04-27T09:21:04.935141+00:00	sanctoral
f698e8ad-7f58-5e9f-9c44-7b1aa1f6401d	1544	Geremarus (Infra octavas)		f2aa370f-fe32-5793-bf4d-911cfbf3621b			2026-04-27T09:21:04.935141+00:00	sanctoral
f5a0fab2-5e76-5563-b369-586095b6bc17	1545	Geremarus (Octava)		f2aa370f-fe32-5793-bf4d-911cfbf3621b			2026-04-27T09:21:04.935141+00:00	sanctoral
8943648d-3037-5561-85df-ff85a1f52b3a	1546	Geremarus (Translatio)		f2aa370f-fe32-5793-bf4d-911cfbf3621b			2026-04-27T09:21:04.935141+00:00	sanctoral
ca559ff7-a016-52be-8ad8-3088d70a2c18	1547	Gereon		f2aa370f-fe32-5793-bf4d-911cfbf3621b			2026-04-27T09:21:04.935141+00:00	sanctoral
99159d6a-359e-5b73-b58c-7f6185df3bad	1548	Germanicus		f2aa370f-fe32-5793-bf4d-911cfbf3621b			2026-04-27T09:21:04.935141+00:00	sanctoral
7f5a4394-94c0-5129-81d0-3c4d2e8e8bd6	1549	Germanus		f2aa370f-fe32-5793-bf4d-911cfbf3621b			2026-04-27T09:21:04.935141+00:00	sanctoral
3c75893a-ba28-5ea3-bb1c-524597499a4e	1550	Germanus (Octava)		f2aa370f-fe32-5793-bf4d-911cfbf3621b			2026-04-27T09:21:04.935141+00:00	sanctoral
db219d10-6510-5661-a5f4-2acf25f6c2d7	1551	Germanus (Translatio)		f2aa370f-fe32-5793-bf4d-911cfbf3621b			2026-04-27T09:21:04.935141+00:00	sanctoral
39e086e9-f4c8-5f95-958f-af1beb71d548	1552	Germanus abbas		f2aa370f-fe32-5793-bf4d-911cfbf3621b			2026-04-27T09:21:04.935141+00:00	sanctoral
09c3a53c-7b5f-5462-8164-85d7d5969a5e	1553	Germanus Altissiodorensis		f2aa370f-fe32-5793-bf4d-911cfbf3621b			2026-04-27T09:21:04.935141+00:00	sanctoral
fd251822-40ff-5547-b55a-2a520cccd575	1554	Germanus Altissiodorensis (Translatio)		f2aa370f-fe32-5793-bf4d-911cfbf3621b			2026-04-27T09:21:04.935141+00:00	sanctoral
b881beca-c2e9-5de6-8566-ed6598948047	1555	Germanus Capuensis		f2aa370f-fe32-5793-bf4d-911cfbf3621b			2026-04-27T09:21:04.935141+00:00	sanctoral
148bfae3-975f-5557-904a-cdb92b05f372	1556	Germanus Parisiensis		f2aa370f-fe32-5793-bf4d-911cfbf3621b			2026-04-27T09:21:04.935141+00:00	sanctoral
b77c181f-aeaf-52a5-bbe1-cddfad01b10b	1557	Germanus Zagrabiensis		f2aa370f-fe32-5793-bf4d-911cfbf3621b			2026-04-27T09:21:04.935141+00:00	sanctoral
699e5d0c-779d-59ac-8947-8eab1ea1acad	1558	Germerius Tolosanus		f2aa370f-fe32-5793-bf4d-911cfbf3621b			2026-04-27T09:21:04.935141+00:00	sanctoral
3f69b810-d4ac-5722-92d4-d37677d1c8d4	1559	Geroboldus		f2aa370f-fe32-5793-bf4d-911cfbf3621b			2026-04-27T09:21:04.935141+00:00	sanctoral
b3e24c48-62ba-5c68-b6b4-abd3f301e5b0	1560	Gerontius		f2aa370f-fe32-5793-bf4d-911cfbf3621b			2026-04-27T09:21:04.935141+00:00	sanctoral
b40c1430-7b2d-53b9-9f3c-b4f16730da4f	1561	Gervasius		f2aa370f-fe32-5793-bf4d-911cfbf3621b			2026-04-27T09:21:04.935141+00:00	sanctoral
0f58c180-165d-5184-877c-3a4807ab7dc9	1562	Gervasius (Infra octavas)		f2aa370f-fe32-5793-bf4d-911cfbf3621b			2026-04-27T09:21:04.935141+00:00	sanctoral
8da5fafa-b82b-539c-b434-90b2068c8a8c	1563	Gervasius (Inventio)		f2aa370f-fe32-5793-bf4d-911cfbf3621b			2026-04-27T09:21:04.935141+00:00	sanctoral
22f9ace3-c238-5c99-8643-71a30c6d7e24	1564	Gervasius (Octava)		f2aa370f-fe32-5793-bf4d-911cfbf3621b			2026-04-27T09:21:04.935141+00:00	sanctoral
4ee6037a-56a4-5882-9c83-88d81897a18d	1565	Gervasius (Translatio)		f2aa370f-fe32-5793-bf4d-911cfbf3621b			2026-04-27T09:21:04.935141+00:00	sanctoral
26ad0588-6231-5e6a-8be0-d6fb1cc7a20e	1566	Gervasius (Vigilia)		f2aa370f-fe32-5793-bf4d-911cfbf3621b			2026-04-27T09:21:04.935141+00:00	sanctoral
e404861d-f764-5342-8b5a-76e28b161883	1567	Getulius		f2aa370f-fe32-5793-bf4d-911cfbf3621b			2026-04-27T09:21:04.935141+00:00	sanctoral
2c458cf5-a4cb-5542-bcbb-9cc3746dc568	1568	Gibrianus		f2aa370f-fe32-5793-bf4d-911cfbf3621b			2026-04-27T09:21:04.935141+00:00	sanctoral
05c45382-2486-5f0b-8fb5-c8ed544227f1	1569	Gilbertus		f2aa370f-fe32-5793-bf4d-911cfbf3621b			2026-04-27T09:21:04.935141+00:00	sanctoral
e7d039c7-0b64-5e21-b12a-c75da05cdb43	1570	Gildardus		f2aa370f-fe32-5793-bf4d-911cfbf3621b			2026-04-27T09:21:04.935141+00:00	sanctoral
5f0b41c2-a35c-5132-98c1-100f4b2ea80f	1571	Gildardus (Infra octavas)		f2aa370f-fe32-5793-bf4d-911cfbf3621b			2026-04-27T09:21:04.935141+00:00	sanctoral
4aeab40f-25b9-59a2-a49f-f0e2127288e4	1572	Gildasius		f2aa370f-fe32-5793-bf4d-911cfbf3621b			2026-04-27T09:21:04.935141+00:00	sanctoral
4d067074-6136-5233-a264-6d13e78ec040	1573	Gillemon		f2aa370f-fe32-5793-bf4d-911cfbf3621b			2026-04-27T09:21:04.935141+00:00	sanctoral
67e12e71-b8c1-5673-b5ca-0138485d3af7	1574	Giraldus Bracarensis		f2aa370f-fe32-5793-bf4d-911cfbf3621b			2026-04-27T09:21:04.935141+00:00	sanctoral
88c53cc5-f11c-51bd-990b-807498cbaf9d	1575	Gislarius		f2aa370f-fe32-5793-bf4d-911cfbf3621b			2026-04-27T09:21:04.935141+00:00	sanctoral
26d13b90-768c-522e-819a-4fcb2f99cd33	1576	Gislebertus		f2aa370f-fe32-5793-bf4d-911cfbf3621b			2026-04-27T09:21:04.935141+00:00	sanctoral
b3d1e410-4867-5588-b9af-35e8cdb0a6c7	1577	Gislebertus (Translatio)		f2aa370f-fe32-5793-bf4d-911cfbf3621b			2026-04-27T09:21:04.935141+00:00	sanctoral
fca5b11a-a3bc-5fae-b8bb-89f0f85787a3	1578	Gislenus		f2aa370f-fe32-5793-bf4d-911cfbf3621b			2026-04-27T09:21:04.935141+00:00	sanctoral
01662c55-c3e8-5263-9050-72f3fa391830	1579	Gligius		f2aa370f-fe32-5793-bf4d-911cfbf3621b			2026-04-27T09:21:04.935141+00:00	sanctoral
f2ffe3b6-85e4-5864-80d6-17c4c1179c97	1580	Glodesindis		f2aa370f-fe32-5793-bf4d-911cfbf3621b			2026-04-27T09:21:04.935141+00:00	sanctoral
81bbe272-7efa-5c22-bfba-40c959bebbff	1581	Gloriosus		f2aa370f-fe32-5793-bf4d-911cfbf3621b			2026-04-27T09:21:04.935141+00:00	sanctoral
8b9096fb-3d21-5da6-8c6d-0b0e8c1347cb	1582	Goar		f2aa370f-fe32-5793-bf4d-911cfbf3621b			2026-04-27T09:21:04.935141+00:00	sanctoral
00f46409-9d29-5f5e-b1e5-75ef1d7291ca	1583	Gobrianus		f2aa370f-fe32-5793-bf4d-911cfbf3621b			2026-04-27T09:21:04.935141+00:00	sanctoral
33058542-5d03-5c39-bf17-a5d1fbd9e762	1584	Godeberta		f2aa370f-fe32-5793-bf4d-911cfbf3621b			2026-04-27T09:21:04.935141+00:00	sanctoral
b8e56789-741f-5b0c-9a62-e2a43f18cafd	1585	Godegrandus		f2aa370f-fe32-5793-bf4d-911cfbf3621b			2026-04-27T09:21:04.935141+00:00	sanctoral
61bb7aa8-87b1-59d7-a1eb-937062dc57de	1586	Godehardus		f2aa370f-fe32-5793-bf4d-911cfbf3621b			2026-04-27T09:21:04.935141+00:00	sanctoral
db3d42bc-ce17-540c-9e61-c65854c0ae5d	1587	Godehardus (Translatio)		f2aa370f-fe32-5793-bf4d-911cfbf3621b			2026-04-27T09:21:04.935141+00:00	sanctoral
b6ac7097-2e97-5b97-b9cb-7210b675b9c8	1588	Godo		f2aa370f-fe32-5793-bf4d-911cfbf3621b			2026-04-27T09:21:04.935141+00:00	sanctoral
84a979da-36b9-5929-b83a-cdc8e3b0cc41	1589	Godoaldus		f2aa370f-fe32-5793-bf4d-911cfbf3621b			2026-04-27T09:21:04.935141+00:00	sanctoral
bab20ccc-7128-52ef-9b8b-4c01a152dfff	1590	Godrianus		f2aa370f-fe32-5793-bf4d-911cfbf3621b			2026-04-27T09:21:04.935141+00:00	sanctoral
c6a3efb4-36b4-58ec-a375-91a16d75fe6b	1591	Goericus		f2aa370f-fe32-5793-bf4d-911cfbf3621b			2026-04-27T09:21:04.935141+00:00	sanctoral
62f406a5-1ebb-557e-9b73-33d61df32f8d	1592	Goeznoveus		f2aa370f-fe32-5793-bf4d-911cfbf3621b			2026-04-27T09:21:04.935141+00:00	sanctoral
c876f120-8776-5e9b-9ebf-a5bd26cf9c9c	1593	Goliardus		f2aa370f-fe32-5793-bf4d-911cfbf3621b			2026-04-27T09:21:04.935141+00:00	sanctoral
9fe0e83a-ac99-5b28-83cb-874e59ff8f9d	1594	Golvenus		f2aa370f-fe32-5793-bf4d-911cfbf3621b			2026-04-27T09:21:04.935141+00:00	sanctoral
19d2f7e2-fefa-5a91-beed-d79717758e5e	1595	Gondulfus		f2aa370f-fe32-5793-bf4d-911cfbf3621b			2026-04-27T09:21:04.935141+00:00	sanctoral
fa56d80a-4650-5d2d-b722-8b43e261d22d	1596	Gondulfus Metensis		f2aa370f-fe32-5793-bf4d-911cfbf3621b			2026-04-27T09:21:04.935141+00:00	sanctoral
7ba60ffc-168d-5856-8e2c-fe3d11b2a06b	1597	Goneirus		f2aa370f-fe32-5793-bf4d-911cfbf3621b			2026-04-27T09:21:04.935141+00:00	sanctoral
5f30bbd0-dce6-5f74-b41e-33f571f6b448	1598	Gonsaldus		f2aa370f-fe32-5793-bf4d-911cfbf3621b			2026-04-27T09:21:04.935141+00:00	sanctoral
f02d41aa-9c1f-5674-b2b4-de64b8459e64	1599	Gordianus		f2aa370f-fe32-5793-bf4d-911cfbf3621b			2026-04-27T09:21:04.935141+00:00	sanctoral
e3102835-c520-5a6a-9826-ff3dc5bfd2af	1600	Gorgonius		f2aa370f-fe32-5793-bf4d-911cfbf3621b			2026-04-27T09:21:04.935141+00:00	sanctoral
8ae77743-e4ad-51df-9eee-d2de805d413c	1601	Gorgonius (Translatio)		f2aa370f-fe32-5793-bf4d-911cfbf3621b			2026-04-27T09:21:04.935141+00:00	sanctoral
4676f966-58f1-53e9-83f6-c594f670c5e5	1602	Gorgonius Nicomediensis		f2aa370f-fe32-5793-bf4d-911cfbf3621b			2026-04-27T09:21:04.935141+00:00	sanctoral
37a728a4-2563-5f13-a658-f830cba6dfcd	1603	Gorgonius Nicomediensis (Octava)		f2aa370f-fe32-5793-bf4d-911cfbf3621b			2026-04-27T09:21:04.935141+00:00	sanctoral
f203ddb0-2ed2-59d6-a158-9fe728a42e1a	1604	Gothardus		f2aa370f-fe32-5793-bf4d-911cfbf3621b			2026-04-27T09:21:04.935141+00:00	sanctoral
689e35fd-8405-5279-8b3b-891897a13e4f	1605	Granus		f2aa370f-fe32-5793-bf4d-911cfbf3621b			2026-04-27T09:21:04.935141+00:00	sanctoral
eb006a39-13ec-5615-a282-2c4493e95411	1606	Gratianus		f2aa370f-fe32-5793-bf4d-911cfbf3621b			2026-04-27T09:21:04.935141+00:00	sanctoral
f412e8f1-c43a-5de3-a77e-8e3e38c54067	1607	Gratianus Ambianensis		f2aa370f-fe32-5793-bf4d-911cfbf3621b			2026-04-27T09:21:04.935141+00:00	sanctoral
209c25fe-25bc-51c5-a63c-239cb8f6182d	1608	Gratus Augustanus		f2aa370f-fe32-5793-bf4d-911cfbf3621b			2026-04-27T09:21:04.935141+00:00	sanctoral
b76b9912-cf66-56df-9de0-1a97f0b03c7a	1609	Gratus Augustanus (Translatio)		f2aa370f-fe32-5793-bf4d-911cfbf3621b			2026-04-27T09:21:04.935141+00:00	sanctoral
9750c40c-2c4e-56bc-a56e-c0f5ed5ed4e5	1610	Gratus Cabilonensis		f2aa370f-fe32-5793-bf4d-911cfbf3621b			2026-04-27T09:21:04.935141+00:00	sanctoral
964e8399-1d43-5196-a987-ba16eef4674d	1611	Gregorius		f2aa370f-fe32-5793-bf4d-911cfbf3621b			2026-04-27T09:21:04.935141+00:00	sanctoral
1ca7fa2a-259f-5991-815b-ac4786d3b954	1612	Gregorius Altissiodorensis		f2aa370f-fe32-5793-bf4d-911cfbf3621b			2026-04-27T09:21:04.935141+00:00	sanctoral
e9b0852f-895d-53c5-ac22-ed6ee0e81ae0	1613	Gregorius episcopus		f2aa370f-fe32-5793-bf4d-911cfbf3621b			2026-04-27T09:21:04.935141+00:00	sanctoral
ece344fd-7f8b-5ed0-94f3-91f09bc64231	1614	Gregorius Granatensis		f2aa370f-fe32-5793-bf4d-911cfbf3621b			2026-04-27T09:21:04.935141+00:00	sanctoral
88e7a034-d714-59e0-a0d3-10e3019fdea8	1615	Gregorius III		f2aa370f-fe32-5793-bf4d-911cfbf3621b			2026-04-27T09:21:04.935141+00:00	sanctoral
1dace251-7b39-5109-8875-626573f460c7	1616	Gregorius Lingonensis		f2aa370f-fe32-5793-bf4d-911cfbf3621b			2026-04-27T09:21:04.935141+00:00	sanctoral
f4c8da5a-a442-507d-a4ab-ca71e782163c	1617	Gregorius Lingonensis (Translatio)		f2aa370f-fe32-5793-bf4d-911cfbf3621b			2026-04-27T09:21:04.935141+00:00	sanctoral
45d6fcbc-b426-5975-bc5d-4f1adecffb43	1618	Gregorius Ludonensis		f2aa370f-fe32-5793-bf4d-911cfbf3621b			2026-04-27T09:21:04.935141+00:00	sanctoral
8e5f86db-f842-5159-b4b0-8901aec18324	1619	Gregorius Nazianzenus		f2aa370f-fe32-5793-bf4d-911cfbf3621b			2026-04-27T09:21:04.935141+00:00	sanctoral
65b5ff64-3f61-5d75-8c54-30f48352d3ba	1620	Gregorius Nyssenus		f2aa370f-fe32-5793-bf4d-911cfbf3621b			2026-04-27T09:21:04.935141+00:00	sanctoral
d0937e31-e2d2-5f76-8cca-38a317f1290d	1621	Gregorius papa (Octava)		f2aa370f-fe32-5793-bf4d-911cfbf3621b			2026-04-27T09:21:04.935141+00:00	sanctoral
ca83dbfc-4382-5431-b66d-0875580fef79	1622	Gregorius papa (Ordinatio)		f2aa370f-fe32-5793-bf4d-911cfbf3621b			2026-04-27T09:21:04.935141+00:00	sanctoral
d7ca2d90-569a-5588-9405-d776f1440d36	1623	Gregorius papa (Translatio)		f2aa370f-fe32-5793-bf4d-911cfbf3621b			2026-04-27T09:21:04.935141+00:00	sanctoral
00bf13dc-a85e-5a8c-8298-a21aa7706957	1624	Gregorius papa (Vigilia)		f2aa370f-fe32-5793-bf4d-911cfbf3621b			2026-04-27T09:21:04.935141+00:00	sanctoral
2ddefd46-fd91-5387-84ce-ba22ce2a4845	1625	Gregorius Spoletanus		f2aa370f-fe32-5793-bf4d-911cfbf3621b			2026-04-27T09:21:04.935141+00:00	sanctoral
6e9b37d4-e86b-5e93-992a-e09312ae24e5	1626	Gregorius Traiectensis		f2aa370f-fe32-5793-bf4d-911cfbf3621b			2026-04-27T09:21:04.935141+00:00	sanctoral
8bae12aa-45ee-5a0e-9e0e-7373a997299b	1627	Gregorius Turonensis		f2aa370f-fe32-5793-bf4d-911cfbf3621b			2026-04-27T09:21:04.935141+00:00	sanctoral
cb5c9af4-f394-5b59-ad4e-128de1dea4ed	1628	Grimbaldus		f2aa370f-fe32-5793-bf4d-911cfbf3621b			2026-04-27T09:21:04.935141+00:00	sanctoral
dc1cdc22-f217-5c67-bada-48204a275ec6	1629	Guarinus		f2aa370f-fe32-5793-bf4d-911cfbf3621b			2026-04-27T09:21:04.935141+00:00	sanctoral
c936524c-8f59-579d-8680-ceb7571cc590	1630	Gudula		f2aa370f-fe32-5793-bf4d-911cfbf3621b			2026-04-27T09:21:04.935141+00:00	sanctoral
d22fa28c-093a-5fea-ba57-2a1f123e4abb	1631	Guenaelus		f2aa370f-fe32-5793-bf4d-911cfbf3621b			2026-04-27T09:21:04.935141+00:00	sanctoral
263c3d1b-47f8-5bfb-8b1a-6e691b8622ec	1632	Guengalaenus		f2aa370f-fe32-5793-bf4d-911cfbf3621b			2026-04-27T09:21:04.935141+00:00	sanctoral
deaec2b8-be07-55cd-998c-ad2c861a5e5f	1633	Guillelmus		f2aa370f-fe32-5793-bf4d-911cfbf3621b			2026-04-27T09:21:04.935141+00:00	sanctoral
a7809756-c3aa-5cfb-b2a4-4c96506ddc73	1634	Guillelmus abbas		f2aa370f-fe32-5793-bf4d-911cfbf3621b			2026-04-27T09:21:04.935141+00:00	sanctoral
18d329aa-4c1b-50a7-aded-f2efba95e437	1635	Guillelmus Bituricensis		f2aa370f-fe32-5793-bf4d-911cfbf3621b			2026-04-27T09:21:04.935141+00:00	sanctoral
850c257b-bd5b-5e6c-888d-e29106c040a6	1636	Guillelmus Bituricensis (Octava)		f2aa370f-fe32-5793-bf4d-911cfbf3621b			2026-04-27T09:21:04.935141+00:00	sanctoral
49bc7ae3-d364-54c8-9da1-93b38222749f	1637	Guillelmus Bituricensis (Translatio Octava)		f2aa370f-fe32-5793-bf4d-911cfbf3621b			2026-04-27T09:21:04.935141+00:00	sanctoral
b08a61c0-d11e-5ffe-b407-dc34ba86d339	1638	Guillelmus Bituricensis (Translatio)		f2aa370f-fe32-5793-bf4d-911cfbf3621b			2026-04-27T09:21:04.935141+00:00	sanctoral
afcdfb2a-1e28-5960-a08a-4f5207a62e0f	1639	Guillelmus Briocensis		f2aa370f-fe32-5793-bf4d-911cfbf3621b			2026-04-27T09:21:04.935141+00:00	sanctoral
046cc907-68a1-5116-8e4a-a220b0811fb3	1640	Guillelmus Briocensis (Canonisatio)		f2aa370f-fe32-5793-bf4d-911cfbf3621b			2026-04-27T09:21:04.935141+00:00	sanctoral
cf71f4ef-e12a-52a2-93cd-d7b97106f33e	1641	Guillelmus Briocensis (Octava)		f2aa370f-fe32-5793-bf4d-911cfbf3621b			2026-04-27T09:21:04.935141+00:00	sanctoral
cdd389e6-7c44-5d8a-aa37-e533c359e5c2	1642	Guillelmus Cluniacensis		f2aa370f-fe32-5793-bf4d-911cfbf3621b			2026-04-27T09:21:04.935141+00:00	sanctoral
d092a3da-9bbe-543b-b44c-467f5c045cd2	1643	Guillelmus dux		f2aa370f-fe32-5793-bf4d-911cfbf3621b			2026-04-27T09:21:04.935141+00:00	sanctoral
ece25a95-df1f-56fd-8929-a3f22d5c6ddf	1644	Guillelmus Eboracensis		f2aa370f-fe32-5793-bf4d-911cfbf3621b			2026-04-27T09:21:04.935141+00:00	sanctoral
4f3b53fc-b22d-5a5e-a7e3-f89c97b59ae7	1645	Guillelmus Eboracensis (Octava)		f2aa370f-fe32-5793-bf4d-911cfbf3621b			2026-04-27T09:21:04.935141+00:00	sanctoral
5604926b-a133-5482-9a9a-3183f1633562	1646	Guillelmus Eboracensis (Translatio)		f2aa370f-fe32-5793-bf4d-911cfbf3621b			2026-04-27T09:21:04.935141+00:00	sanctoral
8c6edb64-05c2-5536-8c67-54a57ace62a8	1647	Guinefortus		f2aa370f-fe32-5793-bf4d-911cfbf3621b			2026-04-27T09:21:04.935141+00:00	sanctoral
22b162d5-04a3-511a-a9db-82930ab00971	1648	Guingalus		f2aa370f-fe32-5793-bf4d-911cfbf3621b			2026-04-27T09:21:04.935141+00:00	sanctoral
863dfcd2-21ee-5bcb-ad60-83c42e7515fa	1649	Guinnerus		f2aa370f-fe32-5793-bf4d-911cfbf3621b			2026-04-27T09:21:04.935141+00:00	sanctoral
419ca1c0-9ad2-5247-a0b7-327804843afc	1650	Gumbertus		f2aa370f-fe32-5793-bf4d-911cfbf3621b			2026-04-27T09:21:04.935141+00:00	sanctoral
a8cd36ff-8e2b-57ec-bfb2-6ce07a7cbeae	1651	Gummarus		f2aa370f-fe32-5793-bf4d-911cfbf3621b			2026-04-27T09:21:04.935141+00:00	sanctoral
ee28c008-a868-574e-bbcc-ae3b7e5760b3	1652	Gundolfus		f2aa370f-fe32-5793-bf4d-911cfbf3621b			2026-04-27T09:21:04.935141+00:00	sanctoral
69a8d262-134d-5da5-9417-d1277c3d6b7a	1653	Gundophorus		f2aa370f-fe32-5793-bf4d-911cfbf3621b			2026-04-27T09:21:04.935141+00:00	sanctoral
6a71bff9-49c3-5a5a-857c-b6ef759d2ebc	1654	Gunteranus		f2aa370f-fe32-5793-bf4d-911cfbf3621b			2026-04-27T09:21:04.935141+00:00	sanctoral
8003d8a5-94e1-5f48-a732-aa0b1efd7dfa	1655	Gunthardus		f2aa370f-fe32-5793-bf4d-911cfbf3621b			2026-04-27T09:21:04.935141+00:00	sanctoral
0069bbe7-502c-5c7c-80e2-ff935d9fa6d2	1656	Guongadus		f2aa370f-fe32-5793-bf4d-911cfbf3621b			2026-04-27T09:21:04.935141+00:00	sanctoral
23903106-53a0-563b-9e50-ae579ab54aad	1657	Gurvalus		f2aa370f-fe32-5793-bf4d-911cfbf3621b			2026-04-27T09:21:04.935141+00:00	sanctoral
b26ecbc8-4723-5803-a2b8-3f19807af648	1658	Guthlacus		f2aa370f-fe32-5793-bf4d-911cfbf3621b			2026-04-27T09:21:04.935141+00:00	sanctoral
ad00dd43-4e6a-5cef-848a-cb56fc85c45b	1659	Hadelinus		f2aa370f-fe32-5793-bf4d-911cfbf3621b			2026-04-27T09:21:04.935141+00:00	sanctoral
dbd8f644-f11d-5e4d-8df9-751c23a440ec	1660	Haimo		f2aa370f-fe32-5793-bf4d-911cfbf3621b			2026-04-27T09:21:04.935141+00:00	sanctoral
23c42832-5c59-5b0e-857e-b752afe2b004	1661	Halvardus		f2aa370f-fe32-5793-bf4d-911cfbf3621b			2026-04-27T09:21:04.935141+00:00	sanctoral
6ff77c8e-a47e-5b40-b2cb-08c4f829a410	1662	Hartmannus		f2aa370f-fe32-5793-bf4d-911cfbf3621b			2026-04-27T09:21:04.935141+00:00	sanctoral
907e0731-2719-598d-99e4-cddded7c0176	1663	Hauda		f2aa370f-fe32-5793-bf4d-911cfbf3621b			2026-04-27T09:21:04.935141+00:00	sanctoral
04b4c144-b99a-5628-96ea-02e759cd396b	1664	Hedwig Poloniae		f2aa370f-fe32-5793-bf4d-911cfbf3621b			2026-04-27T09:21:04.935141+00:00	sanctoral
f010dcc5-de93-5d2b-bfa3-d4304efadc80	1665	Hedwig Poloniae (Octava)		f2aa370f-fe32-5793-bf4d-911cfbf3621b			2026-04-27T09:21:04.935141+00:00	sanctoral
f512ee07-b742-59e9-bbd1-dc7b55d6575a	1666	Hedwig Poloniae (Translatio)		f2aa370f-fe32-5793-bf4d-911cfbf3621b			2026-04-27T09:21:04.935141+00:00	sanctoral
c8865843-c740-5ade-9fc4-3885c18b4e35	1667	Hegesippus		f2aa370f-fe32-5793-bf4d-911cfbf3621b			2026-04-27T09:21:04.935141+00:00	sanctoral
4949293f-646a-597d-99fd-18cc5005711b	1668	Heldradus		f2aa370f-fe32-5793-bf4d-911cfbf3621b			2026-04-27T09:21:04.935141+00:00	sanctoral
badb2c44-4b2f-54c6-90f1-6a6fbc148634	1669	Helena Suevica		f2aa370f-fe32-5793-bf4d-911cfbf3621b			2026-04-27T09:21:04.935141+00:00	sanctoral
32bef2f5-0d1c-5d02-87a0-bac6d8d1778a	1670	Helerius		f2aa370f-fe32-5793-bf4d-911cfbf3621b			2026-04-27T09:21:04.935141+00:00	sanctoral
fbe3c618-6824-596d-be88-ca08d9a2bf2b	1671	Helimas		f2aa370f-fe32-5793-bf4d-911cfbf3621b			2026-04-27T09:21:04.935141+00:00	sanctoral
e5af627c-0f84-5389-aa5c-4c9c3f9d4f78	1672	Hellarus		f2aa370f-fe32-5793-bf4d-911cfbf3621b			2026-04-27T09:21:04.935141+00:00	sanctoral
7352a160-d18f-5ed7-85e1-8018fedd806c	1673	Hemerius		f2aa370f-fe32-5793-bf4d-911cfbf3621b			2026-04-27T09:21:04.935141+00:00	sanctoral
08357b9c-ac21-5069-838d-d7340962d144	1674	Henricus (Canonizatio)		f2aa370f-fe32-5793-bf4d-911cfbf3621b			2026-04-27T09:21:04.935141+00:00	sanctoral
6b269558-d392-5012-b2ea-aee74996e079	1675	Henricus (Octava)		f2aa370f-fe32-5793-bf4d-911cfbf3621b			2026-04-27T09:21:04.935141+00:00	sanctoral
a0434dd5-0f7f-5521-9171-808906a19e76	1676	Henricus episcopus		f2aa370f-fe32-5793-bf4d-911cfbf3621b			2026-04-27T09:21:04.935141+00:00	sanctoral
4bbdb043-44aa-554f-8e31-c0b1cbfec25a	1677	Henricus episcopus (Translatio)		f2aa370f-fe32-5793-bf4d-911cfbf3621b			2026-04-27T09:21:04.935141+00:00	sanctoral
d4b5edd1-8a00-5c16-a987-440bf5ba8f5e	1678	Heraclianus		f2aa370f-fe32-5793-bf4d-911cfbf3621b			2026-04-27T09:21:04.935141+00:00	sanctoral
a1a82852-87d9-5b69-80a8-bd88d1c12278	1679	Heraclius		f2aa370f-fe32-5793-bf4d-911cfbf3621b			2026-04-27T09:21:04.935141+00:00	sanctoral
9da1f688-e69a-5e7b-94b2-666dd1e6d1aa	1680	Heraclius Senonensis		f2aa370f-fe32-5793-bf4d-911cfbf3621b			2026-04-27T09:21:04.935141+00:00	sanctoral
7075148f-8b6e-507d-b942-798fe3e7cb03	1681	Herculianus		f2aa370f-fe32-5793-bf4d-911cfbf3621b			2026-04-27T09:21:04.935141+00:00	sanctoral
43f1d8d7-8063-5010-9b3b-15034ac2bb4c	1682	Heribertus		f2aa370f-fe32-5793-bf4d-911cfbf3621b			2026-04-27T09:21:04.935141+00:00	sanctoral
f3cb029a-0065-5714-87c5-4ddfd5086db7	1683	Hermagoras		f2aa370f-fe32-5793-bf4d-911cfbf3621b			2026-04-27T09:21:04.935141+00:00	sanctoral
2ed58e42-6767-52ac-8c10-66a8b8280b1b	1684	Hermagoras (Octava)		f2aa370f-fe32-5793-bf4d-911cfbf3621b			2026-04-27T09:21:04.935141+00:00	sanctoral
66cf5bce-06de-5eba-867c-b39ca807fc73	1685	Hermagoras (Translatio)		f2aa370f-fe32-5793-bf4d-911cfbf3621b			2026-04-27T09:21:04.935141+00:00	sanctoral
3e8d0d89-a579-5947-9615-f4b055a7677c	1686	Hermagoras (Vigilia)		f2aa370f-fe32-5793-bf4d-911cfbf3621b			2026-04-27T09:21:04.935141+00:00	sanctoral
d172615d-0c54-53f5-8dd7-c8eb4d4e95df	1687	Hermannus		f2aa370f-fe32-5793-bf4d-911cfbf3621b			2026-04-27T09:21:04.935141+00:00	sanctoral
e20346dc-22fb-5f5f-9e80-ee0965e28ddb	1688	Hermelandus		f2aa370f-fe32-5793-bf4d-911cfbf3621b			2026-04-27T09:21:04.935141+00:00	sanctoral
7654fe22-57ba-5a6c-a564-901fbd238e04	1689	Hermenegildus		f2aa370f-fe32-5793-bf4d-911cfbf3621b			2026-04-27T09:21:04.935141+00:00	sanctoral
9f717e61-feec-5a97-a52b-81e569c812dd	1690	Hermes		f2aa370f-fe32-5793-bf4d-911cfbf3621b			2026-04-27T09:21:04.935141+00:00	sanctoral
21576076-ff53-53dc-83fb-4400571afe10	1691	Hermogenes		f2aa370f-fe32-5793-bf4d-911cfbf3621b			2026-04-27T09:21:04.935141+00:00	sanctoral
8eac693c-418f-5f84-860e-247241386f16	1692	Hermolaus		f2aa370f-fe32-5793-bf4d-911cfbf3621b			2026-04-27T09:21:04.935141+00:00	sanctoral
1a78679c-7e51-5abf-a65a-dd80c9104569	1693	Heron		f2aa370f-fe32-5793-bf4d-911cfbf3621b			2026-04-27T09:21:04.935141+00:00	sanctoral
78f878ba-2078-546d-98d0-6b78cc1dfa1d	1694	Herveus		f2aa370f-fe32-5793-bf4d-911cfbf3621b			2026-04-27T09:21:04.935141+00:00	sanctoral
e363e979-0a49-5b56-96d9-93914cd16476	1695	Hesychius		f2aa370f-fe32-5793-bf4d-911cfbf3621b			2026-04-27T09:21:04.935141+00:00	sanctoral
ed39d4b0-db42-57c9-a65d-38f9d628766f	1696	Hesychius Viennensis		f2aa370f-fe32-5793-bf4d-911cfbf3621b			2026-04-27T09:21:04.935141+00:00	sanctoral
c5b1bf7b-57ad-53e0-8439-085dbc1aa93d	1697	Hieron		f2aa370f-fe32-5793-bf4d-911cfbf3621b			2026-04-27T09:21:04.935141+00:00	sanctoral
126062ec-1852-58dd-8ecc-11f81b9331cf	1698	Hieronymus (Octava)		f2aa370f-fe32-5793-bf4d-911cfbf3621b			2026-04-27T09:21:04.935141+00:00	sanctoral
8a193682-6527-54b4-bde1-f01382593102	1699	Hieronymus (Translatio)		f2aa370f-fe32-5793-bf4d-911cfbf3621b			2026-04-27T09:21:04.935141+00:00	sanctoral
69b08b29-1068-57fb-a24d-dae3d535189c	1700	Hieronymus Nivemensis		f2aa370f-fe32-5793-bf4d-911cfbf3621b			2026-04-27T09:21:04.935141+00:00	sanctoral
92a4c1b8-0532-5c8b-94aa-ad0c70903360	1701	Hierus		f2aa370f-fe32-5793-bf4d-911cfbf3621b			2026-04-27T09:21:04.935141+00:00	sanctoral
e2d2182a-2e54-525c-bfb2-ec837842f6d0	1702	Hilaria		f2aa370f-fe32-5793-bf4d-911cfbf3621b			2026-04-27T09:21:04.935141+00:00	sanctoral
43add86b-2571-5259-a31e-ed9fd154ade0	1703	Hilarinus		f2aa370f-fe32-5793-bf4d-911cfbf3621b			2026-04-27T09:21:04.935141+00:00	sanctoral
7337db2a-4afa-5763-96ce-f71b03556d62	1704	Hilarion		f2aa370f-fe32-5793-bf4d-911cfbf3621b			2026-04-27T09:21:04.935141+00:00	sanctoral
2141bfb4-eb7b-5336-96f3-4b5fe8f709f8	1705	Hilarius		f2aa370f-fe32-5793-bf4d-911cfbf3621b			2026-04-27T09:21:04.935141+00:00	sanctoral
086b0b9e-2627-566c-8a94-a477d5b05a22	1706	Hilarius Aquileiensis		f2aa370f-fe32-5793-bf4d-911cfbf3621b			2026-04-27T09:21:04.935141+00:00	sanctoral
894db46e-a59a-5a25-a50e-5ef3536ee72e	1707	Hilarius Arelatensis		f2aa370f-fe32-5793-bf4d-911cfbf3621b			2026-04-27T09:21:04.935141+00:00	sanctoral
18c08282-a49a-5fa3-8cf8-9c90384d9d28	1708	Hilarius martyr		f2aa370f-fe32-5793-bf4d-911cfbf3621b			2026-04-27T09:21:04.935141+00:00	sanctoral
6d0b4aad-d664-5749-98ef-ecbef3171180	1709	Hilarius Mimatensis		f2aa370f-fe32-5793-bf4d-911cfbf3621b			2026-04-27T09:21:04.935141+00:00	sanctoral
78caaf6c-6927-5f75-a08c-f695558427d3	1710	Hilarius papa		f2aa370f-fe32-5793-bf4d-911cfbf3621b			2026-04-27T09:21:04.935141+00:00	sanctoral
4b71c156-bdc1-58e2-95cd-51b33cadadb2	1711	Hilarius Pictaviensis		f2aa370f-fe32-5793-bf4d-911cfbf3621b			2026-04-27T09:21:04.935141+00:00	sanctoral
56894b52-0e99-53d8-9955-cab093852ea5	1712	Hilarius Pictaviensis (Octava)		f2aa370f-fe32-5793-bf4d-911cfbf3621b			2026-04-27T09:21:04.935141+00:00	sanctoral
31b5b23a-9ab7-5fa0-b470-f96d4f114678	1713	Hilarius Pictaviensis (Translatio)		f2aa370f-fe32-5793-bf4d-911cfbf3621b			2026-04-27T09:21:04.935141+00:00	sanctoral
5ccbd274-420f-5123-8cb4-236cbea68811	1714	Hilarius Tolosanus		f2aa370f-fe32-5793-bf4d-911cfbf3621b			2026-04-27T09:21:04.935141+00:00	sanctoral
6481c16c-092e-5fe1-9222-7f1e396fd96f	1715	Hilda		f2aa370f-fe32-5793-bf4d-911cfbf3621b			2026-04-27T09:21:04.935141+00:00	sanctoral
6763f50f-414d-5d1a-8617-ed8a97afb4ac	1716	Hildebertus		f2aa370f-fe32-5793-bf4d-911cfbf3621b			2026-04-27T09:21:04.935141+00:00	sanctoral
abe3a08b-5deb-5791-9199-e7b20a4ceb9d	1717	Hildulfus		f2aa370f-fe32-5793-bf4d-911cfbf3621b			2026-04-27T09:21:04.935141+00:00	sanctoral
2a3d6f58-6183-57bb-addf-94439e32d8dc	1718	Himerius		f2aa370f-fe32-5793-bf4d-911cfbf3621b			2026-04-27T09:21:04.935141+00:00	sanctoral
bafb647b-daff-5eca-8afb-4ed3bd3b96d9	1719	Hippolytus		f2aa370f-fe32-5793-bf4d-911cfbf3621b			2026-04-27T09:21:04.935141+00:00	sanctoral
9640c158-dca4-5542-a82c-84e5405d8d39	1720	Hippolytus (Vigilia)		f2aa370f-fe32-5793-bf4d-911cfbf3621b			2026-04-27T09:21:04.935141+00:00	sanctoral
bc0f10e5-6b36-5100-9feb-6fec1fbb30e2	1721	Hirentius		f2aa370f-fe32-5793-bf4d-911cfbf3621b			2026-04-27T09:21:04.935141+00:00	sanctoral
b8c9a617-ef4a-56bc-8408-6c2252e791c8	1722	Hoildis		f2aa370f-fe32-5793-bf4d-911cfbf3621b			2026-04-27T09:21:04.935141+00:00	sanctoral
172491c6-4ea6-59ec-a4d6-d0b431dcdd11	1723	Homobonus		f2aa370f-fe32-5793-bf4d-911cfbf3621b			2026-04-27T09:21:04.935141+00:00	sanctoral
4cbc8c2d-3401-50d1-b548-216bd86fdfcf	1724	Honestus		f2aa370f-fe32-5793-bf4d-911cfbf3621b			2026-04-27T09:21:04.935141+00:00	sanctoral
30d2ff1b-b88f-527f-8b52-6f41d4d93b0b	1725	Honobertus		f2aa370f-fe32-5793-bf4d-911cfbf3621b			2026-04-27T09:21:04.935141+00:00	sanctoral
fa0f79ee-ed81-5d3c-b082-cf72975337b2	1726	Honor eccleisae		f2aa370f-fe32-5793-bf4d-911cfbf3621b			2026-04-27T09:21:04.935141+00:00	sanctoral
57ec9e3e-8717-5962-a966-dda2ad0f4016	1727	Honoratus		f2aa370f-fe32-5793-bf4d-911cfbf3621b			2026-04-27T09:21:04.935141+00:00	sanctoral
2e80cc80-be4a-570f-8109-9bfc93da140b	1728	Honoratus (Dominica infra octavas)		f2aa370f-fe32-5793-bf4d-911cfbf3621b			2026-04-27T09:21:04.935141+00:00	sanctoral
42123083-d74f-54d1-a21a-ac29337f9cee	1729	Honoratus (Infra octavas)		f2aa370f-fe32-5793-bf4d-911cfbf3621b			2026-04-27T09:21:04.935141+00:00	sanctoral
d0169732-11de-544b-8d00-413df39fcd6d	1730	Honoratus (Octava)		f2aa370f-fe32-5793-bf4d-911cfbf3621b			2026-04-27T09:21:04.935141+00:00	sanctoral
473f13ab-8967-5d9d-a56b-3843e4be0b9f	1731	Honorina		f2aa370f-fe32-5793-bf4d-911cfbf3621b			2026-04-27T09:21:04.935141+00:00	sanctoral
ddcdbf83-5dd1-59cf-8dad-bea086b5bfa2	1732	Honorius		f2aa370f-fe32-5793-bf4d-911cfbf3621b			2026-04-27T09:21:04.935141+00:00	sanctoral
01219b74-c87b-5548-8ed8-100d1adf598a	1733	Honulphus		f2aa370f-fe32-5793-bf4d-911cfbf3621b			2026-04-27T09:21:04.935141+00:00	sanctoral
89300e59-5e06-5a34-8554-0511a999fe0b	1734	Hormisdas		f2aa370f-fe32-5793-bf4d-911cfbf3621b			2026-04-27T09:21:04.935141+00:00	sanctoral
b99e187f-15f6-5430-99c8-be98b762ce70	1735	Hospitius		f2aa370f-fe32-5793-bf4d-911cfbf3621b			2026-04-27T09:21:04.935141+00:00	sanctoral
a858f937-0a5d-5573-af0e-573c012f3e78	1736	Hostianus		f2aa370f-fe32-5793-bf4d-911cfbf3621b			2026-04-27T09:21:04.935141+00:00	sanctoral
6e5cbd1c-1d0b-5a7c-b8c7-33c72051a947	1737	Houardon		f2aa370f-fe32-5793-bf4d-911cfbf3621b			2026-04-27T09:21:04.935141+00:00	sanctoral
8c4564f3-4b59-5800-9876-9d6f9782c000	1738	Hugo		f2aa370f-fe32-5793-bf4d-911cfbf3621b			2026-04-27T09:21:04.935141+00:00	sanctoral
9b22b01f-b0e0-5f9e-a412-3c6f6d17e079	1739	Hugo (Octava)		f2aa370f-fe32-5793-bf4d-911cfbf3621b			2026-04-27T09:21:04.935141+00:00	sanctoral
e827a204-0810-57f3-b9c4-17fbbad2aeae	1740	Hugo (Revelatio)		f2aa370f-fe32-5793-bf4d-911cfbf3621b			2026-04-27T09:21:04.935141+00:00	sanctoral
22f968ed-f45b-515f-b437-be81a970cb60	1741	Hugo Cluniacensis		f2aa370f-fe32-5793-bf4d-911cfbf3621b			2026-04-27T09:21:04.935141+00:00	sanctoral
47f73f5b-c00a-52dc-84be-171653847a8c	1742	Hugo Cluniacensis (Translatio)		f2aa370f-fe32-5793-bf4d-911cfbf3621b			2026-04-27T09:21:04.935141+00:00	sanctoral
f72ad60f-a60e-5eca-8651-f7711adfb28b	1743	Hugo episcopus		f2aa370f-fe32-5793-bf4d-911cfbf3621b			2026-04-27T09:21:04.935141+00:00	sanctoral
5c02c5ce-6c1c-5452-a299-1e98c0ff69c8	1744	Humbertus		f2aa370f-fe32-5793-bf4d-911cfbf3621b			2026-04-27T09:21:04.935141+00:00	sanctoral
fb684886-ec37-5ccc-87d3-e85f160d7aa0	1745	Hunegundis		f2aa370f-fe32-5793-bf4d-911cfbf3621b			2026-04-27T09:21:04.935141+00:00	sanctoral
2e020213-13d7-5b9b-87f0-299b9b48d84c	1746	Hunfridus		f2aa370f-fe32-5793-bf4d-911cfbf3621b			2026-04-27T09:21:04.935141+00:00	sanctoral
f648275b-78c0-5dff-85b4-af2062031c56	1747	Hunfridus (Ostensio)		f2aa370f-fe32-5793-bf4d-911cfbf3621b			2026-04-27T09:21:04.935141+00:00	sanctoral
5411f700-aa41-5924-96d3-8c1dfac5214e	1748	Hyacinthus		f2aa370f-fe32-5793-bf4d-911cfbf3621b			2026-04-27T09:21:04.935141+00:00	sanctoral
875af40b-8a18-5e97-95e3-532eed4f07ce	1749	Hyacinthus (Translatio)		f2aa370f-fe32-5793-bf4d-911cfbf3621b			2026-04-27T09:21:04.935141+00:00	sanctoral
5e219434-c453-5fcd-9ddd-a7143d42640d	1750	Hyacinthus Polonus		f2aa370f-fe32-5793-bf4d-911cfbf3621b			2026-04-27T09:21:04.935141+00:00	sanctoral
87b6e553-7e7c-5b80-85aa-7bd1ae1089e4	1751	Hyginus		f2aa370f-fe32-5793-bf4d-911cfbf3621b			2026-04-27T09:21:04.935141+00:00	sanctoral
e78695ba-c5bf-5430-8e49-8e92ee2140c0	1752	Hypopodius		f2aa370f-fe32-5793-bf4d-911cfbf3621b			2026-04-27T09:21:04.935141+00:00	sanctoral
871b38c3-e7f9-51b8-82bd-84bbe3fe2b77	1753	Iacobus		f2aa370f-fe32-5793-bf4d-911cfbf3621b			2026-04-27T09:21:04.935141+00:00	sanctoral
dd6a7c78-dd47-5de8-be73-0cca47fce54c	1754	Iacobus (Octava)		f2aa370f-fe32-5793-bf4d-911cfbf3621b			2026-04-27T09:21:04.935141+00:00	sanctoral
a37468af-eaa8-518a-a8e2-f26e0d8aa9b7	1755	Iacobus (Ordinatio Octava)		f2aa370f-fe32-5793-bf4d-911cfbf3621b			2026-04-27T09:21:04.935141+00:00	sanctoral
f7937985-e651-56a1-885a-d4aaec793238	1756	Iacobus (Ordinatio)		f2aa370f-fe32-5793-bf4d-911cfbf3621b			2026-04-27T09:21:04.935141+00:00	sanctoral
6a6a08e6-c978-57e9-a4bc-73831f526fcd	1757	Iacobus episcopus		f2aa370f-fe32-5793-bf4d-911cfbf3621b			2026-04-27T09:21:04.935141+00:00	sanctoral
e33ed37b-6140-5d84-b8a3-ed513938d4d8	1758	Iacobus intercisus		f2aa370f-fe32-5793-bf4d-911cfbf3621b			2026-04-27T09:21:04.935141+00:00	sanctoral
dcfc5b40-71af-5508-b3e4-662047c370c8	1759	Iacobus intercisus (Translatio)		f2aa370f-fe32-5793-bf4d-911cfbf3621b			2026-04-27T09:21:04.935141+00:00	sanctoral
840b7e2e-adbb-5324-8596-427dd4fb031c	1760	Iacobus maior		f2aa370f-fe32-5793-bf4d-911cfbf3621b			2026-04-27T09:21:04.935141+00:00	sanctoral
216dfc95-0276-5b39-b6b0-89743d617e58	1761	Iacobus maior (Infra octavas)		f2aa370f-fe32-5793-bf4d-911cfbf3621b			2026-04-27T09:21:04.935141+00:00	sanctoral
72b715c5-e5e8-5170-8902-d4ceb407d0a0	1762	Iacobus maior (Octava)		f2aa370f-fe32-5793-bf4d-911cfbf3621b			2026-04-27T09:21:04.935141+00:00	sanctoral
5dc801f0-189d-56a0-a8bb-e6bb83d8522b	1763	Iacobus maior (Translatio)		f2aa370f-fe32-5793-bf4d-911cfbf3621b			2026-04-27T09:21:04.935141+00:00	sanctoral
a3e2a59a-a06b-5ea4-9676-772c61ac7dc9	1764	Iacobus maior (Vigilia)		f2aa370f-fe32-5793-bf4d-911cfbf3621b			2026-04-27T09:21:04.935141+00:00	sanctoral
519c1685-720e-57ad-893d-d9bfea5e88bf	1765	Iacobus minor		f2aa370f-fe32-5793-bf4d-911cfbf3621b			2026-04-27T09:21:04.935141+00:00	sanctoral
50317fbe-5a2e-5790-b847-89473b94cebf	1766	Iacobus minor (Commemoratio)		f2aa370f-fe32-5793-bf4d-911cfbf3621b			2026-04-27T09:21:04.935141+00:00	sanctoral
3aa66783-3bcb-51d0-9d0d-5a3d00cfc55c	1767	Iacobus minor (Infra octavas)		f2aa370f-fe32-5793-bf4d-911cfbf3621b			2026-04-27T09:21:04.935141+00:00	sanctoral
8268f19a-ae90-53c9-9d2f-6d1431e82127	1768	Iacobus minor (Octava)		f2aa370f-fe32-5793-bf4d-911cfbf3621b			2026-04-27T09:21:04.935141+00:00	sanctoral
ebd235e2-0537-56cc-bb91-29c6d1034118	1769	Iacobus minor (Ordinatio)		f2aa370f-fe32-5793-bf4d-911cfbf3621b			2026-04-27T09:21:04.935141+00:00	sanctoral
c9976360-6777-5a23-8a1e-0bc73c07b1bf	1770	Iacobus minor (Vigilia)		f2aa370f-fe32-5793-bf4d-911cfbf3621b			2026-04-27T09:21:04.935141+00:00	sanctoral
32e00676-48f3-5b76-8484-8d76b2bd170f	1771	Iacobus Petropoulos		f2aa370f-fe32-5793-bf4d-911cfbf3621b			2026-04-27T09:21:04.935141+00:00	sanctoral
2b82157b-9eaa-5d7f-a868-4a986d3ada29	1772	Iacutus		f2aa370f-fe32-5793-bf4d-911cfbf3621b			2026-04-27T09:21:04.935141+00:00	sanctoral
3bd2d677-946e-5451-940b-f823a5dd7269	1773	Ianuarius		f2aa370f-fe32-5793-bf4d-911cfbf3621b			2026-04-27T09:21:04.935141+00:00	sanctoral
c9101f44-d91a-5fb0-996b-e5bdfc5ed812	1774	Ianuarius martyr Heraclensis		f2aa370f-fe32-5793-bf4d-911cfbf3621b			2026-04-27T09:21:04.935141+00:00	sanctoral
836362dd-a05b-515c-bfa7-1ee574f90402	1775	Iconius		f2aa370f-fe32-5793-bf4d-911cfbf3621b			2026-04-27T09:21:04.935141+00:00	sanctoral
3c145280-e74f-5e4d-bd57-fde67bebc8ce	1776	Idultus		f2aa370f-fe32-5793-bf4d-911cfbf3621b			2026-04-27T09:21:04.935141+00:00	sanctoral
0aa2139a-8463-5fc4-a8b2-259d641fea55	1777	Ieremias		f2aa370f-fe32-5793-bf4d-911cfbf3621b			2026-04-27T09:21:04.935141+00:00	sanctoral
dff6bc8d-7919-5c8b-af39-09a49cafee99	1778	Ierusalem capitur		f2aa370f-fe32-5793-bf4d-911cfbf3621b			2026-04-27T09:21:04.935141+00:00	sanctoral
8c703c27-7722-58ea-88f1-035eb592b560	1779	Ignatius		f2aa370f-fe32-5793-bf4d-911cfbf3621b			2026-04-27T09:21:04.935141+00:00	sanctoral
a3c5dd80-0506-5c91-a26b-69b65a847fb5	1780	Ignatius (Translatio)		f2aa370f-fe32-5793-bf4d-911cfbf3621b			2026-04-27T09:21:04.935141+00:00	sanctoral
18246a9e-72f1-5975-93fd-15aee98ef335	1781	Ildefonsus		f2aa370f-fe32-5793-bf4d-911cfbf3621b			2026-04-27T09:21:04.935141+00:00	sanctoral
6ffed9eb-f658-5f63-a390-96eec36e8564	1782	Ildefonsus (Infra octavas)		f2aa370f-fe32-5793-bf4d-911cfbf3621b			2026-04-27T09:21:04.935141+00:00	sanctoral
ea61ec26-7ef3-5e49-93e7-95e3263c3b4e	1783	Ildefonsus (Inventio)		f2aa370f-fe32-5793-bf4d-911cfbf3621b			2026-04-27T09:21:04.935141+00:00	sanctoral
7ad5bc93-dc5b-5346-9e06-d5d03080c0ce	1784	Ildefonsus (Octava)		f2aa370f-fe32-5793-bf4d-911cfbf3621b			2026-04-27T09:21:04.935141+00:00	sanctoral
6ca683c8-f884-51b8-8c46-93b981dec9b2	1785	Illidius		f2aa370f-fe32-5793-bf4d-911cfbf3621b			2026-04-27T09:21:04.935141+00:00	sanctoral
4176ea3f-1d9e-542d-84d6-d1dd926c9082	1786	Ilpidius Gabalitanus		f2aa370f-fe32-5793-bf4d-911cfbf3621b			2026-04-27T09:21:04.935141+00:00	sanctoral
72119562-1c7c-58a6-81e5-eec939535052	1787	Imiterius		f2aa370f-fe32-5793-bf4d-911cfbf3621b			2026-04-27T09:21:04.935141+00:00	sanctoral
5e9556d8-4cc5-52d4-9135-71b84bb454f8	1788	Indaletius		f2aa370f-fe32-5793-bf4d-911cfbf3621b			2026-04-27T09:21:04.935141+00:00	sanctoral
634b8f91-6f48-52f0-9871-5e430a771105	1789	Ingenuinus		f2aa370f-fe32-5793-bf4d-911cfbf3621b			2026-04-27T09:21:04.935141+00:00	sanctoral
42ed0e18-59cd-5d8f-8870-cec06a40bbe8	1790	Ingenuinus (Octava)		f2aa370f-fe32-5793-bf4d-911cfbf3621b			2026-04-27T09:21:04.935141+00:00	sanctoral
8cd0f671-9c1f-575a-b654-10232ffbd3df	1791	Innocentes		f2aa370f-fe32-5793-bf4d-911cfbf3621b			2026-04-27T09:21:04.935141+00:00	sanctoral
625e399b-ef81-5487-83d3-cf113e46dd93	1792	Innocentes (Infra octavas)		f2aa370f-fe32-5793-bf4d-911cfbf3621b			2026-04-27T09:21:04.935141+00:00	sanctoral
d63c2e9b-c4df-53b5-af58-5410d5c7be5a	1793	Innocentes (Octava)		f2aa370f-fe32-5793-bf4d-911cfbf3621b			2026-04-27T09:21:04.935141+00:00	sanctoral
3f36fac1-4c1b-5f95-8351-bdd1abd6756e	1794	Innocentia		f2aa370f-fe32-5793-bf4d-911cfbf3621b			2026-04-27T09:21:04.935141+00:00	sanctoral
c09706bc-7d6f-5d6d-8409-e0707eae2bc0	1795	Innocentius		f2aa370f-fe32-5793-bf4d-911cfbf3621b			2026-04-27T09:21:04.935141+00:00	sanctoral
49da4b98-2327-50c5-935c-8a0036c29875	1796	Innocentius Agaunensis		f2aa370f-fe32-5793-bf4d-911cfbf3621b			2026-04-27T09:21:04.935141+00:00	sanctoral
7959015d-7d34-5168-a170-5648d3c7c7cc	1797	Innumerabiles martyres		f2aa370f-fe32-5793-bf4d-911cfbf3621b			2026-04-27T09:21:04.935141+00:00	sanctoral
ea850d28-fd84-5541-8f29-17ce0a535901	1798	Innumerabiles martyres Caesaraugustani		f2aa370f-fe32-5793-bf4d-911cfbf3621b			2026-04-27T09:21:04.935141+00:00	sanctoral
9c58a50f-e494-5d53-abee-e0dec1b038f1	1799	Intravit Noe in archa		f2aa370f-fe32-5793-bf4d-911cfbf3621b			2026-04-27T09:21:04.935141+00:00	sanctoral
b4aa1ad1-7a8c-50aa-8e9e-1eb193ce47c4	1800	Inventio Crucis		f2aa370f-fe32-5793-bf4d-911cfbf3621b			2026-04-27T09:21:04.935141+00:00	sanctoral
e9e9edb9-a717-56c1-b346-efdabf3d1c38	1801	Inventio Crucis (Octava)		f2aa370f-fe32-5793-bf4d-911cfbf3621b			2026-04-27T09:21:04.935141+00:00	sanctoral
5fd2fb23-ade6-5802-9e0f-a6dcdb752774	1802	Inventio Manicae BMV		f2aa370f-fe32-5793-bf4d-911cfbf3621b			2026-04-27T09:21:04.935141+00:00	sanctoral
8fd44bc9-c58c-5830-94c3-725732b52d50	1803	Inventio reliquiarum		f2aa370f-fe32-5793-bf4d-911cfbf3621b			2026-04-27T09:21:04.935141+00:00	sanctoral
41544c51-3a0b-52e4-bfca-dc7e594b8a4e	1804	Ioachim		f2aa370f-fe32-5793-bf4d-911cfbf3621b			2026-04-27T09:21:04.935141+00:00	sanctoral
0dfdc71f-866c-5eea-a3f5-de806506a2df	1805	Ioan.ap (ante Portam Latinam Octava)		f2aa370f-fe32-5793-bf4d-911cfbf3621b			2026-04-27T09:21:04.935141+00:00	sanctoral
fe8c4503-bc3e-587e-b8e0-634b45ec279f	1806	Ioan.ap (ante Portam Latinam)		f2aa370f-fe32-5793-bf4d-911cfbf3621b			2026-04-27T09:21:04.935141+00:00	sanctoral
e9e316d8-67f0-5a90-a9d5-81bdd107fa21	1807	Ioan.ap (Commemoratio)		f2aa370f-fe32-5793-bf4d-911cfbf3621b			2026-04-27T09:21:04.935141+00:00	sanctoral
5810c983-6712-5f88-a693-568e82791c36	1808	Ioan.ap (Octava)		f2aa370f-fe32-5793-bf4d-911cfbf3621b			2026-04-27T09:21:04.935141+00:00	sanctoral
91b830ce-7936-5020-ad7a-813e2da83ff1	1809	Ioan.ap (Vigilia)		f2aa370f-fe32-5793-bf4d-911cfbf3621b			2026-04-27T09:21:04.935141+00:00	sanctoral
ffd7fc0a-b479-5512-b820-13144853bf34	1810	Ioannes		f2aa370f-fe32-5793-bf4d-911cfbf3621b			2026-04-27T09:21:04.935141+00:00	sanctoral
2d7f156f-d4d3-5811-8a10-074d7ca3b2b5	1811	Ioannes apostolus		f2aa370f-fe32-5793-bf4d-911cfbf3621b			2026-04-27T09:21:04.935141+00:00	sanctoral
38a5ad5d-1019-5693-b2e0-f9c7ec0ab7d2	1812	Ioannes apostolus (ante Portam Latinam Octava)		f2aa370f-fe32-5793-bf4d-911cfbf3621b			2026-04-27T09:21:04.935141+00:00	sanctoral
26958dab-f55c-55e2-8e06-a95b240ca790	1813	Ioannes apostolus (ante Portam Latinam)		f2aa370f-fe32-5793-bf4d-911cfbf3621b			2026-04-27T09:21:04.935141+00:00	sanctoral
6373a32a-4c2c-5f88-8563-3c417ac2b6af	1814	Ioannes apostolus (Commemoratio)		f2aa370f-fe32-5793-bf4d-911cfbf3621b			2026-04-27T09:21:04.935141+00:00	sanctoral
63362ded-7c4c-5af5-b822-f39be1f90b2d	1815	Ioannes apostolus (Infra octavas)		f2aa370f-fe32-5793-bf4d-911cfbf3621b			2026-04-27T09:21:04.935141+00:00	sanctoral
ae93a459-9bfc-5597-9cca-affe873e2766	1816	Ioannes apostolus (Octava)		f2aa370f-fe32-5793-bf4d-911cfbf3621b			2026-04-27T09:21:04.935141+00:00	sanctoral
67699ae0-19f9-5ce3-8373-7ff677918b49	1817	Ioannes apostolus (Vigilia)		f2aa370f-fe32-5793-bf4d-911cfbf3621b			2026-04-27T09:21:04.935141+00:00	sanctoral
ffea309b-39c7-5029-af7d-a246ceebc5ec	1818	Ioannes Baptista (Conceptio)		f2aa370f-fe32-5793-bf4d-911cfbf3621b			2026-04-27T09:21:04.935141+00:00	sanctoral
7fd79823-88ea-5d1b-bd21-7b1f6de80663	1819	Ioannes Baptista (Decollatio Octava)		f2aa370f-fe32-5793-bf4d-911cfbf3621b			2026-04-27T09:21:04.935141+00:00	sanctoral
11dee815-f3d7-5410-a26b-f44dc7c30a29	1820	Ioannes Baptista (Decollatio)		f2aa370f-fe32-5793-bf4d-911cfbf3621b			2026-04-27T09:21:04.935141+00:00	sanctoral
9beb0c9f-9620-5612-b3ed-df337e0193e3	1821	Ioannes Baptista (Dominica infra octavas)		f2aa370f-fe32-5793-bf4d-911cfbf3621b			2026-04-27T09:21:04.935141+00:00	sanctoral
d6b625ea-0b5b-533b-9821-2a8e67beff09	1822	Ioannes Baptista (Infra octavas)		f2aa370f-fe32-5793-bf4d-911cfbf3621b			2026-04-27T09:21:04.935141+00:00	sanctoral
8a98fd0e-66b6-55a9-86d7-57c2c37973e7	1823	Ioannes Baptista (Inventio)		f2aa370f-fe32-5793-bf4d-911cfbf3621b			2026-04-27T09:21:04.935141+00:00	sanctoral
1205c3ed-3c5f-5b30-bac4-cafa25f4553d	1824	Ioannes Baptista (Octava)		f2aa370f-fe32-5793-bf4d-911cfbf3621b			2026-04-27T09:21:04.935141+00:00	sanctoral
3d313c4c-7d7a-521d-861e-c2cd0e38fc3f	1825	Ioannes Baptista (Receptio faciei)		f2aa370f-fe32-5793-bf4d-911cfbf3621b			2026-04-27T09:21:04.935141+00:00	sanctoral
fb752b15-094e-5e2e-8ad3-076d124c8f0d	1826	Ioannes Baptista (Translatio Sanguinis)		f2aa370f-fe32-5793-bf4d-911cfbf3621b			2026-04-27T09:21:04.935141+00:00	sanctoral
6964d92b-d58f-5661-a5a0-a5eaeeeeaf49	1827	Ioannes Baptista (Vigilia)		f2aa370f-fe32-5793-bf4d-911cfbf3621b			2026-04-27T09:21:04.935141+00:00	sanctoral
52aab18a-eebd-5aa6-82ce-cfbd983f03cc	1828	Ioannes Beverlacus		f2aa370f-fe32-5793-bf4d-911cfbf3621b			2026-04-27T09:21:04.935141+00:00	sanctoral
d6c0c18d-2a68-586f-a26f-ef35338ecc12	1829	Ioannes Beverlacus (Translatio)		f2aa370f-fe32-5793-bf4d-911cfbf3621b			2026-04-27T09:21:04.935141+00:00	sanctoral
a085ad38-c916-56ba-b6e5-27cbf89f047d	1830	Ioannes Cabilonensis		f2aa370f-fe32-5793-bf4d-911cfbf3621b			2026-04-27T09:21:04.935141+00:00	sanctoral
d8312d2c-f4c4-5f02-bfff-722c5714d6dd	1831	Ioannes Calivitus		f2aa370f-fe32-5793-bf4d-911cfbf3621b			2026-04-27T09:21:04.935141+00:00	sanctoral
517ca4b0-49c5-5209-aa34-4e3631ac2f84	1832	Ioannes Cassianus		f2aa370f-fe32-5793-bf4d-911cfbf3621b			2026-04-27T09:21:04.935141+00:00	sanctoral
98daabf7-c174-50de-b1b4-198b334b6c04	1833	Ioannes Chrysostomus		f2aa370f-fe32-5793-bf4d-911cfbf3621b			2026-04-27T09:21:04.935141+00:00	sanctoral
dbefb029-1507-5384-adc1-384e106ae223	1834	Ioannes Damascenus		f2aa370f-fe32-5793-bf4d-911cfbf3621b			2026-04-27T09:21:04.935141+00:00	sanctoral
4a71d053-4ea5-5204-8b8c-8c0d4611165f	1835	Ioannes de Bridlington		f2aa370f-fe32-5793-bf4d-911cfbf3621b			2026-04-27T09:21:04.935141+00:00	sanctoral
ab8cc170-0730-55df-bcb3-a030b5f7cd3e	1836	Ioannes de Craticla		f2aa370f-fe32-5793-bf4d-911cfbf3621b			2026-04-27T09:21:04.935141+00:00	sanctoral
cba7edb9-364a-5a55-93b1-03b8b6dcd2a2	1837	Ioannes de Ortega		f2aa370f-fe32-5793-bf4d-911cfbf3621b			2026-04-27T09:21:04.935141+00:00	sanctoral
84a33550-d143-5867-b0fb-0e178944962f	1838	Ioannes eleemosynarius		f2aa370f-fe32-5793-bf4d-911cfbf3621b			2026-04-27T09:21:04.935141+00:00	sanctoral
74f3822a-fd3b-56ab-b739-11e39d965213	1839	Ioannes eremita		f2aa370f-fe32-5793-bf4d-911cfbf3621b			2026-04-27T09:21:04.935141+00:00	sanctoral
488c7a65-67cb-50e2-b4aa-56c4e70aaf32	1840	Ioannes Gualbertus		f2aa370f-fe32-5793-bf4d-911cfbf3621b			2026-04-27T09:21:04.935141+00:00	sanctoral
19c77ecc-9c66-548d-b34b-f15beafbdc39	1841	Ioannes Gualbertus (Translatio)		f2aa370f-fe32-5793-bf4d-911cfbf3621b			2026-04-27T09:21:04.935141+00:00	sanctoral
82acf318-c390-5412-b73c-1c818812c593	1842	Ioannes I		f2aa370f-fe32-5793-bf4d-911cfbf3621b			2026-04-27T09:21:04.935141+00:00	sanctoral
f9568713-d31a-53ad-8afa-7dc4c9a0b8b3	1843	Ioannes martyr		f2aa370f-fe32-5793-bf4d-911cfbf3621b			2026-04-27T09:21:04.935141+00:00	sanctoral
f11588f6-9639-5963-9250-86ca738d5cff	1844	Ioannes martyr (Translatio)		f2aa370f-fe32-5793-bf4d-911cfbf3621b			2026-04-27T09:21:04.935141+00:00	sanctoral
dfa21c66-7d67-5b86-9753-b9f632d3cbf9	1845	Ioannes papa		f2aa370f-fe32-5793-bf4d-911cfbf3621b			2026-04-27T09:21:04.935141+00:00	sanctoral
cb4deed4-001e-5da4-84e4-642cd6361a33	1846	Ioannes pauper		f2aa370f-fe32-5793-bf4d-911cfbf3621b			2026-04-27T09:21:04.935141+00:00	sanctoral
58f84a98-2a95-5208-9106-25bff76e55ae	1847	Ioannes presbyter		f2aa370f-fe32-5793-bf4d-911cfbf3621b			2026-04-27T09:21:04.935141+00:00	sanctoral
107a8b72-b083-56fa-b641-f51f7e79b272	1848	Ioannes Reomensis		f2aa370f-fe32-5793-bf4d-911cfbf3621b			2026-04-27T09:21:04.935141+00:00	sanctoral
25595813-294f-5ddd-a789-1ccd32ec1628	1849	Ioannes Romanus		f2aa370f-fe32-5793-bf4d-911cfbf3621b			2026-04-27T09:21:04.935141+00:00	sanctoral
c7354a72-3d06-5ac0-9aa6-458a87ca56c1	1850	Iodocus (Translatio)		f2aa370f-fe32-5793-bf4d-911cfbf3621b			2026-04-27T09:21:04.935141+00:00	sanctoral
2ee5185e-5255-58c8-af6c-6d651e521a58	1851	Ionius		f2aa370f-fe32-5793-bf4d-911cfbf3621b			2026-04-27T09:21:04.935141+00:00	sanctoral
9847a5ea-fc95-5fcf-bb5a-cdcd927d3ba2	1852	Ioseph ab Arimathaea		f2aa370f-fe32-5793-bf4d-911cfbf3621b			2026-04-27T09:21:04.935141+00:00	sanctoral
d8e18513-4b63-56f5-8926-e92d346a6bf9	1853	Ioseph Barsabbas		f2aa370f-fe32-5793-bf4d-911cfbf3621b			2026-04-27T09:21:04.935141+00:00	sanctoral
b6115e6f-a9c3-5abd-8552-6e8ed2c7a3c5	1854	Iovianus		f2aa370f-fe32-5793-bf4d-911cfbf3621b			2026-04-27T09:21:04.935141+00:00	sanctoral
2f6af876-7e18-5253-8b34-8796dda66eca	1855	Iovinus		f2aa370f-fe32-5793-bf4d-911cfbf3621b			2026-04-27T09:21:04.935141+00:00	sanctoral
ad89f5e1-4580-517d-b6a4-13fe51737354	1856	Iovita		f2aa370f-fe32-5793-bf4d-911cfbf3621b			2026-04-27T09:21:04.935141+00:00	sanctoral
d08e05de-807e-5c21-9641-b44ef0b166b3	1857	Irenaeus		f2aa370f-fe32-5793-bf4d-911cfbf3621b			2026-04-27T09:21:04.935141+00:00	sanctoral
f1405d96-6422-57d9-82de-5e3ef3ef91b9	1858	Irenaeus martyr		f2aa370f-fe32-5793-bf4d-911cfbf3621b			2026-04-27T09:21:04.935141+00:00	sanctoral
3c0ec50d-8bdd-5fa6-9471-d81da52afa28	1859	Irenaeus Sirmiensis		f2aa370f-fe32-5793-bf4d-911cfbf3621b			2026-04-27T09:21:04.935141+00:00	sanctoral
1f9ec581-930a-52ba-a279-e3a976e66034	1860	Irene		f2aa370f-fe32-5793-bf4d-911cfbf3621b			2026-04-27T09:21:04.935141+00:00	sanctoral
f29338ca-b20b-5ebb-b8e3-a995be9ecd02	1861	Irene de Sellio		f2aa370f-fe32-5793-bf4d-911cfbf3621b			2026-04-27T09:21:04.935141+00:00	sanctoral
a34731e3-37cf-5ca6-83d0-9bd19bdb5dc9	1862	Irmina		f2aa370f-fe32-5793-bf4d-911cfbf3621b			2026-04-27T09:21:04.935141+00:00	sanctoral
e0ac18c1-2398-577a-a0d9-3ce8414107e8	1863	Isaac (Translatio)		f2aa370f-fe32-5793-bf4d-911cfbf3621b			2026-04-27T09:21:04.935141+00:00	sanctoral
0c619126-d1e3-5964-8583-804204c00977	1864	Isaac monachus		f2aa370f-fe32-5793-bf4d-911cfbf3621b			2026-04-27T09:21:04.935141+00:00	sanctoral
878bf781-019a-5c09-947b-fb4f04041205	1865	Isichius		f2aa370f-fe32-5793-bf4d-911cfbf3621b			2026-04-27T09:21:04.935141+00:00	sanctoral
cca450df-ac65-57c2-9a33-2fac0ee743d2	1866	Isidorus		f2aa370f-fe32-5793-bf4d-911cfbf3621b			2026-04-27T09:21:04.935141+00:00	sanctoral
34fb2227-3de6-5b5e-a0da-75141d643645	1867	Isidorus (Translatio)		f2aa370f-fe32-5793-bf4d-911cfbf3621b			2026-04-27T09:21:04.935141+00:00	sanctoral
3503e9a7-2b6e-5ab9-8eae-ef31430b6a8d	1868	Isidorus Alexandriensis mart		f2aa370f-fe32-5793-bf4d-911cfbf3621b			2026-04-27T09:21:04.935141+00:00	sanctoral
8ff0abd6-107b-5766-8855-9b9be58225a9	1869	Isidorus Hispalensis		f2aa370f-fe32-5793-bf4d-911cfbf3621b			2026-04-27T09:21:04.935141+00:00	sanctoral
fce9ae14-53a9-5025-bf80-658187c4f6a7	1870	Isidorus Hispalensis (Octava)		f2aa370f-fe32-5793-bf4d-911cfbf3621b			2026-04-27T09:21:04.935141+00:00	sanctoral
7e99e23c-7514-530e-a224-7f0a330e50d7	1871	Isidorus Hispalensis (Translatio)		f2aa370f-fe32-5793-bf4d-911cfbf3621b			2026-04-27T09:21:04.935141+00:00	sanctoral
4e6ffa66-c27f-5e25-9615-11f3be5edc03	1872	Isidorus mart		f2aa370f-fe32-5793-bf4d-911cfbf3621b			2026-04-27T09:21:04.935141+00:00	sanctoral
2ad7e10e-be8a-5c77-959f-efd06c37b961	1873	Isidorus martyr		f2aa370f-fe32-5793-bf4d-911cfbf3621b			2026-04-27T09:21:04.935141+00:00	sanctoral
b64097a6-317c-5e57-a38a-43c230b0c6b1	1874	Isidorus martyr Cordubae		f2aa370f-fe32-5793-bf4d-911cfbf3621b			2026-04-27T09:21:04.935141+00:00	sanctoral
7ecf5bde-8708-5ab8-8332-14261f0ad915	1875	Ismido		f2aa370f-fe32-5793-bf4d-911cfbf3621b			2026-04-27T09:21:04.935141+00:00	sanctoral
3becff4f-5caf-5f6f-921a-efe4101ea488	1876	Itherius		f2aa370f-fe32-5793-bf4d-911cfbf3621b			2026-04-27T09:21:04.935141+00:00	sanctoral
c80033fc-0b4d-5b11-81c0-ec0539346237	1877	Iucundus		f2aa370f-fe32-5793-bf4d-911cfbf3621b			2026-04-27T09:21:04.935141+00:00	sanctoral
5988cb6a-1a69-57f1-b152-8b43e6d6f436	1878	Iucundus Augustanus		f2aa370f-fe32-5793-bf4d-911cfbf3621b			2026-04-27T09:21:04.935141+00:00	sanctoral
b02620c0-d31f-54b0-9cd6-fc8daa98e890	1879	Iudas		f2aa370f-fe32-5793-bf4d-911cfbf3621b			2026-04-27T09:21:04.935141+00:00	sanctoral
33186da9-a1a6-5a43-84a0-9e0dd6b4082a	1880	Iudas (Infra octavas)		f2aa370f-fe32-5793-bf4d-911cfbf3621b			2026-04-27T09:21:04.935141+00:00	sanctoral
d7c5f1f6-0675-5d1e-aa84-a6340324b950	1881	Iudas (Octava)		f2aa370f-fe32-5793-bf4d-911cfbf3621b			2026-04-27T09:21:04.935141+00:00	sanctoral
31afb211-0794-5331-b74b-cc582da199b4	1882	Iudas (Vigilia)		f2aa370f-fe32-5793-bf4d-911cfbf3621b			2026-04-27T09:21:04.935141+00:00	sanctoral
b3ecf8d3-5bb0-5107-bd8e-c868b320f2a3	1883	Iulia		f2aa370f-fe32-5793-bf4d-911cfbf3621b			2026-04-27T09:21:04.935141+00:00	sanctoral
0cdbc4b7-5900-5a8b-b889-c1b6d62828c3	1884	Iulia (Translatio)		f2aa370f-fe32-5793-bf4d-911cfbf3621b			2026-04-27T09:21:04.935141+00:00	sanctoral
d3956d77-3d1d-5b10-96c6-8505a4106bf9	1885	Iulia Carcassonensis		f2aa370f-fe32-5793-bf4d-911cfbf3621b			2026-04-27T09:21:04.935141+00:00	sanctoral
ea7a16f6-8714-511d-84b9-60b26968172f	1886	Iulia Ulyssiponensis		f2aa370f-fe32-5793-bf4d-911cfbf3621b			2026-04-27T09:21:04.935141+00:00	sanctoral
2e1dbd25-5dff-500d-a129-4b97e7536b90	1887	Iuliana		f2aa370f-fe32-5793-bf4d-911cfbf3621b			2026-04-27T09:21:04.935141+00:00	sanctoral
f73da8bf-e1d7-5b9b-92e9-1bac5eeb09ef	1888	Iuliana Carthagiensis		f2aa370f-fe32-5793-bf4d-911cfbf3621b			2026-04-27T09:21:04.935141+00:00	sanctoral
c5da712c-51da-5fea-8c45-78aeb35e7c60	1889	Iuliana Nicomediensis		f2aa370f-fe32-5793-bf4d-911cfbf3621b			2026-04-27T09:21:04.935141+00:00	sanctoral
0963f276-3a07-5391-89e7-38b87d4a149a	1890	Iuliana Nicomediensis (Translatio)		f2aa370f-fe32-5793-bf4d-911cfbf3621b			2026-04-27T09:21:04.935141+00:00	sanctoral
47ae258a-eb4b-5903-9a33-6fa34d8621d5	1891	Iulianus		f2aa370f-fe32-5793-bf4d-911cfbf3621b			2026-04-27T09:21:04.935141+00:00	sanctoral
16a6dd36-1c70-5c1d-93fa-3ea39dd0a805	1892	Iulianus (Octava)		f2aa370f-fe32-5793-bf4d-911cfbf3621b			2026-04-27T09:21:04.935141+00:00	sanctoral
c84dc9fd-807b-5eac-aaa3-8b122278dbba	1893	Iulianus (Translatio)		f2aa370f-fe32-5793-bf4d-911cfbf3621b			2026-04-27T09:21:04.935141+00:00	sanctoral
48a2307b-d923-5ba2-a4da-7c90dd5a8e7a	1894	Iulianus Antinopolitanus		f2aa370f-fe32-5793-bf4d-911cfbf3621b			2026-04-27T09:21:04.935141+00:00	sanctoral
44b5a5bd-a57a-5921-aae5-654493327fc8	1895	Iulianus Belvacensis		f2aa370f-fe32-5793-bf4d-911cfbf3621b			2026-04-27T09:21:04.935141+00:00	sanctoral
5cee3f40-4c2c-5f04-bb05-12323fc3e5de	1896	Iulianus Belvacensis (Octava)		f2aa370f-fe32-5793-bf4d-911cfbf3621b			2026-04-27T09:21:04.935141+00:00	sanctoral
3ac9981e-5d8f-539b-a10d-70de3ba790e9	1897	Iulianus Brivatensis		f2aa370f-fe32-5793-bf4d-911cfbf3621b			2026-04-27T09:21:04.935141+00:00	sanctoral
ec6015a6-ea9e-5fec-8350-6cba0a8c0a24	1898	Iulianus conf. diac		f2aa370f-fe32-5793-bf4d-911cfbf3621b			2026-04-27T09:21:04.935141+00:00	sanctoral
d30f2a47-6a29-524e-b338-82fedb970b7a	1899	Iulianus de Bono Albergo		f2aa370f-fe32-5793-bf4d-911cfbf3621b			2026-04-27T09:21:04.935141+00:00	sanctoral
bf359654-9432-5d84-a826-e938abd0d97d	1900	Iulianus mart. ep		f2aa370f-fe32-5793-bf4d-911cfbf3621b			2026-04-27T09:21:04.935141+00:00	sanctoral
c1197e84-79f5-5002-bf19-d0a9c92a8812	1901	Iulianus martyr		f2aa370f-fe32-5793-bf4d-911cfbf3621b			2026-04-27T09:21:04.935141+00:00	sanctoral
2632e2d6-955f-5553-aebe-47ec464571ba	1902	Iulianus Toletanus		f2aa370f-fe32-5793-bf4d-911cfbf3621b			2026-04-27T09:21:04.935141+00:00	sanctoral
43e8d0df-ea5f-5fa6-9981-42714c19c2f0	1903	Iulitta		f2aa370f-fe32-5793-bf4d-911cfbf3621b			2026-04-27T09:21:04.935141+00:00	sanctoral
ca863dd9-e542-5cf6-8afd-43cf05ffa273	1904	Iulius		f2aa370f-fe32-5793-bf4d-911cfbf3621b			2026-04-27T09:21:04.935141+00:00	sanctoral
e8004a06-4ab3-578a-bd12-48e2ac729d00	1905	Iulius conf. ep.		f2aa370f-fe32-5793-bf4d-911cfbf3621b			2026-04-27T09:21:04.935141+00:00	sanctoral
6410578e-a078-530f-9796-e96144f523d7	1906	Iulius conf. presb		f2aa370f-fe32-5793-bf4d-911cfbf3621b			2026-04-27T09:21:04.935141+00:00	sanctoral
e98eed38-d8d5-56e0-86ae-074ac52b56cb	1907	Iulius confessor		f2aa370f-fe32-5793-bf4d-911cfbf3621b			2026-04-27T09:21:04.935141+00:00	sanctoral
d4f31816-3ccd-5648-b587-9ca73d426272	1908	Iulius Durostorensis		f2aa370f-fe32-5793-bf4d-911cfbf3621b			2026-04-27T09:21:04.935141+00:00	sanctoral
c48a50cf-59e6-556a-987a-f32c5bcbda74	1909	Iulius martyr		f2aa370f-fe32-5793-bf4d-911cfbf3621b			2026-04-27T09:21:04.935141+00:00	sanctoral
ed478658-39a7-58bf-bb6f-aa57ef3c7af7	1910	Iulius papa		f2aa370f-fe32-5793-bf4d-911cfbf3621b			2026-04-27T09:21:04.935141+00:00	sanctoral
cc1152ed-5065-585e-8450-f797fe6d710a	1911	Iulus		f2aa370f-fe32-5793-bf4d-911cfbf3621b			2026-04-27T09:21:04.935141+00:00	sanctoral
f25f0a67-a4e2-557a-a074-c1fc733ecadf	1912	Iunianus		f2aa370f-fe32-5793-bf4d-911cfbf3621b			2026-04-27T09:21:04.935141+00:00	sanctoral
90019e69-94cf-5fe2-b601-8d804d3e3aca	1913	Iunianus abbas		f2aa370f-fe32-5793-bf4d-911cfbf3621b			2026-04-27T09:21:04.935141+00:00	sanctoral
40c0b699-58f8-5225-8f15-632f432dd1ea	1914	Iusta		f2aa370f-fe32-5793-bf4d-911cfbf3621b			2026-04-27T09:21:04.935141+00:00	sanctoral
52256076-d1b0-501d-b381-53b30f4ea00e	1915	Iusta (Octava)		f2aa370f-fe32-5793-bf4d-911cfbf3621b			2026-04-27T09:21:04.935141+00:00	sanctoral
f47ea133-2610-5f04-afc6-91261d5fa938	1916	Iusta matrona		f2aa370f-fe32-5793-bf4d-911cfbf3621b			2026-04-27T09:21:04.935141+00:00	sanctoral
b7ee539b-3f49-56ff-8e45-395af0d57055	1917	Iustina		f2aa370f-fe32-5793-bf4d-911cfbf3621b			2026-04-27T09:21:04.935141+00:00	sanctoral
b76621ed-3343-54df-8b5d-9fd1e625a911	1918	Iustina (Translatio)		f2aa370f-fe32-5793-bf4d-911cfbf3621b			2026-04-27T09:21:04.935141+00:00	sanctoral
d61148cb-e4c1-59b7-9ed9-5d013957b270	1919	Iustinianus		f2aa370f-fe32-5793-bf4d-911cfbf3621b			2026-04-27T09:21:04.935141+00:00	sanctoral
53894f6a-62ee-5a77-b577-94a4e5b740a3	1920	Iustinus		f2aa370f-fe32-5793-bf4d-911cfbf3621b			2026-04-27T09:21:04.935141+00:00	sanctoral
3341a77d-3654-58b7-9cfe-910916ed4861	1921	Iustinus Argentoratensis		f2aa370f-fe32-5793-bf4d-911cfbf3621b			2026-04-27T09:21:04.935141+00:00	sanctoral
71ea3084-8a20-534e-92d6-fad7e9d01252	1922	Iustinus martyr		f2aa370f-fe32-5793-bf4d-911cfbf3621b			2026-04-27T09:21:04.935141+00:00	sanctoral
908d7d46-dbbf-5291-a51e-2802242e7d84	1923	Iusturus		f2aa370f-fe32-5793-bf4d-911cfbf3621b			2026-04-27T09:21:04.935141+00:00	sanctoral
80d5404a-05ac-5dcf-965b-752ed5f44d16	1924	Iustus		f2aa370f-fe32-5793-bf4d-911cfbf3621b			2026-04-27T09:21:04.935141+00:00	sanctoral
ec7feed2-7e92-5376-a97e-21dd6bf6528c	1925	Iustus (Translatio)		f2aa370f-fe32-5793-bf4d-911cfbf3621b			2026-04-27T09:21:04.935141+00:00	sanctoral
bc6cf2a5-eabb-5cb9-8c6c-34708c51e52a	1926	Iustus Belvacensis		f2aa370f-fe32-5793-bf4d-911cfbf3621b			2026-04-27T09:21:04.935141+00:00	sanctoral
a5c9ecb0-cc87-5265-983f-27a9d72f1430	1927	Iustus Belvacensis (Infra octavas)		f2aa370f-fe32-5793-bf4d-911cfbf3621b			2026-04-27T09:21:04.935141+00:00	sanctoral
c5cbc50e-1281-5a2e-ad3c-dac0e67db952	1928	Iustus Belvacensis (Octava)		f2aa370f-fe32-5793-bf4d-911cfbf3621b			2026-04-27T09:21:04.935141+00:00	sanctoral
62c26165-b6f8-5828-b7fb-580c70d61184	1929	Iustus Complutensis		f2aa370f-fe32-5793-bf4d-911cfbf3621b			2026-04-27T09:21:04.935141+00:00	sanctoral
59a55c96-c7c2-5b99-8ab7-0aa10020d517	1930	Iustus confessor		f2aa370f-fe32-5793-bf4d-911cfbf3621b			2026-04-27T09:21:04.935141+00:00	sanctoral
d9426101-6bbf-55cc-9c2f-4667b4926657	1931	Iustus episcopus		f2aa370f-fe32-5793-bf4d-911cfbf3621b			2026-04-27T09:21:04.935141+00:00	sanctoral
3fefdb19-fe97-57c9-88a3-b03655aea985	1932	Iustus Lugdunensis		f2aa370f-fe32-5793-bf4d-911cfbf3621b			2026-04-27T09:21:04.935141+00:00	sanctoral
46eb5264-7828-599c-8a1e-74cf8d8d9144	1933	Iustus Lugdunensis (Translatio)		f2aa370f-fe32-5793-bf4d-911cfbf3621b			2026-04-27T09:21:04.935141+00:00	sanctoral
197bed9f-af07-5e1f-bf89-61b4733d9637	1934	Iustus Matritensis		f2aa370f-fe32-5793-bf4d-911cfbf3621b			2026-04-27T09:21:04.935141+00:00	sanctoral
ac906925-8510-56bf-b2c8-dd68f3e9d8e5	1935	Iustus Matritensis (Octava)		f2aa370f-fe32-5793-bf4d-911cfbf3621b			2026-04-27T09:21:04.935141+00:00	sanctoral
0afb5361-36f2-5630-af0a-c36b5ee6d1ec	1936	Iustus Matritensis (Translatio)		f2aa370f-fe32-5793-bf4d-911cfbf3621b			2026-04-27T09:21:04.935141+00:00	sanctoral
544f775a-5378-5a25-bd67-af6b42b28070	1937	Iustus Tergestinus		f2aa370f-fe32-5793-bf4d-911cfbf3621b			2026-04-27T09:21:04.935141+00:00	sanctoral
cb59ff4d-6ff9-5087-9bdd-3c3c57a27335	1938	Iustus Trevirensis		f2aa370f-fe32-5793-bf4d-911cfbf3621b			2026-04-27T09:21:04.935141+00:00	sanctoral
c7285536-710b-57a3-9e44-64a25e21500c	1939	Iuvelta		f2aa370f-fe32-5793-bf4d-911cfbf3621b			2026-04-27T09:21:04.935141+00:00	sanctoral
3961dee5-2375-54c9-a34b-20d23602c866	1940	Iuvenalis		f2aa370f-fe32-5793-bf4d-911cfbf3621b			2026-04-27T09:21:04.935141+00:00	sanctoral
eb7870f4-eabe-5c18-8666-87a459ec640d	1941	Iuvinianus		f2aa370f-fe32-5793-bf4d-911cfbf3621b			2026-04-27T09:21:04.935141+00:00	sanctoral
0816a1ed-4227-58bb-b36c-303bcabfb17f	1942	Ivo (Translatio)		f2aa370f-fe32-5793-bf4d-911cfbf3621b			2026-04-27T09:21:04.935141+00:00	sanctoral
e615cae9-32d0-5618-88c1-031576b90c7d	1943	Kanutus Lavard		f2aa370f-fe32-5793-bf4d-911cfbf3621b			2026-04-27T09:21:04.935141+00:00	sanctoral
d9f06859-3ffb-52ce-81dd-2f175fa43837	1944	Kanutus rex (Octava)		f2aa370f-fe32-5793-bf4d-911cfbf3621b			2026-04-27T09:21:04.935141+00:00	sanctoral
3bced933-ba69-5ca0-9b7e-87d1cdacb025	1945	Kanutus rex (Translatio)		f2aa370f-fe32-5793-bf4d-911cfbf3621b			2026-04-27T09:21:04.935141+00:00	sanctoral
5c4e99f2-0209-58cc-9fdd-34f10d9f66a5	1946	Kenelmus		f2aa370f-fe32-5793-bf4d-911cfbf3621b			2026-04-27T09:21:04.935141+00:00	sanctoral
2a88f0cf-2617-583e-a314-75bdb1b44582	1947	Ketillus		f2aa370f-fe32-5793-bf4d-911cfbf3621b			2026-04-27T09:21:04.935141+00:00	sanctoral
2944470f-368c-5c54-ab10-087a08870363	1948	Kilianus		f2aa370f-fe32-5793-bf4d-911cfbf3621b			2026-04-27T09:21:04.935141+00:00	sanctoral
6e8c111e-cbe4-594f-b276-5bdaab7bf13d	1949	Kilianus (Octava)		f2aa370f-fe32-5793-bf4d-911cfbf3621b			2026-04-27T09:21:04.935141+00:00	sanctoral
30742d11-f846-5a5f-bcc0-d3c603f72845	1950	Kilianus (Vigilia)		f2aa370f-fe32-5793-bf4d-911cfbf3621b			2026-04-27T09:21:04.935141+00:00	sanctoral
20080f6e-807e-5b42-b387-62cce6086b71	1951	Kunera		f2aa370f-fe32-5793-bf4d-911cfbf3621b			2026-04-27T09:21:04.935141+00:00	sanctoral
0961d6be-7d59-57fb-bb45-3ac97942edd3	1952	Kunialdus		f2aa370f-fe32-5793-bf4d-911cfbf3621b			2026-04-27T09:21:04.935141+00:00	sanctoral
706cb8d4-1223-5d22-b30a-3613786409e2	1953	Kunigunda (Primum miraculum)		f2aa370f-fe32-5793-bf4d-911cfbf3621b			2026-04-27T09:21:04.935141+00:00	sanctoral
9c452870-15d1-53c9-86c8-2f7bde600f77	1954	Kunigunda (Translatio Octava)		f2aa370f-fe32-5793-bf4d-911cfbf3621b			2026-04-27T09:21:04.935141+00:00	sanctoral
8ebb2dd2-a344-5c79-8cad-5423c8a1f036	1955	Kunigunda (Translatio)		f2aa370f-fe32-5793-bf4d-911cfbf3621b			2026-04-27T09:21:04.935141+00:00	sanctoral
f0877886-443b-5085-9f82-11469dee1161	1956	Ladislaus (Depositio)		f2aa370f-fe32-5793-bf4d-911cfbf3621b			2026-04-27T09:21:04.935141+00:00	sanctoral
fd203cb6-910e-5859-9740-4c474675be02	1957	Ladislaus (Octava)		f2aa370f-fe32-5793-bf4d-911cfbf3621b			2026-04-27T09:21:04.935141+00:00	sanctoral
5f13c18d-01b5-59ce-a7c0-ee481d454f21	1958	Laetus		f2aa370f-fe32-5793-bf4d-911cfbf3621b			2026-04-27T09:21:04.935141+00:00	sanctoral
b170efcc-22d9-5dba-8935-357919a108cd	1959	Lambertus		f2aa370f-fe32-5793-bf4d-911cfbf3621b			2026-04-27T09:21:04.935141+00:00	sanctoral
4b1aa478-f340-5972-8395-a0618cc419a8	1960	Lambertus (Octava)		f2aa370f-fe32-5793-bf4d-911cfbf3621b			2026-04-27T09:21:04.935141+00:00	sanctoral
223dffc3-b4bb-51cf-aedd-79d22cdb8742	1961	Lambertus (Translatio)		f2aa370f-fe32-5793-bf4d-911cfbf3621b			2026-04-27T09:21:04.935141+00:00	sanctoral
d9608ee5-79c3-5da3-b010-8ab842c6c71b	1962	Lambertus (Triumphus)		f2aa370f-fe32-5793-bf4d-911cfbf3621b			2026-04-27T09:21:04.935141+00:00	sanctoral
265eb207-4df9-5da9-a16e-276433b10869	1963	Lambertus (Vigilia)		f2aa370f-fe32-5793-bf4d-911cfbf3621b			2026-04-27T09:21:04.935141+00:00	sanctoral
ed7c37a6-10b1-5c54-a2c3-1469ed3a61f5	1964	Lambertus Frisingensis		f2aa370f-fe32-5793-bf4d-911cfbf3621b			2026-04-27T09:21:04.935141+00:00	sanctoral
15ef47ec-b0d0-5df9-9eb5-b538e42a01d5	1965	Landelinus		f2aa370f-fe32-5793-bf4d-911cfbf3621b			2026-04-27T09:21:04.935141+00:00	sanctoral
1adb71f6-b497-5229-9301-9fa8ce9eaf6f	1966	Landelinus (Translatio)		f2aa370f-fe32-5793-bf4d-911cfbf3621b			2026-04-27T09:21:04.935141+00:00	sanctoral
6ee55e26-cf48-5e41-b9a8-413d0c43271a	1967	Landericus		f2aa370f-fe32-5793-bf4d-911cfbf3621b			2026-04-27T09:21:04.935141+00:00	sanctoral
9ae72e9d-e7d6-567e-9ebd-572381969c15	1968	Largus		f2aa370f-fe32-5793-bf4d-911cfbf3621b			2026-04-27T09:21:04.935141+00:00	sanctoral
3e7b283f-7163-5369-badc-3c97eec8e7cf	1969	Larius		f2aa370f-fe32-5793-bf4d-911cfbf3621b			2026-04-27T09:21:04.935141+00:00	sanctoral
8730190d-7942-588c-8e33-c635faf0b790	1970	Latinus		f2aa370f-fe32-5793-bf4d-911cfbf3621b			2026-04-27T09:21:04.935141+00:00	sanctoral
98000b27-8260-5b4c-99a8-ea191ce3e675	1971	Latvinus		f2aa370f-fe32-5793-bf4d-911cfbf3621b			2026-04-27T09:21:04.935141+00:00	sanctoral
47755368-48ec-54a3-8d7c-547b4773fdc5	1972	Laudoveve		f2aa370f-fe32-5793-bf4d-911cfbf3621b			2026-04-27T09:21:04.935141+00:00	sanctoral
84a868c1-06e0-5b84-a6b2-512a48ddea6c	1973	Laudulphus		f2aa370f-fe32-5793-bf4d-911cfbf3621b			2026-04-27T09:21:04.935141+00:00	sanctoral
18e5ff16-3f41-5696-a003-a7500caba119	1974	Laudus		f2aa370f-fe32-5793-bf4d-911cfbf3621b			2026-04-27T09:21:04.935141+00:00	sanctoral
c0f09a11-b4e5-59da-b4c9-83f82eaf79e8	1975	Laudus (Infra octavas)		f2aa370f-fe32-5793-bf4d-911cfbf3621b			2026-04-27T09:21:04.935141+00:00	sanctoral
a514aea2-6bd0-56c7-80ac-d880dab54ca6	1976	Laudus (Octava)		f2aa370f-fe32-5793-bf4d-911cfbf3621b			2026-04-27T09:21:04.935141+00:00	sanctoral
3f89bf64-4deb-593e-98b7-369fd70004dc	1977	Launomarius		f2aa370f-fe32-5793-bf4d-911cfbf3621b			2026-04-27T09:21:04.935141+00:00	sanctoral
53caae30-1494-510b-b4b2-1458ce927998	1978	Laureanus		f2aa370f-fe32-5793-bf4d-911cfbf3621b			2026-04-27T09:21:04.935141+00:00	sanctoral
5dfdfda6-fabf-5281-a9c0-5bb7dbcfd035	1979	Laurentinus		f2aa370f-fe32-5793-bf4d-911cfbf3621b			2026-04-27T09:21:04.935141+00:00	sanctoral
1a5c34c8-b030-5494-9f05-83784801a889	1980	Laurentius		f2aa370f-fe32-5793-bf4d-911cfbf3621b			2026-04-27T09:21:04.935141+00:00	sanctoral
b2f5d637-c84d-5607-902b-050c2b6db20d	1981	Laurentius abbas		f2aa370f-fe32-5793-bf4d-911cfbf3621b			2026-04-27T09:21:04.935141+00:00	sanctoral
1477276f-fc58-5ee8-99e9-effe1f57aa88	1982	Laurentius episcopus		f2aa370f-fe32-5793-bf4d-911cfbf3621b			2026-04-27T09:21:04.935141+00:00	sanctoral
07869259-e6b5-5fac-be83-da581c75c5b8	1983	Laurentius episcopus (Translatio)		f2aa370f-fe32-5793-bf4d-911cfbf3621b			2026-04-27T09:21:04.935141+00:00	sanctoral
977f53e9-170e-59e3-9e72-fd177120a3e1	1984	Laurentius martyr (Infra octavas)		f2aa370f-fe32-5793-bf4d-911cfbf3621b			2026-04-27T09:21:04.935141+00:00	sanctoral
d7e9e5af-f4b2-5ca9-ac1a-57892ea190e5	1985	Laurentius martyr (Octava)		f2aa370f-fe32-5793-bf4d-911cfbf3621b			2026-04-27T09:21:04.935141+00:00	sanctoral
77c89ba7-eed2-5af0-a466-3bac6ee7d297	1986	Laurentius martyr (Vigilia)		f2aa370f-fe32-5793-bf4d-911cfbf3621b			2026-04-27T09:21:04.935141+00:00	sanctoral
3702e7ed-5bee-517e-a1b3-da4433dfeff9	1987	Laurianus		f2aa370f-fe32-5793-bf4d-911cfbf3621b			2026-04-27T09:21:04.935141+00:00	sanctoral
0c6fe767-b9da-5ac9-8ae5-9da8d877cce8	1988	Lautenus		f2aa370f-fe32-5793-bf4d-911cfbf3621b			2026-04-27T09:21:04.935141+00:00	sanctoral
1b9e244a-3d86-59fa-86d3-f29c7971cf82	1989	Lazarus (Inventio Octava)		f2aa370f-fe32-5793-bf4d-911cfbf3621b			2026-04-27T09:21:04.935141+00:00	sanctoral
cc76e3a5-1ab1-5e78-aab8-dcf5f622a428	1990	Lazarus (Inventio)		f2aa370f-fe32-5793-bf4d-911cfbf3621b			2026-04-27T09:21:04.935141+00:00	sanctoral
fb6909ff-1655-579c-8c20-80878b4d8280	1991	Lazarus (Octava)		f2aa370f-fe32-5793-bf4d-911cfbf3621b			2026-04-27T09:21:04.935141+00:00	sanctoral
303aafbe-56e8-50ba-b1d3-d02eb4f8aef4	1992	Lazarus (Resurrectio)		f2aa370f-fe32-5793-bf4d-911cfbf3621b			2026-04-27T09:21:04.935141+00:00	sanctoral
51994572-8468-566d-8424-fcd0d5a0cfb7	1993	Lazarus Mediolanensis		f2aa370f-fe32-5793-bf4d-911cfbf3621b			2026-04-27T09:21:04.935141+00:00	sanctoral
9869d4a4-5c93-5cc0-b7af-12a1adf14ad9	1994	Leander		f2aa370f-fe32-5793-bf4d-911cfbf3621b			2026-04-27T09:21:04.935141+00:00	sanctoral
c58da431-5f36-5a1d-a018-231481b7f805	1995	Leander (Octava)		f2aa370f-fe32-5793-bf4d-911cfbf3621b			2026-04-27T09:21:04.935141+00:00	sanctoral
d9cfc5b2-a0ab-53d9-bb79-fc0e70d0ce2b	1996	Leander (Translatio)		f2aa370f-fe32-5793-bf4d-911cfbf3621b			2026-04-27T09:21:04.935141+00:00	sanctoral
3fc0cdcd-e310-5173-80d3-f3804a871ad4	1997	Lectus		f2aa370f-fe32-5793-bf4d-911cfbf3621b			2026-04-27T09:21:04.935141+00:00	sanctoral
488e476d-5a0e-5460-96ae-8aecadbfbb54	1998	Legontius		f2aa370f-fe32-5793-bf4d-911cfbf3621b			2026-04-27T09:21:04.935141+00:00	sanctoral
536ddc4a-c346-540c-ae7a-88ae84ae0f41	1999	Leo		f2aa370f-fe32-5793-bf4d-911cfbf3621b			2026-04-27T09:21:04.935141+00:00	sanctoral
24075199-68eb-54e5-b94c-b4263c148d49	2000	Leo Rothomagensis		f2aa370f-fe32-5793-bf4d-911cfbf3621b			2026-04-27T09:21:04.935141+00:00	sanctoral
eadb391e-3473-5218-b7f5-1776556a0f9d	2001	Leo Senonensis		f2aa370f-fe32-5793-bf4d-911cfbf3621b			2026-04-27T09:21:04.935141+00:00	sanctoral
16f880a0-b595-5a9f-b97e-00dd7df0e904	2002	Leobardus		f2aa370f-fe32-5793-bf4d-911cfbf3621b			2026-04-27T09:21:04.935141+00:00	sanctoral
b16f73a1-1345-54a3-8da0-553de3337175	2003	Leobinus		f2aa370f-fe32-5793-bf4d-911cfbf3621b			2026-04-27T09:21:04.935141+00:00	sanctoral
56a92f57-193f-5999-8762-a06c596342b9	2004	Leobinus Carnotensis		f2aa370f-fe32-5793-bf4d-911cfbf3621b			2026-04-27T09:21:04.935141+00:00	sanctoral
f649b4bb-44ac-53c0-a2ad-00719e490174	2005	Leocadia		f2aa370f-fe32-5793-bf4d-911cfbf3621b			2026-04-27T09:21:04.935141+00:00	sanctoral
fd08c70c-c64d-54e3-b748-576bda825321	2006	Leocadia (Octava)		f2aa370f-fe32-5793-bf4d-911cfbf3621b			2026-04-27T09:21:04.935141+00:00	sanctoral
56da5232-4e83-5233-a355-a8ac56e86065	2007	Leodegarius		f2aa370f-fe32-5793-bf4d-911cfbf3621b			2026-04-27T09:21:04.935141+00:00	sanctoral
92b698c3-57b6-529b-9230-29d4dc63b0d2	2008	Leonardus abbas		f2aa370f-fe32-5793-bf4d-911cfbf3621b			2026-04-27T09:21:04.935141+00:00	sanctoral
1535e5fa-0b54-5595-9651-fd7ad4180149	2009	Leonardus Divionensis		f2aa370f-fe32-5793-bf4d-911cfbf3621b			2026-04-27T09:21:04.935141+00:00	sanctoral
5585d037-bc53-5642-a421-698f17bbc355	2010	Leonardus Lemovicensis		f2aa370f-fe32-5793-bf4d-911cfbf3621b			2026-04-27T09:21:04.935141+00:00	sanctoral
49ea1320-3869-5222-9996-294a794749b8	2011	Leonianus		f2aa370f-fe32-5793-bf4d-911cfbf3621b			2026-04-27T09:21:04.935141+00:00	sanctoral
6cf5b146-e8bf-575a-9a9e-72d8aa415350	2012	Leonius		f2aa370f-fe32-5793-bf4d-911cfbf3621b			2026-04-27T09:21:04.935141+00:00	sanctoral
4c4a67e7-471c-5494-a6c0-e00d64fd56ed	2013	Leonorius		f2aa370f-fe32-5793-bf4d-911cfbf3621b			2026-04-27T09:21:04.935141+00:00	sanctoral
76e4dcd3-f825-563e-a2f6-1cf30d74a1eb	2014	Leontius		f2aa370f-fe32-5793-bf4d-911cfbf3621b			2026-04-27T09:21:04.935141+00:00	sanctoral
a18f3be2-7de1-5859-b6e0-76c19468d756	2015	Leontius Eduensis		f2aa370f-fe32-5793-bf4d-911cfbf3621b			2026-04-27T09:21:04.935141+00:00	sanctoral
3db23225-a07d-540b-aad2-0fc63cbc0d47	2016	Leontius Xantonensis		f2aa370f-fe32-5793-bf4d-911cfbf3621b			2026-04-27T09:21:04.935141+00:00	sanctoral
d93e2f81-aeb4-588a-aa5e-b234448e52d0	2017	Leontius Xantonensis (Translatio)		f2aa370f-fe32-5793-bf4d-911cfbf3621b			2026-04-27T09:21:04.935141+00:00	sanctoral
ee119b05-837d-536f-ac3e-95bbb2532414	2018	Leothad		f2aa370f-fe32-5793-bf4d-911cfbf3621b			2026-04-27T09:21:04.935141+00:00	sanctoral
acaaccf2-8efb-52a6-9e98-d9124010f901	2019	Leovegildus		f2aa370f-fe32-5793-bf4d-911cfbf3621b			2026-04-27T09:21:04.935141+00:00	sanctoral
31167815-3345-5a88-82a0-40191e037b37	2020	Leucius		f2aa370f-fe32-5793-bf4d-911cfbf3621b			2026-04-27T09:21:04.935141+00:00	sanctoral
eed5e9e0-f855-5253-bbc1-c986c6b12a2b	2021	Leudomer		f2aa370f-fe32-5793-bf4d-911cfbf3621b			2026-04-27T09:21:04.935141+00:00	sanctoral
a7bccce5-c1e8-5b86-a0b8-d289ce6e5a2b	2022	Leufredus		f2aa370f-fe32-5793-bf4d-911cfbf3621b			2026-04-27T09:21:04.935141+00:00	sanctoral
bca153e6-f583-59b8-b17f-f85755d1f879	2023	Levantius		f2aa370f-fe32-5793-bf4d-911cfbf3621b			2026-04-27T09:21:04.935141+00:00	sanctoral
564ecc5d-63a9-5ebf-b324-bdaeadc3d695	2024	Libaria		f2aa370f-fe32-5793-bf4d-911cfbf3621b			2026-04-27T09:21:04.935141+00:00	sanctoral
87eb17ff-c992-50c9-8a93-f34459f08b21	2025	Liberata		f2aa370f-fe32-5793-bf4d-911cfbf3621b			2026-04-27T09:21:04.935141+00:00	sanctoral
017d4d85-32bb-5eef-a163-757ab6914784	2026	Liberata (Octava)		f2aa370f-fe32-5793-bf4d-911cfbf3621b			2026-04-27T09:21:04.935141+00:00	sanctoral
7482bdfb-670d-5da0-b9df-3757d0adc8ac	2027	Liberata (Translatio)		f2aa370f-fe32-5793-bf4d-911cfbf3621b			2026-04-27T09:21:04.935141+00:00	sanctoral
0e37d42c-76a8-556f-9858-fc50ae9f535c	2028	Liberatio Aurelianensis		f2aa370f-fe32-5793-bf4d-911cfbf3621b			2026-04-27T09:21:04.935141+00:00	sanctoral
4326be97-1e17-5e09-bf9a-87bdb2f1d7c0	2029	Liberatio Ierusalem		f2aa370f-fe32-5793-bf4d-911cfbf3621b			2026-04-27T09:21:04.935141+00:00	sanctoral
21085966-4d9c-5c45-b4c5-7d91e9301ae0	2030	Liberatus		f2aa370f-fe32-5793-bf4d-911cfbf3621b			2026-04-27T09:21:04.935141+00:00	sanctoral
149bd3ac-6434-5452-ac45-249bdb0d981a	2031	Liberius		f2aa370f-fe32-5793-bf4d-911cfbf3621b			2026-04-27T09:21:04.935141+00:00	sanctoral
f9fc654d-9847-561e-98b9-68cf7807abf9	2032	Liborius		f2aa370f-fe32-5793-bf4d-911cfbf3621b			2026-04-27T09:21:04.935141+00:00	sanctoral
815cc33b-4bd7-5057-b887-2ad0fae4247a	2033	Liborius (Translatio)		f2aa370f-fe32-5793-bf4d-911cfbf3621b			2026-04-27T09:21:04.935141+00:00	sanctoral
32c40876-7129-5120-bb3a-e674954aeef2	2034	Licerius		f2aa370f-fe32-5793-bf4d-911cfbf3621b			2026-04-27T09:21:04.935141+00:00	sanctoral
b609ef95-6fd8-5786-8015-953e77a1a11b	2035	Licinius		f2aa370f-fe32-5793-bf4d-911cfbf3621b			2026-04-27T09:21:04.935141+00:00	sanctoral
00be06c5-f81f-5105-b920-7f91ffad2ad0	2036	Lidorius		f2aa370f-fe32-5793-bf4d-911cfbf3621b			2026-04-27T09:21:04.935141+00:00	sanctoral
f035a844-eedf-5051-9240-d5b9dccd76c7	2037	Lidorius (Translatio)		f2aa370f-fe32-5793-bf4d-911cfbf3621b			2026-04-27T09:21:04.935141+00:00	sanctoral
3af7e80d-1a71-5683-a36b-f1d4b879574a	2038	Linus		f2aa370f-fe32-5793-bf4d-911cfbf3621b			2026-04-27T09:21:04.935141+00:00	sanctoral
a8d8c954-8b85-5318-9312-895344773031	2039	Linus papa		f2aa370f-fe32-5793-bf4d-911cfbf3621b			2026-04-27T09:21:04.935141+00:00	sanctoral
05ba14d2-eaef-5274-9a7e-151f322a7a2f	2040	Liphardus		f2aa370f-fe32-5793-bf4d-911cfbf3621b			2026-04-27T09:21:04.935141+00:00	sanctoral
171bf882-0b20-5561-968f-0436be916b20	2041	Litania maior		f2aa370f-fe32-5793-bf4d-911cfbf3621b			2026-04-27T09:21:04.935141+00:00	sanctoral
32150a6b-177b-5077-acd2-6a11bd6d0366	2042	Livarius		f2aa370f-fe32-5793-bf4d-911cfbf3621b			2026-04-27T09:21:04.935141+00:00	sanctoral
2a8958c1-5450-5613-adc2-d8d06dba1de8	2043	Livinus		f2aa370f-fe32-5793-bf4d-911cfbf3621b			2026-04-27T09:21:04.935141+00:00	sanctoral
2b5cc81c-e962-54d2-b6df-96cf91790c87	2044	Livinus (Translatio)		f2aa370f-fe32-5793-bf4d-911cfbf3621b			2026-04-27T09:21:04.935141+00:00	sanctoral
09e10d9a-b9dd-5c0f-ae85-a7dd93526460	2045	Longinus		f2aa370f-fe32-5793-bf4d-911cfbf3621b			2026-04-27T09:21:04.935141+00:00	sanctoral
4912f6a9-62e8-5de8-946f-d2be2d9c24e2	2046	Luantus (Depositio)		f2aa370f-fe32-5793-bf4d-911cfbf3621b			2026-04-27T09:21:04.935141+00:00	sanctoral
98960501-0170-5178-8e74-0d85fe9d51df	2047	Lubentius		f2aa370f-fe32-5793-bf4d-911cfbf3621b			2026-04-27T09:21:04.935141+00:00	sanctoral
9e1dfc12-bd9e-5d84-baa2-8b7d385d657d	2048	Lubertus		f2aa370f-fe32-5793-bf4d-911cfbf3621b			2026-04-27T09:21:04.935141+00:00	sanctoral
4c361faf-5401-58b4-b142-82d3a86424f5	2049	Lucanus		f2aa370f-fe32-5793-bf4d-911cfbf3621b			2026-04-27T09:21:04.935141+00:00	sanctoral
a046f59b-1013-5202-8aa8-575bf87180fc	2050	Lucas		f2aa370f-fe32-5793-bf4d-911cfbf3621b			2026-04-27T09:21:04.935141+00:00	sanctoral
75c2aaa0-1a10-5035-92ad-d106f53a6902	2051	Lucas (Octava)		f2aa370f-fe32-5793-bf4d-911cfbf3621b			2026-04-27T09:21:04.935141+00:00	sanctoral
e6b4597e-4b09-5737-b741-10601689f3c8	2052	Lucas (Translatio)		f2aa370f-fe32-5793-bf4d-911cfbf3621b			2026-04-27T09:21:04.935141+00:00	sanctoral
453382cb-deff-54e0-967e-aadc2440a9ec	2053	Lucia		f2aa370f-fe32-5793-bf4d-911cfbf3621b			2026-04-27T09:21:04.935141+00:00	sanctoral
bfd33025-2ee6-5d1b-bdb4-7fce0f210c25	2054	Lucia Syracusana		f2aa370f-fe32-5793-bf4d-911cfbf3621b			2026-04-27T09:21:04.935141+00:00	sanctoral
84a29b5a-bf49-5150-a492-4010596203db	2055	Lucia Syracusana (Octava)		f2aa370f-fe32-5793-bf4d-911cfbf3621b			2026-04-27T09:21:04.935141+00:00	sanctoral
b9d9b51c-ecae-5179-95cd-9a2523be26c0	2056	Lucia Thesalonicensis		f2aa370f-fe32-5793-bf4d-911cfbf3621b			2026-04-27T09:21:04.935141+00:00	sanctoral
01ed7a88-b416-5c94-b09b-02d62ecb7663	2057	Lucianus		f2aa370f-fe32-5793-bf4d-911cfbf3621b			2026-04-27T09:21:04.935141+00:00	sanctoral
768abdcf-c438-5b30-97e2-eeb8685d1272	2058	Lucianus (Infra octavas)		f2aa370f-fe32-5793-bf4d-911cfbf3621b			2026-04-27T09:21:04.935141+00:00	sanctoral
a360f9cd-2507-5de1-bd9c-a33998b11518	2059	Lucianus (Octava)		f2aa370f-fe32-5793-bf4d-911cfbf3621b			2026-04-27T09:21:04.935141+00:00	sanctoral
0598cfef-14e1-58c3-ae0c-fc7f9787aa12	2060	Lucianus (Translatio)		f2aa370f-fe32-5793-bf4d-911cfbf3621b			2026-04-27T09:21:04.935141+00:00	sanctoral
d29563cb-d52f-507f-8128-4c3a1bb29cf5	2061	Lucilla		f2aa370f-fe32-5793-bf4d-911cfbf3621b			2026-04-27T09:21:04.935141+00:00	sanctoral
17cb80ea-d681-58ed-b199-16ded9786232	2062	Lucina		f2aa370f-fe32-5793-bf4d-911cfbf3621b			2026-04-27T09:21:04.935141+00:00	sanctoral
33aa27e5-d543-5b0a-8f8e-6a265da0aac5	2063	Lucius		f2aa370f-fe32-5793-bf4d-911cfbf3621b			2026-04-27T09:21:04.935141+00:00	sanctoral
306724b1-35e4-523c-b4ed-1e6d0743b1b1	2064	Lucius (Octava)		f2aa370f-fe32-5793-bf4d-911cfbf3621b			2026-04-27T09:21:04.935141+00:00	sanctoral
2a9474c0-65e2-52a9-92a9-f60f1990c805	2065	Lucius (Translatio)		f2aa370f-fe32-5793-bf4d-911cfbf3621b			2026-04-27T09:21:04.935141+00:00	sanctoral
7e0f3329-0455-5cc5-b713-116460d6219e	2066	Lucius papa		f2aa370f-fe32-5793-bf4d-911cfbf3621b			2026-04-27T09:21:04.935141+00:00	sanctoral
f8dd49f0-2e2a-52c2-8c10-eb8b3a02001f	2067	Lucius papa (Translatio)		f2aa370f-fe32-5793-bf4d-911cfbf3621b			2026-04-27T09:21:04.935141+00:00	sanctoral
d6286615-d921-5448-9859-85a459020095	2068	Lucius rex		f2aa370f-fe32-5793-bf4d-911cfbf3621b			2026-04-27T09:21:04.935141+00:00	sanctoral
1220ee40-3f95-5033-ae26-56a3f178fb49	2069	Lucius rex (Octava)		f2aa370f-fe32-5793-bf4d-911cfbf3621b			2026-04-27T09:21:04.935141+00:00	sanctoral
dbb53faf-4bd0-56a6-84b6-f580b59b5f6e	2070	Ludger		f2aa370f-fe32-5793-bf4d-911cfbf3621b			2026-04-27T09:21:04.935141+00:00	sanctoral
0a791b63-874a-5628-903c-72bdea9053f8	2071	Ludgerus (Translatio)		f2aa370f-fe32-5793-bf4d-911cfbf3621b			2026-04-27T09:21:04.935141+00:00	sanctoral
ef5055b4-ac19-520d-be02-47bb31a8e531	2072	Ludmilla		f2aa370f-fe32-5793-bf4d-911cfbf3621b			2026-04-27T09:21:04.935141+00:00	sanctoral
ab524ea7-37d9-59db-ac08-e1d19c52bdf9	2073	Ludmilla (Translatio)		f2aa370f-fe32-5793-bf4d-911cfbf3621b			2026-04-27T09:21:04.935141+00:00	sanctoral
480f2542-6892-5bf0-aba0-b22330bdb93b	2074	Ludovicus episcopus		f2aa370f-fe32-5793-bf4d-911cfbf3621b			2026-04-27T09:21:04.935141+00:00	sanctoral
5acbf921-936c-525f-95d1-4e0cb8de0620	2075	Ludovicus episcopus (Infra octavas)		f2aa370f-fe32-5793-bf4d-911cfbf3621b			2026-04-27T09:21:04.935141+00:00	sanctoral
2775d2a8-1698-5313-9787-d6fd6ed9e184	2076	Ludovicus episcopus (Octava)		f2aa370f-fe32-5793-bf4d-911cfbf3621b			2026-04-27T09:21:04.935141+00:00	sanctoral
34c1de93-8f20-5c61-b548-ea6297c2b0bf	2077	Ludovicus episcopus (Translatio)		f2aa370f-fe32-5793-bf4d-911cfbf3621b			2026-04-27T09:21:04.935141+00:00	sanctoral
6c527692-0203-575f-bf90-24c69a31ef9d	2078	Ludovicus rex		f2aa370f-fe32-5793-bf4d-911cfbf3621b			2026-04-27T09:21:04.935141+00:00	sanctoral
2ee4a37b-3a4e-5419-ba3a-639a10a73874	2079	Ludovicus rex (Infra octavas)		f2aa370f-fe32-5793-bf4d-911cfbf3621b			2026-04-27T09:21:04.935141+00:00	sanctoral
3ed85256-bd61-53ef-915f-643f6f901126	2080	Ludovicus rex (Translatio)		f2aa370f-fe32-5793-bf4d-911cfbf3621b			2026-04-27T09:21:04.935141+00:00	sanctoral
7fba3aab-c42c-539e-a3b8-796b1627a583	2081	Lullus		f2aa370f-fe32-5793-bf4d-911cfbf3621b			2026-04-27T09:21:04.935141+00:00	sanctoral
d77de6c9-90fd-5986-b391-7e86e408dbb5	2082	Lupentius abbas		f2aa370f-fe32-5793-bf4d-911cfbf3621b			2026-04-27T09:21:04.935141+00:00	sanctoral
b4d3aa0d-80e3-54ee-babf-6ec0544a78d4	2083	Lupercius		f2aa370f-fe32-5793-bf4d-911cfbf3621b			2026-04-27T09:21:04.935141+00:00	sanctoral
f78ab27c-1544-5730-b326-2d1603b1be49	2084	Lupercius Aquitaniensis		f2aa370f-fe32-5793-bf4d-911cfbf3621b			2026-04-27T09:21:04.935141+00:00	sanctoral
d23dd8c3-a8f2-532b-b80e-2a65e7205de0	2085	Lupicinus Lugdunensis		f2aa370f-fe32-5793-bf4d-911cfbf3621b			2026-04-27T09:21:04.935141+00:00	sanctoral
b12f41b1-4d79-5da7-94ee-66c8894eb591	2086	Lupicinus Viennensis		f2aa370f-fe32-5793-bf4d-911cfbf3621b			2026-04-27T09:21:04.935141+00:00	sanctoral
2e41b58b-1f8f-566d-af62-f5dc88ff8ea5	2087	Lupus		f2aa370f-fe32-5793-bf4d-911cfbf3621b			2026-04-27T09:21:04.935141+00:00	sanctoral
5ba83b84-7881-5198-a334-6c6b5879050a	2088	Lupus (Octava)		f2aa370f-fe32-5793-bf4d-911cfbf3621b			2026-04-27T09:21:04.935141+00:00	sanctoral
e4abbe69-0844-5172-b175-8f52ef615471	2089	Lupus (Translatio)		f2aa370f-fe32-5793-bf4d-911cfbf3621b			2026-04-27T09:21:04.935141+00:00	sanctoral
6136e8cb-9d07-5fe0-989a-176c9ce23f64	2090	Lupus Andegavensis		f2aa370f-fe32-5793-bf4d-911cfbf3621b			2026-04-27T09:21:04.935141+00:00	sanctoral
c9b7f5a5-0173-52c2-8c51-fb164628406f	2091	Lupus Baiocensis		f2aa370f-fe32-5793-bf4d-911cfbf3621b			2026-04-27T09:21:04.935141+00:00	sanctoral
875e1405-cc08-57e2-87db-197b12ac808c	2092	Lupus Baiocensis (Translatio)		f2aa370f-fe32-5793-bf4d-911cfbf3621b			2026-04-27T09:21:04.935141+00:00	sanctoral
45015804-fe17-522a-8ce0-880c01bf0e7d	2093	Lupus Cabilonensis		f2aa370f-fe32-5793-bf4d-911cfbf3621b			2026-04-27T09:21:04.935141+00:00	sanctoral
f6f3a173-8f38-5351-a60c-e76840f3d057	2094	Lupus Lemovicensis		f2aa370f-fe32-5793-bf4d-911cfbf3621b			2026-04-27T09:21:04.935141+00:00	sanctoral
f59acbfc-5598-5568-aea2-9f95455e51b7	2095	Lupus Lugdunensis		f2aa370f-fe32-5793-bf4d-911cfbf3621b			2026-04-27T09:21:04.935141+00:00	sanctoral
a8dc2bc5-87b5-51c3-81af-7012c3df3fc1	2096	Lupus Senonensis		f2aa370f-fe32-5793-bf4d-911cfbf3621b			2026-04-27T09:21:04.935141+00:00	sanctoral
3a21f5bf-0160-5bed-92f5-3c470300db77	2097	Lupus Senonensis (Octava)		f2aa370f-fe32-5793-bf4d-911cfbf3621b			2026-04-27T09:21:04.935141+00:00	sanctoral
a90dc360-fc50-5b16-aaf1-1d003fda071c	2098	Lupus Suessionensis		f2aa370f-fe32-5793-bf4d-911cfbf3621b			2026-04-27T09:21:04.935141+00:00	sanctoral
15fc3936-2ea4-5379-b610-7d788ec5d1da	2099	Lupus Trecensis		f2aa370f-fe32-5793-bf4d-911cfbf3621b			2026-04-27T09:21:04.935141+00:00	sanctoral
bbd71679-af27-5869-9910-4eb523206829	2100	Lusor		f2aa370f-fe32-5793-bf4d-911cfbf3621b			2026-04-27T09:21:04.935141+00:00	sanctoral
3112dc8f-f1ce-5b0e-b87b-a8fb5c54e4a3	2101	Lutruda		f2aa370f-fe32-5793-bf4d-911cfbf3621b			2026-04-27T09:21:04.935141+00:00	sanctoral
1ccd3993-a3ec-5072-b3ae-b9a09362899a	2102	Lutwinus		f2aa370f-fe32-5793-bf4d-911cfbf3621b			2026-04-27T09:21:04.935141+00:00	sanctoral
960743b8-f0cb-51b9-9e39-2831c93b8089	2103	Luxor		f2aa370f-fe32-5793-bf4d-911cfbf3621b			2026-04-27T09:21:04.935141+00:00	sanctoral
2a3d3859-8862-5f31-9fc7-80e13c9bc17d	2104	Lyayrollius		f2aa370f-fe32-5793-bf4d-911cfbf3621b			2026-04-27T09:21:04.935141+00:00	sanctoral
b79614b0-5c53-501e-a958-6ffd47ed77e0	2105	Macarius		f2aa370f-fe32-5793-bf4d-911cfbf3621b			2026-04-27T09:21:04.935141+00:00	sanctoral
7e704d09-d6ae-5b49-9714-5628bb501061	2106	Macarius Wormatiensis		f2aa370f-fe32-5793-bf4d-911cfbf3621b			2026-04-27T09:21:04.935141+00:00	sanctoral
303b7a04-6ffb-5f37-8030-081f74364789	2107	Macedonius		f2aa370f-fe32-5793-bf4d-911cfbf3621b			2026-04-27T09:21:04.935141+00:00	sanctoral
6c7f06a0-b783-50f1-bd44-7107e37a0b37	2108	Machabbaei		f2aa370f-fe32-5793-bf4d-911cfbf3621b			2026-04-27T09:21:04.935141+00:00	sanctoral
5d579a0d-aafa-526c-aaf1-75d405378cb7	2109	Macharius		f2aa370f-fe32-5793-bf4d-911cfbf3621b			2026-04-27T09:21:04.935141+00:00	sanctoral
ff982f6e-9277-5864-b153-ca335218eab3	2110	Machoratus		f2aa370f-fe32-5793-bf4d-911cfbf3621b			2026-04-27T09:21:04.935141+00:00	sanctoral
49da6d77-8977-52e7-9c0a-161bb9e3a90d	2111	Maclovius		f2aa370f-fe32-5793-bf4d-911cfbf3621b			2026-04-27T09:21:04.935141+00:00	sanctoral
a66c6a73-c6da-5914-8222-59e6b63d307c	2112	Maclovius (Translatio)		f2aa370f-fe32-5793-bf4d-911cfbf3621b			2026-04-27T09:21:04.935141+00:00	sanctoral
ae4bc556-b3ff-5db5-a76e-fb73bfe720a4	2113	Macra (Translatio)		f2aa370f-fe32-5793-bf4d-911cfbf3621b			2026-04-27T09:21:04.935141+00:00	sanctoral
55f6b9d0-fbf6-5a06-ac2e-9cad565a8512	2114	Macutus		f2aa370f-fe32-5793-bf4d-911cfbf3621b			2026-04-27T09:21:04.935141+00:00	sanctoral
1bc007a9-d982-566e-a299-a7335f4dfc20	2115	Madelberta		f2aa370f-fe32-5793-bf4d-911cfbf3621b			2026-04-27T09:21:04.935141+00:00	sanctoral
b34cdd6f-1d25-5981-8166-220a514a0afc	2116	Maglorius		f2aa370f-fe32-5793-bf4d-911cfbf3621b			2026-04-27T09:21:04.935141+00:00	sanctoral
fcc5e5a8-bb73-5608-acc9-71b554983e98	2117	Magnericus		f2aa370f-fe32-5793-bf4d-911cfbf3621b			2026-04-27T09:21:04.935141+00:00	sanctoral
9ad3dbdf-ea99-5655-bfc6-129427c10ba4	2118	Magnobodus		f2aa370f-fe32-5793-bf4d-911cfbf3621b			2026-04-27T09:21:04.935141+00:00	sanctoral
3339132c-8b16-5f29-9450-22f0ca653611	2119	Magnus		f2aa370f-fe32-5793-bf4d-911cfbf3621b			2026-04-27T09:21:04.935141+00:00	sanctoral
3e95aaa7-5ce1-57e5-b362-af18de6c6d48	2120	Magnus confessor		f2aa370f-fe32-5793-bf4d-911cfbf3621b			2026-04-27T09:21:04.935141+00:00	sanctoral
9aac75f4-de83-5c3b-af9c-b13f07f87834	2121	Magnus martyr		f2aa370f-fe32-5793-bf4d-911cfbf3621b			2026-04-27T09:21:04.935141+00:00	sanctoral
0c3bbca7-a38c-5cbd-b996-eccfd0b5750e	2122	Magnus martyr (Translatio)		f2aa370f-fe32-5793-bf4d-911cfbf3621b			2026-04-27T09:21:04.935141+00:00	sanctoral
0d928e08-096a-54a8-84b4-ec87ba6d473b	2123	Maianus Byteriensis		f2aa370f-fe32-5793-bf4d-911cfbf3621b			2026-04-27T09:21:04.935141+00:00	sanctoral
78e240e4-8930-55c9-b7e5-0a48b11184cc	2124	Maimbodus		f2aa370f-fe32-5793-bf4d-911cfbf3621b			2026-04-27T09:21:04.935141+00:00	sanctoral
f68a651a-78cd-53f0-898b-dad37d85cd7e	2125	Maiolus		f2aa370f-fe32-5793-bf4d-911cfbf3621b			2026-04-27T09:21:04.935141+00:00	sanctoral
ce7b68e0-e310-5858-8533-1438c971e3e8	2126	Maior		f2aa370f-fe32-5793-bf4d-911cfbf3621b			2026-04-27T09:21:04.935141+00:00	sanctoral
aa56affb-ceba-5440-a47a-4c144b0ed2a3	2127	Malachias		f2aa370f-fe32-5793-bf4d-911cfbf3621b			2026-04-27T09:21:04.935141+00:00	sanctoral
b7979efa-d010-5dc8-aa10-fb2213de626a	2128	Malchus		f2aa370f-fe32-5793-bf4d-911cfbf3621b			2026-04-27T09:21:04.935141+00:00	sanctoral
056344eb-d18b-51ef-ba20-51b82757da4e	2129	Malosus et socii		f2aa370f-fe32-5793-bf4d-911cfbf3621b			2026-04-27T09:21:04.935141+00:00	sanctoral
84ac6cd8-6aba-5fdb-b76d-3b867215b8bb	2130	Malulphus		f2aa370f-fe32-5793-bf4d-911cfbf3621b			2026-04-27T09:21:04.935141+00:00	sanctoral
bd82f823-3e31-5f31-afd2-8894b4410694	2131	Malusius (Translatio)		f2aa370f-fe32-5793-bf4d-911cfbf3621b			2026-04-27T09:21:04.935141+00:00	sanctoral
30faccdb-713d-591e-9275-404539469dfc	2132	Mamelius		f2aa370f-fe32-5793-bf4d-911cfbf3621b			2026-04-27T09:21:04.935141+00:00	sanctoral
695ea41c-680f-5ed2-8f66-9f03018329c3	2133	Mamertinus		f2aa370f-fe32-5793-bf4d-911cfbf3621b			2026-04-27T09:21:04.935141+00:00	sanctoral
e376d79c-3207-5240-ac4c-423c6b7f334f	2134	Mamertus		f2aa370f-fe32-5793-bf4d-911cfbf3621b			2026-04-27T09:21:04.935141+00:00	sanctoral
7ea46576-e7f1-57bb-8e85-d91f17351f82	2135	Mamertus (Translatio)		f2aa370f-fe32-5793-bf4d-911cfbf3621b			2026-04-27T09:21:04.935141+00:00	sanctoral
c7999efe-632f-511f-ab8c-da1f1fa18076	2136	Mamertus martyr		f2aa370f-fe32-5793-bf4d-911cfbf3621b			2026-04-27T09:21:04.935141+00:00	sanctoral
a311271e-1641-54ce-9e30-1de6a4ded573	2137	Mammas		f2aa370f-fe32-5793-bf4d-911cfbf3621b			2026-04-27T09:21:04.935141+00:00	sanctoral
4a52e980-279e-56da-bb12-5cdfaca07d9a	2138	Mammas (Translatio Octava)		f2aa370f-fe32-5793-bf4d-911cfbf3621b			2026-04-27T09:21:04.935141+00:00	sanctoral
9acad3e9-670a-5a3b-af86-8e0ff70d1e46	2139	Mammas (Translatio)		f2aa370f-fe32-5793-bf4d-911cfbf3621b			2026-04-27T09:21:04.935141+00:00	sanctoral
fd487825-335e-5579-bc5c-c546b5e2e347	2140	Mandalus		f2aa370f-fe32-5793-bf4d-911cfbf3621b			2026-04-27T09:21:04.935141+00:00	sanctoral
f5ef1c19-efe5-5f82-be6e-193ba64b276d	2141	Mandetus		f2aa370f-fe32-5793-bf4d-911cfbf3621b			2026-04-27T09:21:04.935141+00:00	sanctoral
0ab40946-a95e-5a91-9c26-91e34b7b3a57	2142	Mandetus (Octava)		f2aa370f-fe32-5793-bf4d-911cfbf3621b			2026-04-27T09:21:04.935141+00:00	sanctoral
e8c5e566-b484-5afe-8fef-a73b372a5b67	2143	Mansuetus		f2aa370f-fe32-5793-bf4d-911cfbf3621b			2026-04-27T09:21:04.935141+00:00	sanctoral
5136979b-04aa-5546-9c5d-98c5fb1e23cd	2144	Mansuetus (Translatio)		f2aa370f-fe32-5793-bf4d-911cfbf3621b			2026-04-27T09:21:04.935141+00:00	sanctoral
f33e66f3-a06c-510d-8c13-f57472a5fdf9	2145	Mansuetus martyr		f2aa370f-fe32-5793-bf4d-911cfbf3621b			2026-04-27T09:21:04.935141+00:00	sanctoral
3975d09d-be2e-5f33-b3bc-f8c14ff4d7ee	2146	Mantius		f2aa370f-fe32-5793-bf4d-911cfbf3621b			2026-04-27T09:21:04.935141+00:00	sanctoral
fcc2a2e1-e097-5fef-9d32-f439a8665f58	2147	Manveus		f2aa370f-fe32-5793-bf4d-911cfbf3621b			2026-04-27T09:21:04.935141+00:00	sanctoral
10a93f53-2223-5956-a5c4-ef1e373aca70	2148	Mappalicus		f2aa370f-fe32-5793-bf4d-911cfbf3621b			2026-04-27T09:21:04.935141+00:00	sanctoral
1ce0d91d-5659-52ba-a51b-95325660374a	2149	Marcellianus		f2aa370f-fe32-5793-bf4d-911cfbf3621b			2026-04-27T09:21:04.935141+00:00	sanctoral
646fc529-ab37-5450-8d9b-3a128fd2b4e5	2150	Marcellianus Altissiodorensis		f2aa370f-fe32-5793-bf4d-911cfbf3621b			2026-04-27T09:21:04.935141+00:00	sanctoral
d75c48b4-1745-5636-b82f-446b2dbd230b	2151	Marcellina		f2aa370f-fe32-5793-bf4d-911cfbf3621b			2026-04-27T09:21:04.935141+00:00	sanctoral
52853f8a-97d2-5c51-a243-360d4316bd51	2152	Marcellinus		f2aa370f-fe32-5793-bf4d-911cfbf3621b			2026-04-27T09:21:04.935141+00:00	sanctoral
dfb80feb-d8ba-54c5-aef1-5b29c1e85289	2153	Marcellinus (Octava)		f2aa370f-fe32-5793-bf4d-911cfbf3621b			2026-04-27T09:21:04.935141+00:00	sanctoral
aec58387-2d0e-5722-85f8-2903f86e8675	2154	Marcellinus Aniciensis		f2aa370f-fe32-5793-bf4d-911cfbf3621b			2026-04-27T09:21:04.935141+00:00	sanctoral
5348b38e-5677-5e89-8454-7703f481d134	2155	Marcellinus martyr		f2aa370f-fe32-5793-bf4d-911cfbf3621b			2026-04-27T09:21:04.935141+00:00	sanctoral
7c92c3bd-2fa6-5de7-adc1-58f464c0b238	2156	Marcellinus papa		f2aa370f-fe32-5793-bf4d-911cfbf3621b			2026-04-27T09:21:04.935141+00:00	sanctoral
4902381d-5066-5cde-bfe6-470e9f643614	2157	Marcellus		f2aa370f-fe32-5793-bf4d-911cfbf3621b			2026-04-27T09:21:04.935141+00:00	sanctoral
ceb6320b-33cb-566a-beec-a3432aa7e66f	2158	Marcellus (exceptio)		f2aa370f-fe32-5793-bf4d-911cfbf3621b			2026-04-27T09:21:04.935141+00:00	sanctoral
c423c0c3-f92a-5b6c-8d91-b46ce257aecb	2159	Marcellus (Octava)		f2aa370f-fe32-5793-bf4d-911cfbf3621b			2026-04-27T09:21:04.935141+00:00	sanctoral
95da4ab5-3cdb-5dec-82ce-1513cd0f6652	2160	Marcellus (Translatio)		f2aa370f-fe32-5793-bf4d-911cfbf3621b			2026-04-27T09:21:04.935141+00:00	sanctoral
b4c34f1a-2c2f-55db-9206-bd837894ea9c	2161	Marcellus Cluniacensis		f2aa370f-fe32-5793-bf4d-911cfbf3621b			2026-04-27T09:21:04.935141+00:00	sanctoral
e5e9a8f6-908a-5556-bb1f-003d8e72b8b3	2162	Marcellus papa		f2aa370f-fe32-5793-bf4d-911cfbf3621b			2026-04-27T09:21:04.935141+00:00	sanctoral
98f9ef36-d2c4-5b6f-9bab-8e541f215af7	2163	Marcellus Parisiensis		f2aa370f-fe32-5793-bf4d-911cfbf3621b			2026-04-27T09:21:04.935141+00:00	sanctoral
3b28d506-b3a1-5174-a5a2-3025aed03d4a	2164	Marcellus Parisiensis (Dominica infra octavas)		f2aa370f-fe32-5793-bf4d-911cfbf3621b			2026-04-27T09:21:04.935141+00:00	sanctoral
41515627-7ebe-5e69-b1a9-2d4dabb9a7ac	2165	Marcellus Parisiensis (Infra octavas)		f2aa370f-fe32-5793-bf4d-911cfbf3621b			2026-04-27T09:21:04.935141+00:00	sanctoral
8b4da0a2-3108-5d8d-840f-e34990e2922e	2166	Marcellus Parisiensis (Octava)		f2aa370f-fe32-5793-bf4d-911cfbf3621b			2026-04-27T09:21:04.935141+00:00	sanctoral
7ad1a7a1-6649-5354-87b8-b2834a898b45	2167	Marcianus		f2aa370f-fe32-5793-bf4d-911cfbf3621b			2026-04-27T09:21:04.935141+00:00	sanctoral
243bbb86-bb38-59a1-9092-758909af850b	2168	Marculphus		f2aa370f-fe32-5793-bf4d-911cfbf3621b			2026-04-27T09:21:04.935141+00:00	sanctoral
3a926d3c-4280-5679-8447-acded05cefb2	2169	Marcus		f2aa370f-fe32-5793-bf4d-911cfbf3621b			2026-04-27T09:21:04.935141+00:00	sanctoral
3a1275de-f898-5678-964e-4028255bb8c3	2170	Marcus diaconus martyr		f2aa370f-fe32-5793-bf4d-911cfbf3621b			2026-04-27T09:21:04.935141+00:00	sanctoral
4255039d-2c95-5f5c-b0c6-a363c7df383c	2171	Marcus evangelista		f2aa370f-fe32-5793-bf4d-911cfbf3621b			2026-04-27T09:21:04.935141+00:00	sanctoral
9bc61d52-31a9-58e9-9180-525a479559d2	2172	Marcus evangelista (Octava)		f2aa370f-fe32-5793-bf4d-911cfbf3621b			2026-04-27T09:21:04.935141+00:00	sanctoral
be53e17e-6451-51ce-a343-1f7451abeb9d	2173	Marcus evangelista (Translatio)		f2aa370f-fe32-5793-bf4d-911cfbf3621b			2026-04-27T09:21:04.935141+00:00	sanctoral
349fdd77-1ef8-5212-ade2-255a83d716bf	2174	Marcus martyr		f2aa370f-fe32-5793-bf4d-911cfbf3621b			2026-04-27T09:21:04.935141+00:00	sanctoral
4d7de474-c084-5697-94d5-81177f79d378	2175	Marcus papa		f2aa370f-fe32-5793-bf4d-911cfbf3621b			2026-04-27T09:21:04.935141+00:00	sanctoral
bb865c93-864a-5f48-9288-5ca5c40e5710	2176	Marentius papa		f2aa370f-fe32-5793-bf4d-911cfbf3621b			2026-04-27T09:21:04.935141+00:00	sanctoral
8936ce45-6932-5359-9af9-2767974351a0	2177	Margarita (Octava)		f2aa370f-fe32-5793-bf4d-911cfbf3621b			2026-04-27T09:21:04.935141+00:00	sanctoral
ad8df052-6324-50a1-88c1-1bf6ccbfa756	2178	Maria		f2aa370f-fe32-5793-bf4d-911cfbf3621b			2026-04-27T09:21:04.935141+00:00	sanctoral
eedc2dae-749e-51f4-b15b-7bcdabbe6663	2179	Maria ad Martyres		f2aa370f-fe32-5793-bf4d-911cfbf3621b			2026-04-27T09:21:04.935141+00:00	sanctoral
037d49ea-3a93-5324-8f69-8cfc64cb6106	2180	Maria Cleophae		f2aa370f-fe32-5793-bf4d-911cfbf3621b			2026-04-27T09:21:04.935141+00:00	sanctoral
6ee674d6-01e8-55d1-8092-f85ddf7d87d9	2181	Maria de Hydria		f2aa370f-fe32-5793-bf4d-911cfbf3621b			2026-04-27T09:21:04.935141+00:00	sanctoral
695eefab-9157-5cfb-a9a9-c5ccedef8623	2182	Maria de Pace		f2aa370f-fe32-5793-bf4d-911cfbf3621b			2026-04-27T09:21:04.935141+00:00	sanctoral
6339c91e-4ee2-5120-8387-66dbdf1739b1	2183	Maria de Scala de Messina		f2aa370f-fe32-5793-bf4d-911cfbf3621b			2026-04-27T09:21:04.935141+00:00	sanctoral
dfc695f1-ba3e-5829-a5c4-aa983fb22460	2184	Maria Magdalene (Conversio)		f2aa370f-fe32-5793-bf4d-911cfbf3621b			2026-04-27T09:21:04.935141+00:00	sanctoral
67894452-1e1b-5443-9518-ab02cdee7f2f	2185	Maria Magdalene (Dominica infra octavas)		f2aa370f-fe32-5793-bf4d-911cfbf3621b			2026-04-27T09:21:04.935141+00:00	sanctoral
f917b62c-6b2f-5983-86e7-c41deb7793b5	2186	Maria Magdalene (Infra octavas)		f2aa370f-fe32-5793-bf4d-911cfbf3621b			2026-04-27T09:21:04.935141+00:00	sanctoral
b7b58c88-32dd-50d3-9870-3e2a4945bfba	2187	Maria Magdalene (Octava)		f2aa370f-fe32-5793-bf4d-911cfbf3621b			2026-04-27T09:21:04.935141+00:00	sanctoral
d2ef278d-0879-5b5e-a914-6aadc73b1a59	2188	Maria Magdalene (Revelatio)		f2aa370f-fe32-5793-bf4d-911cfbf3621b			2026-04-27T09:21:04.935141+00:00	sanctoral
cf306a55-2aea-5a20-b53d-6e245dd89349	2189	Maria Magdalene (Susceptio costae)		f2aa370f-fe32-5793-bf4d-911cfbf3621b			2026-04-27T09:21:04.935141+00:00	sanctoral
aab6263d-19e6-52c8-857f-966fc7df1cdf	2190	Maria Magdalene (Translatio)		f2aa370f-fe32-5793-bf4d-911cfbf3621b			2026-04-27T09:21:04.935141+00:00	sanctoral
1c129d4d-9161-5ed2-9635-4cd3a19e20e1	2191	Marianus		f2aa370f-fe32-5793-bf4d-911cfbf3621b			2026-04-27T09:21:04.935141+00:00	sanctoral
c9c0b0da-aeb9-5f04-9241-eb3a6ea2b5a3	2192	Marianus martyr Romae		f2aa370f-fe32-5793-bf4d-911cfbf3621b			2026-04-27T09:21:04.935141+00:00	sanctoral
70b44eda-c4d3-5fd0-99b8-eb1f27f03217	2193	Marina		f2aa370f-fe32-5793-bf4d-911cfbf3621b			2026-04-27T09:21:04.935141+00:00	sanctoral
3bb1ec98-80aa-52e3-9672-4789997e8658	2194	Marina Bithyniae		f2aa370f-fe32-5793-bf4d-911cfbf3621b			2026-04-27T09:21:04.935141+00:00	sanctoral
a2499d42-f17b-5568-a6c0-475336e21d0a	2195	Marina Orensis		f2aa370f-fe32-5793-bf4d-911cfbf3621b			2026-04-27T09:21:04.935141+00:00	sanctoral
a69792c7-fbc6-55a1-ab64-c36ab3d4466c	2196	Marinus		f2aa370f-fe32-5793-bf4d-911cfbf3621b			2026-04-27T09:21:04.935141+00:00	sanctoral
368c7d86-13dd-5013-aaea-0b059f0047fe	2197	Marinus martyr		f2aa370f-fe32-5793-bf4d-911cfbf3621b			2026-04-27T09:21:04.935141+00:00	sanctoral
4bef5588-36f8-59ba-be73-0fb70d34a16a	2198	Marinus miles		f2aa370f-fe32-5793-bf4d-911cfbf3621b			2026-04-27T09:21:04.935141+00:00	sanctoral
36e05048-04c0-5593-958c-a8036603859f	2199	Marinus presbyter		f2aa370f-fe32-5793-bf4d-911cfbf3621b			2026-04-27T09:21:04.935141+00:00	sanctoral
1df1826f-deb8-5dc5-9a66-4ee324ade8bf	2200	Marius		f2aa370f-fe32-5793-bf4d-911cfbf3621b			2026-04-27T09:21:04.935141+00:00	sanctoral
94cee9ef-5cb0-5250-8879-ca4bf4266793	2201	Marius abbas		f2aa370f-fe32-5793-bf4d-911cfbf3621b			2026-04-27T09:21:04.935141+00:00	sanctoral
57812f94-315b-59ad-b3b3-0086f72883cf	2202	Marius de Mauriac		f2aa370f-fe32-5793-bf4d-911cfbf3621b			2026-04-27T09:21:04.935141+00:00	sanctoral
df1307de-9fa3-504d-af55-ceeb611eeb6c	2203	Marrolus		f2aa370f-fe32-5793-bf4d-911cfbf3621b			2026-04-27T09:21:04.935141+00:00	sanctoral
996c915b-d237-5e83-aedc-cc37e794c24a	2204	Marsus		f2aa370f-fe32-5793-bf4d-911cfbf3621b			2026-04-27T09:21:04.935141+00:00	sanctoral
3797b08c-8068-52ca-8fad-90e382a768c8	2205	Martha		f2aa370f-fe32-5793-bf4d-911cfbf3621b			2026-04-27T09:21:04.935141+00:00	sanctoral
0bf6c9b6-159d-57ba-be0a-ab9533d32c4a	2206	Martha Astoricensis		f2aa370f-fe32-5793-bf4d-911cfbf3621b			2026-04-27T09:21:04.935141+00:00	sanctoral
13d021a9-de94-5088-96a7-be65be46b53a	2207	Martha hospita		f2aa370f-fe32-5793-bf4d-911cfbf3621b			2026-04-27T09:21:04.935141+00:00	sanctoral
58bd64fa-fc1a-57e6-afda-c4293d25bf64	2208	Martha hospita (Octava)		f2aa370f-fe32-5793-bf4d-911cfbf3621b			2026-04-27T09:21:04.935141+00:00	sanctoral
f50a4738-11e3-5762-80b7-21e7e7c1bdd1	2209	Martha hospita (Translatio)		f2aa370f-fe32-5793-bf4d-911cfbf3621b			2026-04-27T09:21:04.935141+00:00	sanctoral
2a58adce-704a-5aff-ba78-e91512e5cc62	2210	Martia		f2aa370f-fe32-5793-bf4d-911cfbf3621b			2026-04-27T09:21:04.935141+00:00	sanctoral
4fdbc3ea-2782-54d9-9bde-a863c3ee06d9	2211	Martialis		f2aa370f-fe32-5793-bf4d-911cfbf3621b			2026-04-27T09:21:04.935141+00:00	sanctoral
a40ab7a6-6466-5549-8d90-6d9094e3d08c	2212	Martialis episcopus		f2aa370f-fe32-5793-bf4d-911cfbf3621b			2026-04-27T09:21:04.935141+00:00	sanctoral
778625c9-da70-59da-8850-a3c2148c21e2	2213	Martialis episcopus (Apparitio)		f2aa370f-fe32-5793-bf4d-911cfbf3621b			2026-04-27T09:21:04.935141+00:00	sanctoral
8a52fb86-07ca-5885-8555-d4453c5c0709	2214	Martialis episcopus (Octava)		f2aa370f-fe32-5793-bf4d-911cfbf3621b			2026-04-27T09:21:04.935141+00:00	sanctoral
3bf608df-7eff-5091-adb8-e468bc9613f2	2215	Martialis episcopus (Translatio)		f2aa370f-fe32-5793-bf4d-911cfbf3621b			2026-04-27T09:21:04.935141+00:00	sanctoral
633d38ff-9c94-567b-93e5-834ccb4e0127	2216	Martiana		f2aa370f-fe32-5793-bf4d-911cfbf3621b			2026-04-27T09:21:04.935141+00:00	sanctoral
9529ea2c-b98f-5bb0-86e5-910184a16a6e	2217	Martianus		f2aa370f-fe32-5793-bf4d-911cfbf3621b			2026-04-27T09:21:04.935141+00:00	sanctoral
d03cec1e-b929-5c11-acde-4c4ba1726e2e	2218	Martina		f2aa370f-fe32-5793-bf4d-911cfbf3621b			2026-04-27T09:21:04.935141+00:00	sanctoral
d47e4930-4b4b-5619-8fe8-99021064f508	2219	Martinianus		f2aa370f-fe32-5793-bf4d-911cfbf3621b			2026-04-27T09:21:04.935141+00:00	sanctoral
e7780bfc-94df-5084-928a-8d29836ff502	2220	Martinus		f2aa370f-fe32-5793-bf4d-911cfbf3621b			2026-04-27T09:21:04.935141+00:00	sanctoral
979991a8-b71d-57fd-b1bf-71aa31bc5fb9	2221	Martinus (Translatio)		f2aa370f-fe32-5793-bf4d-911cfbf3621b			2026-04-27T09:21:04.935141+00:00	sanctoral
313db623-30b4-5607-8b46-df4ddb81d8ae	2222	Martinus abbas		f2aa370f-fe32-5793-bf4d-911cfbf3621b			2026-04-27T09:21:04.935141+00:00	sanctoral
be833fe1-31db-50c5-87ba-ec56e17d0403	2223	Martinus Bracarensis		f2aa370f-fe32-5793-bf4d-911cfbf3621b			2026-04-27T09:21:04.935141+00:00	sanctoral
4e88970b-c76d-5413-a21b-64833ce28c26	2224	Martinus de Brive		f2aa370f-fe32-5793-bf4d-911cfbf3621b			2026-04-27T09:21:04.935141+00:00	sanctoral
27f8b615-9245-5d1b-890e-e0afce0ea1e0	2225	Martinus episcopus		f2aa370f-fe32-5793-bf4d-911cfbf3621b			2026-04-27T09:21:04.935141+00:00	sanctoral
f2ce9249-df75-50d3-be02-33a2d37ff56e	2226	Martinus monachus		f2aa370f-fe32-5793-bf4d-911cfbf3621b			2026-04-27T09:21:04.935141+00:00	sanctoral
39f4c0bd-7938-5d38-b997-7056297d0032	2227	Martinus papa		f2aa370f-fe32-5793-bf4d-911cfbf3621b			2026-04-27T09:21:04.935141+00:00	sanctoral
2ed11b52-a9b6-5723-911f-5596bf1c8690	2228	Martinus Trevirensis		f2aa370f-fe32-5793-bf4d-911cfbf3621b			2026-04-27T09:21:04.935141+00:00	sanctoral
4f5c01ba-cc6f-50fe-9979-df008c53f58e	2229	Martinus Turonensis		f2aa370f-fe32-5793-bf4d-911cfbf3621b			2026-04-27T09:21:04.935141+00:00	sanctoral
6a4ce34e-0a66-53f7-82ec-11bd088a292c	2230	Martinus Turonensis (Dominica infra octavas)		f2aa370f-fe32-5793-bf4d-911cfbf3621b			2026-04-27T09:21:04.935141+00:00	sanctoral
d1cf1161-338c-5924-a2b7-41bfb1f9b160	2231	Martinus Turonensis (Infra octavas)		f2aa370f-fe32-5793-bf4d-911cfbf3621b			2026-04-27T09:21:04.935141+00:00	sanctoral
18cd238e-79e5-50cf-a41a-c3d73722d72a	2232	Martinus Turonensis (Octava)		f2aa370f-fe32-5793-bf4d-911cfbf3621b			2026-04-27T09:21:04.935141+00:00	sanctoral
145de09b-8572-5c9b-bd86-c231b4371341	2233	Martinus Turonensis (Reversio)		f2aa370f-fe32-5793-bf4d-911cfbf3621b			2026-04-27T09:21:04.935141+00:00	sanctoral
537e8aff-db3b-52ea-b537-57c0ca6a911d	2234	Martinus Turonensis (Translatio Octava)		f2aa370f-fe32-5793-bf4d-911cfbf3621b			2026-04-27T09:21:04.935141+00:00	sanctoral
e0b02ec0-1c31-57ad-8e67-8eef0369c1e8	2235	Martinus Turonensis (Translatio)		f2aa370f-fe32-5793-bf4d-911cfbf3621b			2026-04-27T09:21:04.935141+00:00	sanctoral
b5023040-bef3-594a-aa31-35b16df58953	2236	Martinus Turonensis (Vigilia)		f2aa370f-fe32-5793-bf4d-911cfbf3621b			2026-04-27T09:21:04.935141+00:00	sanctoral
9259ce71-3093-5754-b523-974982d4588f	2237	Martinus Viennensis		f2aa370f-fe32-5793-bf4d-911cfbf3621b			2026-04-27T09:21:04.935141+00:00	sanctoral
9aa2dad8-cb74-5690-96cb-bd360bf99016	2238	Marturianus		f2aa370f-fe32-5793-bf4d-911cfbf3621b			2026-04-27T09:21:04.935141+00:00	sanctoral
5a3eee0b-e0ba-58a9-afbc-6e71496e7da3	2239	Martyres		f2aa370f-fe32-5793-bf4d-911cfbf3621b			2026-04-27T09:21:04.935141+00:00	sanctoral
e2550a0e-915d-5ea2-89e7-cfaef35c1aa5	2240	Martyres de Scilla		f2aa370f-fe32-5793-bf4d-911cfbf3621b			2026-04-27T09:21:04.935141+00:00	sanctoral
4aa6b935-89e0-50a4-9444-e8dfac0f591e	2241	Martyres innumerabiles Caesaraugustani		f2aa370f-fe32-5793-bf4d-911cfbf3621b			2026-04-27T09:21:04.935141+00:00	sanctoral
075fcbe8-2c5d-5805-ad45-90c89b966ffb	2242	Martyres innumerabiles Treverenses		f2aa370f-fe32-5793-bf4d-911cfbf3621b			2026-04-27T09:21:04.935141+00:00	sanctoral
1e012bab-ee53-5402-b6a9-e7e6c35c06de	2243	Martyres Massae		f2aa370f-fe32-5793-bf4d-911cfbf3621b			2026-04-27T09:21:04.935141+00:00	sanctoral
95320df2-c492-5bc4-9c6b-21e422919b89	2244	Martyrius		f2aa370f-fe32-5793-bf4d-911cfbf3621b			2026-04-27T09:21:04.935141+00:00	sanctoral
4155e3b7-979f-574b-bb14-d69ec3e686b5	2245	Marus		f2aa370f-fe32-5793-bf4d-911cfbf3621b			2026-04-27T09:21:04.935141+00:00	sanctoral
01cbf0ca-0db4-581c-b0d1-535ab61e5890	2246	Maternianus		f2aa370f-fe32-5793-bf4d-911cfbf3621b			2026-04-27T09:21:04.935141+00:00	sanctoral
6c5d31df-be8b-5766-a32c-8e4fb5572b1f	2247	Maternus (Translatio)		f2aa370f-fe32-5793-bf4d-911cfbf3621b			2026-04-27T09:21:04.935141+00:00	sanctoral
a70db848-e3d3-57ff-9534-6753a07e61cb	2248	Maternus Mediolanensis		f2aa370f-fe32-5793-bf4d-911cfbf3621b			2026-04-27T09:21:04.935141+00:00	sanctoral
b00fba06-4a2c-54bf-9c2f-efe9e433aec6	2249	Matronianus		f2aa370f-fe32-5793-bf4d-911cfbf3621b			2026-04-27T09:21:04.935141+00:00	sanctoral
f6a03d2f-0d6e-5216-a401-10d4d881a771	2250	Matthaeus apostolus		f2aa370f-fe32-5793-bf4d-911cfbf3621b			2026-04-27T09:21:04.935141+00:00	sanctoral
d0a8423a-8308-5530-aff2-86d3b26e42ee	2251	Matthaeus apostolus (Infra octavas)		f2aa370f-fe32-5793-bf4d-911cfbf3621b			2026-04-27T09:21:04.935141+00:00	sanctoral
e3b0a755-acfb-56ec-ad44-4d2d373ee1a0	2252	Matthaeus apostolus (Octava)		f2aa370f-fe32-5793-bf4d-911cfbf3621b			2026-04-27T09:21:04.935141+00:00	sanctoral
514d3e9b-e2d1-54fb-8f0b-07419b9db686	2253	Matthaeus apostolus (Vigilia)		f2aa370f-fe32-5793-bf4d-911cfbf3621b			2026-04-27T09:21:04.935141+00:00	sanctoral
2ebf85f0-c65f-5b4c-87c3-72c0dfd56c6c	2254	Matthaeus martyr		f2aa370f-fe32-5793-bf4d-911cfbf3621b			2026-04-27T09:21:04.935141+00:00	sanctoral
5e8f8a95-1eb3-5fa0-a2bc-0605f0d8ade3	2255	Matthaeus martyr (Translatio)		f2aa370f-fe32-5793-bf4d-911cfbf3621b			2026-04-27T09:21:04.935141+00:00	sanctoral
7008810e-0238-5adb-8551-018a890508d4	2256	Matthias		f2aa370f-fe32-5793-bf4d-911cfbf3621b			2026-04-27T09:21:04.935141+00:00	sanctoral
31edb662-80a5-54bd-86a2-efa5bdbc592a	2257	Matthias (Infra octavas)		f2aa370f-fe32-5793-bf4d-911cfbf3621b			2026-04-27T09:21:04.935141+00:00	sanctoral
2a8e3f60-13d7-5cd3-8fb9-fe3ca0bb8d9d	2258	Matthias (Inventio ossium)		f2aa370f-fe32-5793-bf4d-911cfbf3621b			2026-04-27T09:21:04.935141+00:00	sanctoral
20250f7f-6179-5c83-bf75-a0b56c4360bd	2259	Matthias (Octava)		f2aa370f-fe32-5793-bf4d-911cfbf3621b			2026-04-27T09:21:04.935141+00:00	sanctoral
3a85d43c-6f64-52a9-b7cb-e246706c95e7	2260	Matthias (Translatio)		f2aa370f-fe32-5793-bf4d-911cfbf3621b			2026-04-27T09:21:04.935141+00:00	sanctoral
fac7317b-f3a9-5294-9b3b-4ff9c645e0e7	2261	Matthias (Vigilia)		f2aa370f-fe32-5793-bf4d-911cfbf3621b			2026-04-27T09:21:04.935141+00:00	sanctoral
88d001f3-1dd4-58e1-99cd-6e07e11d3d9e	2262	Matthias episcopus		f2aa370f-fe32-5793-bf4d-911cfbf3621b			2026-04-27T09:21:04.935141+00:00	sanctoral
8b7307b2-4464-5a7b-a029-917a86cbf960	2263	Maturinus		f2aa370f-fe32-5793-bf4d-911cfbf3621b			2026-04-27T09:21:04.935141+00:00	sanctoral
5dd523cf-d549-5c93-93cc-dce92f002bb4	2264	Maturinus (Translatio)		f2aa370f-fe32-5793-bf4d-911cfbf3621b			2026-04-27T09:21:04.935141+00:00	sanctoral
db3262ee-e03f-5faa-8823-fa164f404038	2265	Maudetius		f2aa370f-fe32-5793-bf4d-911cfbf3621b			2026-04-27T09:21:04.935141+00:00	sanctoral
0ac25892-58fe-500d-b625-2bae8fec5e39	2266	Maura		f2aa370f-fe32-5793-bf4d-911cfbf3621b			2026-04-27T09:21:04.935141+00:00	sanctoral
7341f3c9-f7c2-5085-a90e-d91e282eee53	2267	Maureulfus		f2aa370f-fe32-5793-bf4d-911cfbf3621b			2026-04-27T09:21:04.935141+00:00	sanctoral
92b7daf7-d0fa-51f2-9a18-2cfa098cdaf6	2268	Mauri martyres in Colonia		f2aa370f-fe32-5793-bf4d-911cfbf3621b			2026-04-27T09:21:04.935141+00:00	sanctoral
64ed2ea4-c038-5538-92a6-69e584d5cb45	2269	Maurilius		f2aa370f-fe32-5793-bf4d-911cfbf3621b			2026-04-27T09:21:04.935141+00:00	sanctoral
8b3950ca-d1a9-5aaa-afee-5df1171bcab1	2270	Maurilius (Infra octavas)		f2aa370f-fe32-5793-bf4d-911cfbf3621b			2026-04-27T09:21:04.935141+00:00	sanctoral
56e1d82d-2d54-5abb-a2bb-73911218cd92	2271	Maurilius (Octava)		f2aa370f-fe32-5793-bf4d-911cfbf3621b			2026-04-27T09:21:04.935141+00:00	sanctoral
0fc3d1d9-d6c6-56d1-9709-4a3fd4392cd3	2272	Maurilius (Translatio)		f2aa370f-fe32-5793-bf4d-911cfbf3621b			2026-04-27T09:21:04.935141+00:00	sanctoral
0e64660e-cc7d-5dff-b228-87bca452549d	2273	Maurilius (Vigilia)		f2aa370f-fe32-5793-bf4d-911cfbf3621b			2026-04-27T09:21:04.935141+00:00	sanctoral
9e476943-df16-52e2-a907-68b13ff73e29	2274	Maurinus		f2aa370f-fe32-5793-bf4d-911cfbf3621b			2026-04-27T09:21:04.935141+00:00	sanctoral
bb3aad8d-04ca-517c-8598-09811504da15	2275	Maurinus Agenensis		f2aa370f-fe32-5793-bf4d-911cfbf3621b			2026-04-27T09:21:04.935141+00:00	sanctoral
89a1a110-1ecf-5df4-a273-5b0fbe82e06a	2276	Mauritius (Adventus reliquiarum)		f2aa370f-fe32-5793-bf4d-911cfbf3621b			2026-04-27T09:21:04.935141+00:00	sanctoral
524eb58a-e734-581b-a52f-159073f16048	2277	Mauritius (Infra octavas)		f2aa370f-fe32-5793-bf4d-911cfbf3621b			2026-04-27T09:21:04.935141+00:00	sanctoral
de76f298-9f26-541f-8acc-4b0df1d14e27	2278	Mauritius (Inventio)		f2aa370f-fe32-5793-bf4d-911cfbf3621b			2026-04-27T09:21:04.935141+00:00	sanctoral
68153567-112e-5c1f-8366-bbb6fa4479c2	2279	Mauritius (Octava)		f2aa370f-fe32-5793-bf4d-911cfbf3621b			2026-04-27T09:21:04.935141+00:00	sanctoral
9e92b3a3-a825-5650-ad4e-02048e343849	2280	Mauritius (Revelatio)		f2aa370f-fe32-5793-bf4d-911cfbf3621b			2026-04-27T09:21:04.935141+00:00	sanctoral
ac511cf2-59e0-55ae-af06-e8f87aed0127	2281	Mauritius (Translatio)		f2aa370f-fe32-5793-bf4d-911cfbf3621b			2026-04-27T09:21:04.935141+00:00	sanctoral
a5b281ce-dcf3-5291-be42-e3e22cd57329	2282	Mauritius episcopus		f2aa370f-fe32-5793-bf4d-911cfbf3621b			2026-04-27T09:21:04.935141+00:00	sanctoral
fac9ea72-fc76-525a-a2c5-e42765a384a3	2283	Maurontus Massiliensis		f2aa370f-fe32-5793-bf4d-911cfbf3621b			2026-04-27T09:21:04.935141+00:00	sanctoral
aa044b90-a0f4-57ee-b4bc-8b4d315c5569	2284	Maurontus Massiliensis (Octava)		f2aa370f-fe32-5793-bf4d-911cfbf3621b			2026-04-27T09:21:04.935141+00:00	sanctoral
1e6cdc28-12f6-5af7-97fe-e7b9e2970d2a	2285	Maurus		f2aa370f-fe32-5793-bf4d-911cfbf3621b			2026-04-27T09:21:04.935141+00:00	sanctoral
5217e0e3-aef9-56a7-84e5-90c45d2f1ad2	2286	Maurus Subiacensis (Translatio)		f2aa370f-fe32-5793-bf4d-911cfbf3621b			2026-04-27T09:21:04.935141+00:00	sanctoral
520ae1bd-c2c1-5192-a16c-9d481ead2172	2287	Maxellendis		f2aa370f-fe32-5793-bf4d-911cfbf3621b			2026-04-27T09:21:04.935141+00:00	sanctoral
20888111-ef82-5aca-898a-6d2a34eca81b	2288	Maxentia		f2aa370f-fe32-5793-bf4d-911cfbf3621b			2026-04-27T09:21:04.935141+00:00	sanctoral
69f80d92-80c0-5659-a8b6-e3a3138ca1c4	2289	Maxentius		f2aa370f-fe32-5793-bf4d-911cfbf3621b			2026-04-27T09:21:04.935141+00:00	sanctoral
81fcdb42-fc28-5aea-bc84-19bf04329771	2290	Maxentius Lemovicensis		f2aa370f-fe32-5793-bf4d-911cfbf3621b			2026-04-27T09:21:04.935141+00:00	sanctoral
382b703f-0b11-52b9-b27b-4719dd0c9e83	2291	Maxianus		f2aa370f-fe32-5793-bf4d-911cfbf3621b			2026-04-27T09:21:04.935141+00:00	sanctoral
b4da3062-45f4-5897-a2c8-44e8931d6008	2292	Maxima		f2aa370f-fe32-5793-bf4d-911cfbf3621b			2026-04-27T09:21:04.935141+00:00	sanctoral
67fd9812-4811-51ea-b49c-dcc5bd2a6bf4	2293	Maxima Sirmiensis		f2aa370f-fe32-5793-bf4d-911cfbf3621b			2026-04-27T09:21:04.935141+00:00	sanctoral
59122406-4d3f-56c5-a193-f8b9e4384a1a	2294	Maximianus		f2aa370f-fe32-5793-bf4d-911cfbf3621b			2026-04-27T09:21:04.935141+00:00	sanctoral
b2de7ba4-6b7e-56c8-84db-34349643ce78	2295	Maximianus (Octava)		f2aa370f-fe32-5793-bf4d-911cfbf3621b			2026-04-27T09:21:04.935141+00:00	sanctoral
96ae5ca9-a43c-5cfa-92e9-025d5581d8fb	2296	Maximianus episcopus		f2aa370f-fe32-5793-bf4d-911cfbf3621b			2026-04-27T09:21:04.935141+00:00	sanctoral
3516a61b-f46d-5e5d-be93-caa3fc3c1e49	2297	Maximilianus		f2aa370f-fe32-5793-bf4d-911cfbf3621b			2026-04-27T09:21:04.935141+00:00	sanctoral
edc9fd4f-93d9-5e29-8f4b-cde2f588c4ca	2298	Maximinus		f2aa370f-fe32-5793-bf4d-911cfbf3621b			2026-04-27T09:21:04.935141+00:00	sanctoral
0e3f02d2-5e3e-526b-b26b-877e2f75a502	2299	Maximinus abbas		f2aa370f-fe32-5793-bf4d-911cfbf3621b			2026-04-27T09:21:04.935141+00:00	sanctoral
d9f10e48-4f8a-5880-b972-c1abcf756f78	2300	Maximinus Aquensis		f2aa370f-fe32-5793-bf4d-911cfbf3621b			2026-04-27T09:21:04.935141+00:00	sanctoral
6f1daf28-4c19-589f-9473-8f6862ca9906	2301	Maximinus Aquensis (Octava)		f2aa370f-fe32-5793-bf4d-911cfbf3621b			2026-04-27T09:21:04.935141+00:00	sanctoral
445e08b2-50df-5694-a4ff-09f1f5060029	2302	Maximinus Trevirensis		f2aa370f-fe32-5793-bf4d-911cfbf3621b			2026-04-27T09:21:04.935141+00:00	sanctoral
01d385eb-e374-5665-a619-4e93d6c5a010	2303	Maximinus Trevirensis (Depositio)		f2aa370f-fe32-5793-bf4d-911cfbf3621b			2026-04-27T09:21:04.935141+00:00	sanctoral
f375f49e-08bb-5b0e-8f38-683b818058c3	2304	Maximus		f2aa370f-fe32-5793-bf4d-911cfbf3621b			2026-04-27T09:21:04.935141+00:00	sanctoral
bb8df14a-2e23-5bb8-bdc9-d50abeee60a0	2305	Maximus (Inventio)		f2aa370f-fe32-5793-bf4d-911cfbf3621b			2026-04-27T09:21:04.935141+00:00	sanctoral
3c47d0c7-5854-5c12-93f8-7f2aec431091	2306	Maximus Cordubensis		f2aa370f-fe32-5793-bf4d-911cfbf3621b			2026-04-27T09:21:04.935141+00:00	sanctoral
608a1a86-ef81-59a6-8154-b4ac4e37c600	2307	Maximus dispensator		f2aa370f-fe32-5793-bf4d-911cfbf3621b			2026-04-27T09:21:04.935141+00:00	sanctoral
ea2d49a2-eab8-5129-9d64-8803b9e62f24	2308	Maximus Regiensis		f2aa370f-fe32-5793-bf4d-911cfbf3621b			2026-04-27T09:21:04.935141+00:00	sanctoral
9318ee7d-d3eb-5189-bf88-f2602299dcf7	2309	Maximus Regiensis (Octava)		f2aa370f-fe32-5793-bf4d-911cfbf3621b			2026-04-27T09:21:04.935141+00:00	sanctoral
7a8427b4-4d55-55dc-ad19-e11c1e469a27	2310	Maximus Regiensis (Ostensio Octava)		f2aa370f-fe32-5793-bf4d-911cfbf3621b			2026-04-27T09:21:04.935141+00:00	sanctoral
3d2a5934-24cd-59a3-996a-24bc8bd53bed	2311	Maximus Regiensis (Ostensio)		f2aa370f-fe32-5793-bf4d-911cfbf3621b			2026-04-27T09:21:04.935141+00:00	sanctoral
16d66141-73f7-575b-bf8b-e9b02fb5bfad	2312	Mayra		f2aa370f-fe32-5793-bf4d-911cfbf3621b			2026-04-27T09:21:04.935141+00:00	sanctoral
7b6b2dcc-db24-5446-ad53-36ccfc0285b0	2313	Medardus		f2aa370f-fe32-5793-bf4d-911cfbf3621b			2026-04-27T09:21:04.935141+00:00	sanctoral
7afcc223-3f28-59e6-a1dc-1a3e520887c6	2314	Medardus (Infra octavas)		f2aa370f-fe32-5793-bf4d-911cfbf3621b			2026-04-27T09:21:04.935141+00:00	sanctoral
283b8547-2034-584a-a3b3-bc415cd4bbdc	2315	Medardus (Octava)		f2aa370f-fe32-5793-bf4d-911cfbf3621b			2026-04-27T09:21:04.935141+00:00	sanctoral
2edb1f40-7b77-54e5-900f-9083f0e49e93	2316	Medericus		f2aa370f-fe32-5793-bf4d-911cfbf3621b			2026-04-27T09:21:04.935141+00:00	sanctoral
1ee15034-33ab-5f14-b2a2-af0bea3bab90	2317	Medulphus		f2aa370f-fe32-5793-bf4d-911cfbf3621b			2026-04-27T09:21:04.935141+00:00	sanctoral
9e2265f1-b2c9-5f10-b074-b51e647f43b3	2318	Meginradus		f2aa370f-fe32-5793-bf4d-911cfbf3621b			2026-04-27T09:21:04.935141+00:00	sanctoral
bac85758-0ac7-5029-9dc7-97243884c66f	2319	Meinolfus		f2aa370f-fe32-5793-bf4d-911cfbf3621b			2026-04-27T09:21:04.935141+00:00	sanctoral
d86427c6-474c-595c-9833-1740b14080f6	2320	Melanius		f2aa370f-fe32-5793-bf4d-911cfbf3621b			2026-04-27T09:21:04.935141+00:00	sanctoral
08f8f9cc-7243-51a0-8cb3-8162aa99b479	2321	Melanus		f2aa370f-fe32-5793-bf4d-911cfbf3621b			2026-04-27T09:21:04.935141+00:00	sanctoral
86d052b9-0be5-5b90-a483-a895238ef9ad	2322	Melchiades		f2aa370f-fe32-5793-bf4d-911cfbf3621b			2026-04-27T09:21:04.935141+00:00	sanctoral
61923099-8f68-50da-b34f-79f797514d80	2323	Meleosippus		f2aa370f-fe32-5793-bf4d-911cfbf3621b			2026-04-27T09:21:04.935141+00:00	sanctoral
a40d5c52-f691-5980-8764-f453e276ca61	2324	Meleosippus (Inventio)		f2aa370f-fe32-5793-bf4d-911cfbf3621b			2026-04-27T09:21:04.935141+00:00	sanctoral
139e28e9-9915-5b97-b17a-6cd383bdb67c	2325	Mellitus		f2aa370f-fe32-5793-bf4d-911cfbf3621b			2026-04-27T09:21:04.935141+00:00	sanctoral
67c88ad2-c150-575f-b20b-9b7208430db3	2326	Mellonus		f2aa370f-fe32-5793-bf4d-911cfbf3621b			2026-04-27T09:21:04.935141+00:00	sanctoral
173314f4-047e-53f2-aa91-c6dbeecc6d54	2327	Melorus		f2aa370f-fe32-5793-bf4d-911cfbf3621b			2026-04-27T09:21:04.935141+00:00	sanctoral
dac592bc-3a7f-55bd-b5a6-afdd9a184c34	2328	Memmius		f2aa370f-fe32-5793-bf4d-911cfbf3621b			2026-04-27T09:21:04.935141+00:00	sanctoral
8f3b9f01-17cf-5523-80f8-6ffb443af166	2329	Memmius (Octava)		f2aa370f-fe32-5793-bf4d-911cfbf3621b			2026-04-27T09:21:04.935141+00:00	sanctoral
989b80ac-822f-58d4-b3a8-1e455f6cb2c8	2330	Memmius (Translatio)		f2aa370f-fe32-5793-bf4d-911cfbf3621b			2026-04-27T09:21:04.935141+00:00	sanctoral
d66ab7d4-ed1e-5749-ae72-1129b2151e79	2331	Memorius		f2aa370f-fe32-5793-bf4d-911cfbf3621b			2026-04-27T09:21:04.935141+00:00	sanctoral
11a471da-268d-57db-8f25-a86eaf86ae50	2332	Menelaus		f2aa370f-fe32-5793-bf4d-911cfbf3621b			2026-04-27T09:21:04.935141+00:00	sanctoral
82bbd165-f272-561e-ae68-f5f64061a498	2333	Meneleus		f2aa370f-fe32-5793-bf4d-911cfbf3621b			2026-04-27T09:21:04.935141+00:00	sanctoral
2696179b-f281-50aa-903e-9032bc3ca311	2334	Menesius		f2aa370f-fe32-5793-bf4d-911cfbf3621b			2026-04-27T09:21:04.935141+00:00	sanctoral
316fcc99-4811-54d4-89db-17a4174eb95a	2335	Mengoldus		f2aa370f-fe32-5793-bf4d-911cfbf3621b			2026-04-27T09:21:04.935141+00:00	sanctoral
fb744b52-6b78-5ebe-80e0-5d7a33c9c6f3	2336	Mengoldus (Translatio)		f2aa370f-fe32-5793-bf4d-911cfbf3621b			2026-04-27T09:21:04.935141+00:00	sanctoral
12a53c6e-099c-57ab-b57a-ded0e8c99300	2337	Mennas		f2aa370f-fe32-5793-bf4d-911cfbf3621b			2026-04-27T09:21:04.935141+00:00	sanctoral
1c66794b-ff2a-518f-9954-6f10c89ca8cc	2338	Menulphus		f2aa370f-fe32-5793-bf4d-911cfbf3621b			2026-04-27T09:21:04.935141+00:00	sanctoral
3757acd7-1157-5797-865f-88f0111ace4e	2339	Mera de Lactora		f2aa370f-fe32-5793-bf4d-911cfbf3621b			2026-04-27T09:21:04.935141+00:00	sanctoral
9b2e3fc5-bb05-5583-bd5f-9e6d222f349c	2340	Mercurius		f2aa370f-fe32-5793-bf4d-911cfbf3621b			2026-04-27T09:21:04.935141+00:00	sanctoral
e795b497-e372-52f6-a93b-6c73a045b951	2341	Mereadocus		f2aa370f-fe32-5793-bf4d-911cfbf3621b			2026-04-27T09:21:04.935141+00:00	sanctoral
6dc9c4a8-478a-539c-8daa-419e5bad508a	2342	Methodius		f2aa370f-fe32-5793-bf4d-911cfbf3621b			2026-04-27T09:21:04.935141+00:00	sanctoral
774ec69d-cd2d-5ffe-bbee-ac1332f24bf8	2343	Metranus		f2aa370f-fe32-5793-bf4d-911cfbf3621b			2026-04-27T09:21:04.935141+00:00	sanctoral
a3a0a90e-e926-5f78-92fc-0d4f0b9e29b9	2344	Metropolus		f2aa370f-fe32-5793-bf4d-911cfbf3621b			2026-04-27T09:21:04.935141+00:00	sanctoral
ce73e77b-bb4d-57dd-961b-5d6a458241a8	2345	Mevennus		f2aa370f-fe32-5793-bf4d-911cfbf3621b			2026-04-27T09:21:04.935141+00:00	sanctoral
de13afc3-a080-53ee-9deb-da67ba9a969d	2346	Michael		f2aa370f-fe32-5793-bf4d-911cfbf3621b			2026-04-27T09:21:04.935141+00:00	sanctoral
11211c0a-d537-5bb5-939f-fc2e0981bb9c	2347	Michael (Apparitio)		f2aa370f-fe32-5793-bf4d-911cfbf3621b			2026-04-27T09:21:04.935141+00:00	sanctoral
55ee650a-741c-50e4-934c-a5d746b0d44d	2348	Michael (Infra octavas)		f2aa370f-fe32-5793-bf4d-911cfbf3621b			2026-04-27T09:21:04.935141+00:00	sanctoral
03ebd8b9-8fb5-5a1e-92ab-399a480ea061	2349	Michael (Octava)		f2aa370f-fe32-5793-bf4d-911cfbf3621b			2026-04-27T09:21:04.935141+00:00	sanctoral
d50dcde6-f10f-51be-8f98-70fe3ab0af03	2350	Michael (Vigilia)		f2aa370f-fe32-5793-bf4d-911cfbf3621b			2026-04-27T09:21:04.935141+00:00	sanctoral
c3baf8a0-bda8-52d2-b0dd-4c63835f5473	2351	Michael in Tumba		f2aa370f-fe32-5793-bf4d-911cfbf3621b			2026-04-27T09:21:04.935141+00:00	sanctoral
f052e138-bb5c-5332-972e-2230799b8a8c	2352	Micharius		f2aa370f-fe32-5793-bf4d-911cfbf3621b			2026-04-27T09:21:04.935141+00:00	sanctoral
b226264c-12a7-53c1-aced-58585e52d3b0	2353	Michasius		f2aa370f-fe32-5793-bf4d-911cfbf3621b			2026-04-27T09:21:04.935141+00:00	sanctoral
6141d928-ecab-52fa-8d5e-03fdce3f81cf	2354	Milburga		f2aa370f-fe32-5793-bf4d-911cfbf3621b			2026-04-27T09:21:04.935141+00:00	sanctoral
d0a414df-305a-509a-90a9-c7dfbcc047f1	2355	Mildreda		f2aa370f-fe32-5793-bf4d-911cfbf3621b			2026-04-27T09:21:04.935141+00:00	sanctoral
8d2d360d-c710-5477-9d02-39feceb0ac55	2356	Miletus		f2aa370f-fe32-5793-bf4d-911cfbf3621b			2026-04-27T09:21:04.935141+00:00	sanctoral
cb8eb82b-0dd0-5baf-9e5f-16e61a2a98a0	2357	Minervus		f2aa370f-fe32-5793-bf4d-911cfbf3621b			2026-04-27T09:21:04.935141+00:00	sanctoral
1b0c25f0-1fc2-5a5f-a462-e63aaac4507c	2358	Minias		f2aa370f-fe32-5793-bf4d-911cfbf3621b			2026-04-27T09:21:04.935141+00:00	sanctoral
f531bbb0-49f6-5c59-807e-b8eaae0b2a51	2359	Miraculum BMV		f2aa370f-fe32-5793-bf4d-911cfbf3621b			2026-04-27T09:21:04.935141+00:00	sanctoral
be9d5f61-1dc8-5687-a6bb-22cdf05460e7	2360	Mirocles		f2aa370f-fe32-5793-bf4d-911cfbf3621b			2026-04-27T09:21:04.935141+00:00	sanctoral
1815a5df-40ec-5ee1-be41-57adea0ad20d	2361	Misael		f2aa370f-fe32-5793-bf4d-911cfbf3621b			2026-04-27T09:21:04.935141+00:00	sanctoral
0f0b943a-4319-50a6-8956-f6bd3b523d3d	2362	Missa votiva		f2aa370f-fe32-5793-bf4d-911cfbf3621b			2026-04-27T09:21:04.935141+00:00	sanctoral
d8149594-6c40-593a-8c93-331d59f36a51	2363	Mitrias Aquensis		f2aa370f-fe32-5793-bf4d-911cfbf3621b			2026-04-27T09:21:04.935141+00:00	sanctoral
aa7d2819-1c61-52a3-8a8f-bd067f6e1d1a	2364	Mitrias Aquensis (Octava)		f2aa370f-fe32-5793-bf4d-911cfbf3621b			2026-04-27T09:21:04.935141+00:00	sanctoral
e257d8f7-6721-5190-a429-b31adf676641	2365	Mitrias Aquensis (Translatio)		f2aa370f-fe32-5793-bf4d-911cfbf3621b			2026-04-27T09:21:04.935141+00:00	sanctoral
ffcedc80-d113-5ad2-9d3b-6c5454cf7a86	2366	Moderandus		f2aa370f-fe32-5793-bf4d-911cfbf3621b			2026-04-27T09:21:04.935141+00:00	sanctoral
32447d3f-5d3a-555c-8a4e-9f5433fa5f5d	2367	Moderandus (Translatio)		f2aa370f-fe32-5793-bf4d-911cfbf3621b			2026-04-27T09:21:04.935141+00:00	sanctoral
335cba67-fe68-561e-8305-9a3d8379bd36	2368	Modesta		f2aa370f-fe32-5793-bf4d-911cfbf3621b			2026-04-27T09:21:04.935141+00:00	sanctoral
83f692f6-9204-523d-99d9-4dc6046c420b	2369	Modestus		f2aa370f-fe32-5793-bf4d-911cfbf3621b			2026-04-27T09:21:04.935141+00:00	sanctoral
c9abf8c6-9edb-508f-b780-33938794e30c	2370	Modestus (Octava)		f2aa370f-fe32-5793-bf4d-911cfbf3621b			2026-04-27T09:21:04.935141+00:00	sanctoral
0638dde9-e32f-52c7-8887-20972823d741	2371	Modoaldus		f2aa370f-fe32-5793-bf4d-911cfbf3621b			2026-04-27T09:21:04.935141+00:00	sanctoral
396d6003-6425-54f4-8fd1-5085c47fab45	2372	Monas		f2aa370f-fe32-5793-bf4d-911cfbf3621b			2026-04-27T09:21:04.935141+00:00	sanctoral
ffd52862-2e36-5fbe-aee5-ad953d5ae980	2373	Monegundis		f2aa370f-fe32-5793-bf4d-911cfbf3621b			2026-04-27T09:21:04.935141+00:00	sanctoral
21188591-e5e9-580e-bfad-622893620a9a	2374	Monica		f2aa370f-fe32-5793-bf4d-911cfbf3621b			2026-04-27T09:21:04.935141+00:00	sanctoral
867ee079-cc54-5d48-a261-e4507f9dec8f	2375	Monica (Translatio)		f2aa370f-fe32-5793-bf4d-911cfbf3621b			2026-04-27T09:21:04.935141+00:00	sanctoral
560e74bd-64e9-5638-a152-de204e6e0b53	2376	Monitor		f2aa370f-fe32-5793-bf4d-911cfbf3621b			2026-04-27T09:21:04.935141+00:00	sanctoral
784917a9-02ae-573b-89c4-29522690636b	2377	Mono		f2aa370f-fe32-5793-bf4d-911cfbf3621b			2026-04-27T09:21:04.935141+00:00	sanctoral
f9b17d05-c8fe-5eb5-afe0-3fac2542ae1d	2378	Montanus		f2aa370f-fe32-5793-bf4d-911cfbf3621b			2026-04-27T09:21:04.935141+00:00	sanctoral
ecb52f35-a66f-5234-91fc-67aef1647cba	2379	Montanus Sirmiensis		f2aa370f-fe32-5793-bf4d-911cfbf3621b			2026-04-27T09:21:04.935141+00:00	sanctoral
5d8dcd1f-e9d9-5803-abc8-4a6a949011b0	2380	Monulphus		f2aa370f-fe32-5793-bf4d-911cfbf3621b			2026-04-27T09:21:04.935141+00:00	sanctoral
68195004-bafa-59b2-a702-bfd4ce9dd069	2381	Morandus		f2aa370f-fe32-5793-bf4d-911cfbf3621b			2026-04-27T09:21:04.935141+00:00	sanctoral
719f6a4e-8105-5f7d-8bde-dbc260f9a5b0	2382	Moyses abbas		f2aa370f-fe32-5793-bf4d-911cfbf3621b			2026-04-27T09:21:04.935141+00:00	sanctoral
ed26312c-499c-5c72-9815-14bf1c832cc7	2383	Mucius		f2aa370f-fe32-5793-bf4d-911cfbf3621b			2026-04-27T09:21:04.935141+00:00	sanctoral
86867c2f-35d6-585d-b96f-6e25d3b89c91	2384	Mummolenus		f2aa370f-fe32-5793-bf4d-911cfbf3621b			2026-04-27T09:21:04.935141+00:00	sanctoral
fd8e0921-c5bd-5e3c-a47f-cbcac9d593ee	2385	Mummolus		f2aa370f-fe32-5793-bf4d-911cfbf3621b			2026-04-27T09:21:04.935141+00:00	sanctoral
d906708f-3eb4-5a5d-94c9-888ce30a2ad5	2386	Musca		f2aa370f-fe32-5793-bf4d-911cfbf3621b			2026-04-27T09:21:04.935141+00:00	sanctoral
dadf85dd-ca23-5de2-8ef4-6ff2b7a532e9	2387	Mustiola		f2aa370f-fe32-5793-bf4d-911cfbf3621b			2026-04-27T09:21:04.935141+00:00	sanctoral
6c4c534a-c788-5d43-95f7-093df23d5531	2388	Nabor		f2aa370f-fe32-5793-bf4d-911cfbf3621b			2026-04-27T09:21:04.935141+00:00	sanctoral
51a3bd37-3926-5617-8274-7840a894e420	2389	Nabor (Translatio)		f2aa370f-fe32-5793-bf4d-911cfbf3621b			2026-04-27T09:21:04.935141+00:00	sanctoral
3060a215-b3b8-567d-a231-c6c31d3f822b	2390	Nabor (Vigilia)		f2aa370f-fe32-5793-bf4d-911cfbf3621b			2026-04-27T09:21:04.935141+00:00	sanctoral
2209b453-4066-5e1b-89b5-3e4bb34d639b	2391	Nabundus et socii		f2aa370f-fe32-5793-bf4d-911cfbf3621b			2026-04-27T09:21:04.935141+00:00	sanctoral
1094cc37-56f8-59e9-9a88-44164e2a8b7d	2392	Namphasius		f2aa370f-fe32-5793-bf4d-911cfbf3621b			2026-04-27T09:21:04.935141+00:00	sanctoral
e676fe20-e298-51ab-b6a2-d3ab5312a48d	2393	Narcissus		f2aa370f-fe32-5793-bf4d-911cfbf3621b			2026-04-27T09:21:04.935141+00:00	sanctoral
e1122bbb-22c7-5bdd-8182-99584268add9	2394	Narcissus (Octava)		f2aa370f-fe32-5793-bf4d-911cfbf3621b			2026-04-27T09:21:04.935141+00:00	sanctoral
e4abfdee-f08f-53e7-8b13-94ca0ee9f962	2395	Nat		f2aa370f-fe32-5793-bf4d-911cfbf3621b			2026-04-27T09:21:04.935141+00:00	sanctoral
50003d72-a7f3-579c-a7d9-8ab2b8eb415f	2396	Natalia		f2aa370f-fe32-5793-bf4d-911cfbf3621b			2026-04-27T09:21:04.935141+00:00	sanctoral
7d49a936-0c0d-5224-9adc-2427906c384d	2397	Natalia martyr Cordubae		f2aa370f-fe32-5793-bf4d-911cfbf3621b			2026-04-27T09:21:04.935141+00:00	sanctoral
a5785a71-d9ee-50dc-a777-639164f4dd0d	2398	Nativitas		f2aa370f-fe32-5793-bf4d-911cfbf3621b			2026-04-27T09:21:04.935141+00:00	sanctoral
e30cbc82-7eb2-5beb-8e45-e37031ea2df1	2399	Nativitas (Die 2)		f2aa370f-fe32-5793-bf4d-911cfbf3621b			2026-04-27T09:21:04.935141+00:00	sanctoral
9681e4c3-9f82-52b9-901d-14a18fb2d1d4	2400	Nativitas (Die 3)		f2aa370f-fe32-5793-bf4d-911cfbf3621b			2026-04-27T09:21:04.935141+00:00	sanctoral
5a6769cd-d5eb-5e21-9e25-87baf73baa38	2401	Nativitas (Die 4)		f2aa370f-fe32-5793-bf4d-911cfbf3621b			2026-04-27T09:21:04.935141+00:00	sanctoral
0f27a76d-0d3f-5129-9769-db59fcc2fe7d	2402	Nativitas (Die 5)		f2aa370f-fe32-5793-bf4d-911cfbf3621b			2026-04-27T09:21:04.935141+00:00	sanctoral
b04a6ad9-08cb-5432-8a80-d929a0820b7a	2403	Nativitas (Die 6)		f2aa370f-fe32-5793-bf4d-911cfbf3621b			2026-04-27T09:21:04.935141+00:00	sanctoral
4d194bb0-65ac-5a77-81e1-2dbedb68bcef	2404	Nativitas (Die 7)		f2aa370f-fe32-5793-bf4d-911cfbf3621b			2026-04-27T09:21:04.935141+00:00	sanctoral
a0bf15a0-8434-5ce1-bec6-612a97cccca1	2405	Nativitas (Infra octavas)		f2aa370f-fe32-5793-bf4d-911cfbf3621b			2026-04-27T09:21:04.935141+00:00	sanctoral
a38af4f9-bbf3-50e3-8273-609ad9359c39	2406	Nativitas (Octava)		f2aa370f-fe32-5793-bf4d-911cfbf3621b			2026-04-27T09:21:04.935141+00:00	sanctoral
6d9746f7-b0c8-5c36-8706-21518940de54	2407	Nativitas (Vigilia)		f2aa370f-fe32-5793-bf4d-911cfbf3621b			2026-04-27T09:21:04.935141+00:00	sanctoral
ce198a76-0046-596b-b9a6-a502bce7e73c	2408	Nativitas BMV		f2aa370f-fe32-5793-bf4d-911cfbf3621b			2026-04-27T09:21:04.935141+00:00	sanctoral
70064b00-24a7-56f7-96f7-e129705e6fbc	2409	Nativitas BMV (Dominica infra octavas)		f2aa370f-fe32-5793-bf4d-911cfbf3621b			2026-04-27T09:21:04.935141+00:00	sanctoral
7b0f775e-1eb0-5bf4-abd6-b5bb0f131ee7	2410	Nativitas BMV (Infra octavas)		f2aa370f-fe32-5793-bf4d-911cfbf3621b			2026-04-27T09:21:04.935141+00:00	sanctoral
8a8c4afe-9acc-5dd4-a9fb-31abff0531f4	2411	Nativitas BMV (Octava)		f2aa370f-fe32-5793-bf4d-911cfbf3621b			2026-04-27T09:21:04.935141+00:00	sanctoral
a3b240cc-435b-58b5-99d4-ff12a3c15292	2412	Nativitas BMV (Vigilia)		f2aa370f-fe32-5793-bf4d-911cfbf3621b			2026-04-27T09:21:04.935141+00:00	sanctoral
8f8337be-e30f-51c0-9cc5-0de41bbcdd4e	2413	Navalis		f2aa370f-fe32-5793-bf4d-911cfbf3621b			2026-04-27T09:21:04.935141+00:00	sanctoral
0d4568d5-6ae1-5ae2-b672-8e766913207f	2414	Navitus		f2aa370f-fe32-5793-bf4d-911cfbf3621b			2026-04-27T09:21:04.935141+00:00	sanctoral
f3e3032f-9f62-5f29-bb49-be77e8987d92	2415	Nazarius		f2aa370f-fe32-5793-bf4d-911cfbf3621b			2026-04-27T09:21:04.935141+00:00	sanctoral
50a11877-e102-5357-9239-95f10ab5068f	2416	Nazarius (Infra octavas)		f2aa370f-fe32-5793-bf4d-911cfbf3621b			2026-04-27T09:21:04.935141+00:00	sanctoral
a2cfe081-4040-5bc4-a1d5-01683613c471	2417	Nazarius (Octava)		f2aa370f-fe32-5793-bf4d-911cfbf3621b			2026-04-27T09:21:04.935141+00:00	sanctoral
677f78e2-7523-5d55-b6d4-34c455e69eb3	2418	Nazarius (Translatio)		f2aa370f-fe32-5793-bf4d-911cfbf3621b			2026-04-27T09:21:04.935141+00:00	sanctoral
bbf699d7-df32-5112-ae8a-1e4cd165b040	2419	Nazarius (Vigilia)		f2aa370f-fe32-5793-bf4d-911cfbf3621b			2026-04-27T09:21:04.935141+00:00	sanctoral
5566269a-ac7c-5526-b6d6-b46dcdc987a2	2420	Nectarius		f2aa370f-fe32-5793-bf4d-911cfbf3621b			2026-04-27T09:21:04.935141+00:00	sanctoral
6cfcf6d8-67b2-5e84-b1f9-5d0745ccbcb1	2421	Nemesianus		f2aa370f-fe32-5793-bf4d-911cfbf3621b			2026-04-27T09:21:04.935141+00:00	sanctoral
5b4c3efc-3038-5aeb-bb8f-6b9a5c835e23	2422	Nemesius		f2aa370f-fe32-5793-bf4d-911cfbf3621b			2026-04-27T09:21:04.935141+00:00	sanctoral
2864153b-557e-5bbc-8abb-f599a12dee6a	2423	Nemogenes		f2aa370f-fe32-5793-bf4d-911cfbf3621b			2026-04-27T09:21:04.935141+00:00	sanctoral
e07d61e1-b971-50d5-b79e-a3d2935a9b98	2424	Neomadia		f2aa370f-fe32-5793-bf4d-911cfbf3621b			2026-04-27T09:21:04.935141+00:00	sanctoral
ddf813e2-6857-515d-b930-d00caffc3e61	2425	Neophita		f2aa370f-fe32-5793-bf4d-911cfbf3621b			2026-04-27T09:21:04.935141+00:00	sanctoral
3b1ac299-6a3d-59ac-85cc-b9d340882e94	2426	Nereus		f2aa370f-fe32-5793-bf4d-911cfbf3621b			2026-04-27T09:21:04.935141+00:00	sanctoral
d442a10b-cc35-5295-876d-2e4287e0ccb6	2427	Nero		f2aa370f-fe32-5793-bf4d-911cfbf3621b			2026-04-27T09:21:04.935141+00:00	sanctoral
5dbec0b5-fbd1-583a-8329-a5d1f04313bc	2428	Nestor		f2aa370f-fe32-5793-bf4d-911cfbf3621b			2026-04-27T09:21:04.935141+00:00	sanctoral
935e63d2-a9b8-5f1a-9d14-b58824d7c335	2429	Nicander		f2aa370f-fe32-5793-bf4d-911cfbf3621b			2026-04-27T09:21:04.935141+00:00	sanctoral
ee7278a6-1efd-50f2-ba65-da812b9c0bce	2430	Nicandrus		f2aa370f-fe32-5793-bf4d-911cfbf3621b			2026-04-27T09:21:04.935141+00:00	sanctoral
d651e4e8-5f48-5968-855f-1a465330dfc1	2431	Nicanorus		f2aa370f-fe32-5793-bf4d-911cfbf3621b			2026-04-27T09:21:04.935141+00:00	sanctoral
794ac6e2-b014-504d-84fb-3e1eabaa0116	2432	Nicardus		f2aa370f-fe32-5793-bf4d-911cfbf3621b			2026-04-27T09:21:04.935141+00:00	sanctoral
02e1c39d-afaf-5df0-b5bf-ac5502d0129f	2433	Nicasius		f2aa370f-fe32-5793-bf4d-911cfbf3621b			2026-04-27T09:21:04.935141+00:00	sanctoral
563a5a51-1f23-5824-b7c9-876c952391ce	2434	Nicasius Remensis		f2aa370f-fe32-5793-bf4d-911cfbf3621b			2026-04-27T09:21:04.935141+00:00	sanctoral
1d35cf62-f6ef-50ee-a3d6-368d54411fcb	2435	Nicasius Remensis (Translatio)		f2aa370f-fe32-5793-bf4d-911cfbf3621b			2026-04-27T09:21:04.935141+00:00	sanctoral
01606934-d1f0-59c7-968a-c9d0e8d4abd2	2436	Nicasius Rothomagensis		f2aa370f-fe32-5793-bf4d-911cfbf3621b			2026-04-27T09:21:04.935141+00:00	sanctoral
f2d47e35-5a8c-5019-88cf-8b5392fcb199	2437	Nicasius Rothomagensis (Infra octavas)		f2aa370f-fe32-5793-bf4d-911cfbf3621b			2026-04-27T09:21:04.935141+00:00	sanctoral
45e004fd-6c1a-54f5-bf73-627a290a2350	2438	Nicasius Rothomagensis (Octava)		f2aa370f-fe32-5793-bf4d-911cfbf3621b			2026-04-27T09:21:04.935141+00:00	sanctoral
05a4c9b8-7e70-591b-8385-e1be6953fa31	2439	Nicephorus		f2aa370f-fe32-5793-bf4d-911cfbf3621b			2026-04-27T09:21:04.935141+00:00	sanctoral
52dd8051-0c3b-5f41-a812-887f778685b3	2440	Nicetius		f2aa370f-fe32-5793-bf4d-911cfbf3621b			2026-04-27T09:21:04.935141+00:00	sanctoral
9d1d02d9-778b-5f75-a9e7-9827338a7d17	2441	Nicodemus (Inventio)		f2aa370f-fe32-5793-bf4d-911cfbf3621b			2026-04-27T09:21:04.935141+00:00	sanctoral
b5ee92e5-b588-52d2-bd32-8cc4c8bc2226	2442	Nicolaus		f2aa370f-fe32-5793-bf4d-911cfbf3621b			2026-04-27T09:21:04.935141+00:00	sanctoral
9a7eb831-7bb1-5e07-a633-77ea68696d6a	2443	Nicolaus (Initium signorum)		f2aa370f-fe32-5793-bf4d-911cfbf3621b			2026-04-27T09:21:04.935141+00:00	sanctoral
d813c0a6-b3c9-5bdc-be21-1d404f3e7666	2444	Nicolaus (Octava)		f2aa370f-fe32-5793-bf4d-911cfbf3621b			2026-04-27T09:21:04.935141+00:00	sanctoral
b48be551-b3de-5eae-b325-0df5e40b5e69	2445	Nicolaus (Ordinatio)		f2aa370f-fe32-5793-bf4d-911cfbf3621b			2026-04-27T09:21:04.935141+00:00	sanctoral
0798a24e-b0d8-561c-a60a-07340bdb0fab	2446	Nicolaus (Translatio)		f2aa370f-fe32-5793-bf4d-911cfbf3621b			2026-04-27T09:21:04.935141+00:00	sanctoral
11508fe7-9e27-511d-9149-f5ab045cc2ad	2447	Nicolaus de Tolentino		f2aa370f-fe32-5793-bf4d-911cfbf3621b			2026-04-27T09:21:04.935141+00:00	sanctoral
549c7aa0-283c-5b00-b1b3-a669049189fb	2448	Nicomedes		f2aa370f-fe32-5793-bf4d-911cfbf3621b			2026-04-27T09:21:04.935141+00:00	sanctoral
fa986c07-0b9a-51d9-b333-b146e0ed1a3a	2449	Nicostratus		f2aa370f-fe32-5793-bf4d-911cfbf3621b			2026-04-27T09:21:04.935141+00:00	sanctoral
ae67a26a-35fe-58d9-b2c9-aa09bf942a5a	2450	Nilus		f2aa370f-fe32-5793-bf4d-911cfbf3621b			2026-04-27T09:21:04.935141+00:00	sanctoral
8568f088-5aa0-52d0-a158-15c5df3cfbf4	2451	Nivardus		f2aa370f-fe32-5793-bf4d-911cfbf3621b			2026-04-27T09:21:04.935141+00:00	sanctoral
89ca0a91-eb2a-561e-8c81-566ef977b35b	2452	Nomen Iesu (Infra octavas)		f2aa370f-fe32-5793-bf4d-911cfbf3621b			2026-04-27T09:21:04.935141+00:00	sanctoral
35d73d94-8223-58aa-8974-0d31971cd660	2453	Nomen Iesu (Octava)		f2aa370f-fe32-5793-bf4d-911cfbf3621b			2026-04-27T09:21:04.935141+00:00	sanctoral
d98063cc-93f5-5c74-8df8-d516d88a50fe	2454	Nonnosus		f2aa370f-fe32-5793-bf4d-911cfbf3621b			2026-04-27T09:21:04.935141+00:00	sanctoral
9490a595-db68-52f9-8a35-73dbeb31f5a8	2455	Norbertus		f2aa370f-fe32-5793-bf4d-911cfbf3621b			2026-04-27T09:21:04.935141+00:00	sanctoral
179b0200-e12f-56c9-b4f2-b4ee7dc5b3d1	2456	Novatius		f2aa370f-fe32-5793-bf4d-911cfbf3621b			2026-04-27T09:21:04.935141+00:00	sanctoral
09a63fd8-0fcc-54d1-8bc0-b50be366c937	2457	Numerianus		f2aa370f-fe32-5793-bf4d-911cfbf3621b			2026-04-27T09:21:04.935141+00:00	sanctoral
d9215ecb-3642-5718-8e10-41d600a685e6	2458	Nummius		f2aa370f-fe32-5793-bf4d-911cfbf3621b			2026-04-27T09:21:04.935141+00:00	sanctoral
21342c1c-10a2-5175-ae91-6707128d1806	2459	Nunilo		f2aa370f-fe32-5793-bf4d-911cfbf3621b			2026-04-27T09:21:04.935141+00:00	sanctoral
e46dafa6-c542-55af-ae33-5716ea36a132	2460	Nympha		f2aa370f-fe32-5793-bf4d-911cfbf3621b			2026-04-27T09:21:04.935141+00:00	sanctoral
72a54342-acfd-5af1-8cb8-39cfdacb3a4c	2461	O Sapientia		f2aa370f-fe32-5793-bf4d-911cfbf3621b			2026-04-27T09:21:04.935141+00:00	sanctoral
793841d3-25e7-5a19-ad43-b45c93669a97	2462	Obdulia		f2aa370f-fe32-5793-bf4d-911cfbf3621b			2026-04-27T09:21:04.935141+00:00	sanctoral
5f23405c-1cae-5b11-a7f1-458053d3dde6	2463	Oct.Ep		f2aa370f-fe32-5793-bf4d-911cfbf3621b			2026-04-27T09:21:04.935141+00:00	sanctoral
2a9cfda5-946c-5e85-a96b-b350550a4ea1	2464	Oct.Ep (Vigilia)		f2aa370f-fe32-5793-bf4d-911cfbf3621b			2026-04-27T09:21:04.935141+00:00	sanctoral
10227ba1-8d2a-51c3-a4c8-27c3f40e901e	2465	Oct.Innoc.mm		f2aa370f-fe32-5793-bf4d-911cfbf3621b			2026-04-27T09:21:04.935141+00:00	sanctoral
744e5ef5-1a87-5230-951d-bdda02b8b1e9	2466	Oct.Ioan.ap		f2aa370f-fe32-5793-bf4d-911cfbf3621b			2026-04-27T09:21:04.935141+00:00	sanctoral
82772bb8-2767-5fa3-8e34-0ea94df982d4	2467	Oct.Steph.m		f2aa370f-fe32-5793-bf4d-911cfbf3621b			2026-04-27T09:21:04.935141+00:00	sanctoral
21440b81-378a-5e86-aeb4-5e24ebf23549	2468	Octo		f2aa370f-fe32-5793-bf4d-911cfbf3621b			2026-04-27T09:21:04.935141+00:00	sanctoral
d6ad7533-3b5c-5efd-a025-759f13c562a8	2469	Oda		f2aa370f-fe32-5793-bf4d-911cfbf3621b			2026-04-27T09:21:04.935141+00:00	sanctoral
9555ceea-acab-50b2-af07-18d2a421c314	2470	Odilo Cluniacensis		f2aa370f-fe32-5793-bf4d-911cfbf3621b			2026-04-27T09:21:04.935141+00:00	sanctoral
be6ce2af-5c9a-5861-977b-14759179567b	2471	Odilo Cluniacensis (Inventio)		f2aa370f-fe32-5793-bf4d-911cfbf3621b			2026-04-27T09:21:04.935141+00:00	sanctoral
815ab998-7c98-5bd9-8e14-be38a11305e7	2472	Odo		f2aa370f-fe32-5793-bf4d-911cfbf3621b			2026-04-27T09:21:04.935141+00:00	sanctoral
f53fdaca-71c3-5e32-a8a5-d83106286b21	2473	Odo Urgellensis		f2aa370f-fe32-5793-bf4d-911cfbf3621b			2026-04-27T09:21:04.935141+00:00	sanctoral
e2dac237-c5b5-5e4f-8487-37602e3990e6	2474	Odorius		f2aa370f-fe32-5793-bf4d-911cfbf3621b			2026-04-27T09:21:04.935141+00:00	sanctoral
fbd7b83f-998b-5e2a-af4f-e613968d7bef	2475	Odulphus		f2aa370f-fe32-5793-bf4d-911cfbf3621b			2026-04-27T09:21:04.935141+00:00	sanctoral
30b92961-649d-5128-a67c-fa81db554389	2476	Officium Patronorum		f2aa370f-fe32-5793-bf4d-911cfbf3621b			2026-04-27T09:21:04.935141+00:00	sanctoral
f4b67093-3551-5484-baf7-0e7cf23c2c6d	2477	Olafus (Octava)		f2aa370f-fe32-5793-bf4d-911cfbf3621b			2026-04-27T09:21:04.935141+00:00	sanctoral
5c525494-113c-52ca-9766-a3b79ac3dda8	2478	Olafus (Translatio)		f2aa370f-fe32-5793-bf4d-911cfbf3621b			2026-04-27T09:21:04.935141+00:00	sanctoral
2d376856-7800-5a58-bce4-f8d02ed06323	2479	Olafus (Vigilia)		f2aa370f-fe32-5793-bf4d-911cfbf3621b			2026-04-27T09:21:04.935141+00:00	sanctoral
190e59d8-35ac-5c41-83ed-355818796e00	2480	Olimpiades		f2aa370f-fe32-5793-bf4d-911cfbf3621b			2026-04-27T09:21:04.935141+00:00	sanctoral
2032b867-07f1-5f70-87bb-4b1ad1d5bd0c	2481	Oliva		f2aa370f-fe32-5793-bf4d-911cfbf3621b			2026-04-27T09:21:04.935141+00:00	sanctoral
087a328c-ab9a-5ebf-8330-3eff2b5765d6	2482	Oliveria		f2aa370f-fe32-5793-bf4d-911cfbf3621b			2026-04-27T09:21:04.935141+00:00	sanctoral
d4791f7c-7074-55c7-95e0-f456cd79dcef	2483	Olympius		f2aa370f-fe32-5793-bf4d-911cfbf3621b			2026-04-27T09:21:04.935141+00:00	sanctoral
d313c08c-4cda-573b-9886-885f3735d993	2484	Omnes Sancti (Dominica infra octavas)		f2aa370f-fe32-5793-bf4d-911cfbf3621b			2026-04-27T09:21:04.935141+00:00	sanctoral
eed36f26-0b3b-5b2e-9532-b4413a693ce6	2485	Omnes Sancti (Infra octavas)		f2aa370f-fe32-5793-bf4d-911cfbf3621b			2026-04-27T09:21:04.935141+00:00	sanctoral
7ecb21cb-bad3-514d-b225-5ba98a89668e	2486	Onesimus		f2aa370f-fe32-5793-bf4d-911cfbf3621b			2026-04-27T09:21:04.935141+00:00	sanctoral
aa8666b0-7cb4-5daa-98de-8f2a11d23ff5	2487	Opportuna		f2aa370f-fe32-5793-bf4d-911cfbf3621b			2026-04-27T09:21:04.935141+00:00	sanctoral
9ba1d90f-657e-524b-9875-c0b67642e114	2488	Optatus		f2aa370f-fe32-5793-bf4d-911cfbf3621b			2026-04-27T09:21:04.935141+00:00	sanctoral
df42ac66-7d6a-51c2-86b7-9ee13c08a456	2489	Orientius Auxitanus		f2aa370f-fe32-5793-bf4d-911cfbf3621b			2026-04-27T09:21:04.935141+00:00	sanctoral
e6d9c52c-550d-561a-80d5-db0c9557d251	2490	Orientius Auxitanus (Octava)		f2aa370f-fe32-5793-bf4d-911cfbf3621b			2026-04-27T09:21:04.935141+00:00	sanctoral
ba37f8c4-3796-5e15-a3c1-d82bf009e31d	2491	Oriscus		f2aa370f-fe32-5793-bf4d-911cfbf3621b			2026-04-27T09:21:04.935141+00:00	sanctoral
149f9766-3eb5-5584-9978-79ef4e1765e1	2492	Orontius		f2aa370f-fe32-5793-bf4d-911cfbf3621b			2026-04-27T09:21:04.935141+00:00	sanctoral
59bab1de-9c6a-521b-b759-92a634bbd5be	2493	Orontius (Inventio)		f2aa370f-fe32-5793-bf4d-911cfbf3621b			2026-04-27T09:21:04.935141+00:00	sanctoral
c896f4ec-3039-579e-a499-e97ac26a1ec5	2494	Ositha		f2aa370f-fe32-5793-bf4d-911cfbf3621b			2026-04-27T09:21:04.935141+00:00	sanctoral
cef744ad-7d25-57db-b22e-6aa734db4fa7	2495	Osmarus		f2aa370f-fe32-5793-bf4d-911cfbf3621b			2026-04-27T09:21:04.935141+00:00	sanctoral
50099d3b-fc3d-5736-b9c4-48bf2e8af5b2	2496	Osmundus		f2aa370f-fe32-5793-bf4d-911cfbf3621b			2026-04-27T09:21:04.935141+00:00	sanctoral
5f52214d-cb73-575c-82b5-82ead287baa1	2497	Osmundus (Translatio)		f2aa370f-fe32-5793-bf4d-911cfbf3621b			2026-04-27T09:21:04.935141+00:00	sanctoral
13477539-b41b-5790-a04b-8d911e3224c1	2498	Oswaldus		f2aa370f-fe32-5793-bf4d-911cfbf3621b			2026-04-27T09:21:04.935141+00:00	sanctoral
3e9e15d8-d286-5ade-ba53-618cbaf97d00	2499	Oswaldus episcopus		f2aa370f-fe32-5793-bf4d-911cfbf3621b			2026-04-27T09:21:04.935141+00:00	sanctoral
9af68c45-2aad-52e3-9e4d-c92885aa2286	2500	Oswinus		f2aa370f-fe32-5793-bf4d-911cfbf3621b			2026-04-27T09:21:04.935141+00:00	sanctoral
55c8c716-f7f0-5fdc-82de-1b3ad3660c48	2501	Otgerus		f2aa370f-fe32-5793-bf4d-911cfbf3621b			2026-04-27T09:21:04.935141+00:00	sanctoral
35b77f72-d05a-577c-be7b-c494834b71cc	2502	Othmarus		f2aa370f-fe32-5793-bf4d-911cfbf3621b			2026-04-27T09:21:04.935141+00:00	sanctoral
bd02adbd-bcb0-5854-bf00-2653119d6885	2503	Otho		f2aa370f-fe32-5793-bf4d-911cfbf3621b			2026-04-27T09:21:04.935141+00:00	sanctoral
6e09de8b-9ccd-59d9-8dee-5929d2b862d8	2504	Otto (Octava)		f2aa370f-fe32-5793-bf4d-911cfbf3621b			2026-04-27T09:21:04.935141+00:00	sanctoral
14a28c0c-a96c-542d-9aca-2c5e0001a2c2	2505	Otto (Translatio)		f2aa370f-fe32-5793-bf4d-911cfbf3621b			2026-04-27T09:21:04.935141+00:00	sanctoral
345a9017-9eb5-5e55-94ca-229dbeadf71f	2506	Pachomius		f2aa370f-fe32-5793-bf4d-911cfbf3621b			2026-04-27T09:21:04.935141+00:00	sanctoral
b9680a0b-1119-56e8-9cf5-95bcaa94edf0	2507	Paduinus		f2aa370f-fe32-5793-bf4d-911cfbf3621b			2026-04-27T09:21:04.935141+00:00	sanctoral
7de3d26f-6cb2-5cfd-8fd1-ec9ea9c2059d	2508	Palatinus		f2aa370f-fe32-5793-bf4d-911cfbf3621b			2026-04-27T09:21:04.935141+00:00	sanctoral
b0442ac1-9c87-58dd-aedd-cf12e2e63708	2509	Palentinus		f2aa370f-fe32-5793-bf4d-911cfbf3621b			2026-04-27T09:21:04.935141+00:00	sanctoral
e2899fcb-c438-5cd0-80e0-edebd71a6299	2510	Palladius		f2aa370f-fe32-5793-bf4d-911cfbf3621b			2026-04-27T09:21:04.935141+00:00	sanctoral
5efcb93f-14a6-5646-9ddf-dbc7d1a7dcbe	2511	Pallionus		f2aa370f-fe32-5793-bf4d-911cfbf3621b			2026-04-27T09:21:04.935141+00:00	sanctoral
6e899d35-9eb9-517a-8c83-8643599d620d	2512	Palmatius		f2aa370f-fe32-5793-bf4d-911cfbf3621b			2026-04-27T09:21:04.935141+00:00	sanctoral
2d85e52f-7022-5f8a-814c-1adc312e1a12	2513	Pamphilus		f2aa370f-fe32-5793-bf4d-911cfbf3621b			2026-04-27T09:21:04.935141+00:00	sanctoral
206a33a3-f814-5b2d-bfc1-c31ea05d0bd8	2514	Pancratius		f2aa370f-fe32-5793-bf4d-911cfbf3621b			2026-04-27T09:21:04.935141+00:00	sanctoral
75070b95-2a3c-5988-98bd-1d8e0dd4d076	2515	Pantagathus		f2aa370f-fe32-5793-bf4d-911cfbf3621b			2026-04-27T09:21:04.935141+00:00	sanctoral
14a5b954-f839-56fc-990a-684176014bb4	2516	Pantaleon		f2aa370f-fe32-5793-bf4d-911cfbf3621b			2026-04-27T09:21:04.935141+00:00	sanctoral
a5580451-7906-52ef-a2b8-7f8c2224a205	2517	Pantaleon (Translatio Octava)		f2aa370f-fe32-5793-bf4d-911cfbf3621b			2026-04-27T09:21:04.935141+00:00	sanctoral
5c3fd42d-2e38-53e5-938f-72c6bbfc1eb7	2518	Pantaleon (Translatio)		f2aa370f-fe32-5793-bf4d-911cfbf3621b			2026-04-27T09:21:04.935141+00:00	sanctoral
94d60027-d305-512c-9c7b-f07da1ca7e16	2519	Pantalus		f2aa370f-fe32-5793-bf4d-911cfbf3621b			2026-04-27T09:21:04.935141+00:00	sanctoral
c216f0e0-e457-541a-890a-537934c04272	2520	Pantusius		f2aa370f-fe32-5793-bf4d-911cfbf3621b			2026-04-27T09:21:04.935141+00:00	sanctoral
f7b9d711-c955-5d29-b2df-9ebf947d9a8d	2521	Papa et alii martyres		f2aa370f-fe32-5793-bf4d-911cfbf3621b			2026-04-27T09:21:04.935141+00:00	sanctoral
bdee8caa-7c55-55e8-90aa-217dca45fa0c	2522	Papias		f2aa370f-fe32-5793-bf4d-911cfbf3621b			2026-04-27T09:21:04.935141+00:00	sanctoral
01e7615a-a39f-581d-8eff-d94b6d8dc4e4	2523	Papias Hierapolitanus		f2aa370f-fe32-5793-bf4d-911cfbf3621b			2026-04-27T09:21:04.935141+00:00	sanctoral
e5f29abf-27d4-58e9-ad96-8f1c052d4aef	2524	Papulus martyr		f2aa370f-fe32-5793-bf4d-911cfbf3621b			2026-04-27T09:21:04.935141+00:00	sanctoral
05cf11c0-5346-5952-8155-60b982720bad	2525	Paracodas		f2aa370f-fe32-5793-bf4d-911cfbf3621b			2026-04-27T09:21:04.935141+00:00	sanctoral
309b7870-d0bc-52ea-a8c0-25723c0b67b7	2526	Paragorius		f2aa370f-fe32-5793-bf4d-911cfbf3621b			2026-04-27T09:21:04.935141+00:00	sanctoral
aca38cd0-efd6-540f-8e52-96f1759d876d	2527	Pardulphus		f2aa370f-fe32-5793-bf4d-911cfbf3621b			2026-04-27T09:21:04.935141+00:00	sanctoral
a86a5cb1-8a4a-5822-8d17-8cab7d08bda3	2528	Parmenius		f2aa370f-fe32-5793-bf4d-911cfbf3621b			2026-04-27T09:21:04.935141+00:00	sanctoral
d889f0be-4510-5b8d-9dbe-b98d25606774	2529	Partheius		f2aa370f-fe32-5793-bf4d-911cfbf3621b			2026-04-27T09:21:04.935141+00:00	sanctoral
2fdc0c76-8b56-5809-97e7-8bcb83b31b22	2530	Parthenius		f2aa370f-fe32-5793-bf4d-911cfbf3621b			2026-04-27T09:21:04.935141+00:00	sanctoral
a3a37318-f120-5a74-b331-d2e585f6da92	2531	Pascharius		f2aa370f-fe32-5793-bf4d-911cfbf3621b			2026-04-27T09:21:04.935141+00:00	sanctoral
c3b7b1c5-f216-5c61-b3db-34ac6336856f	2532	Paschasius		f2aa370f-fe32-5793-bf4d-911cfbf3621b			2026-04-27T09:21:04.935141+00:00	sanctoral
aa72eba0-a372-55b9-b364-654866202d2f	2533	Passio Imaginis Christi		f2aa370f-fe32-5793-bf4d-911cfbf3621b			2026-04-27T09:21:04.935141+00:00	sanctoral
079f005c-1f3e-5d0a-9d94-1cd6d78451a0	2534	Pastor		f2aa370f-fe32-5793-bf4d-911cfbf3621b			2026-04-27T09:21:04.935141+00:00	sanctoral
8a8b5d49-1eb7-5375-a690-11a2491d2466	2535	Pastor Complutensis (Octava)		f2aa370f-fe32-5793-bf4d-911cfbf3621b			2026-04-27T09:21:04.935141+00:00	sanctoral
0cacf677-2835-5c05-b577-7165d18f83ea	2536	Pastor Complutensis (Translatio)		f2aa370f-fe32-5793-bf4d-911cfbf3621b			2026-04-27T09:21:04.935141+00:00	sanctoral
5dbbd43c-8867-51a9-884c-799e42b1851a	2537	Pastor presbyter		f2aa370f-fe32-5793-bf4d-911cfbf3621b			2026-04-27T09:21:04.935141+00:00	sanctoral
594ebc30-c58c-549a-bff5-6895ccfc0236	2538	Paternus		f2aa370f-fe32-5793-bf4d-911cfbf3621b			2026-04-27T09:21:04.935141+00:00	sanctoral
262ab907-91e9-53e1-934b-c4569ed3aaf8	2539	Paternus episcopus		f2aa370f-fe32-5793-bf4d-911cfbf3621b			2026-04-27T09:21:04.935141+00:00	sanctoral
07d86d95-e55a-550c-b02c-bbb02de0e637	2540	Paternus episcopus (Ordinatio)		f2aa370f-fe32-5793-bf4d-911cfbf3621b			2026-04-27T09:21:04.935141+00:00	sanctoral
6e7c0eb9-d60a-502a-bd85-122a1542ba3b	2541	Paternus martyr		f2aa370f-fe32-5793-bf4d-911cfbf3621b			2026-04-27T09:21:04.935141+00:00	sanctoral
aa9589a5-e730-5f09-bd28-fa8587d08408	2542	Patianus		f2aa370f-fe32-5793-bf4d-911cfbf3621b			2026-04-27T09:21:04.935141+00:00	sanctoral
2966b685-3bc2-548d-b8c3-5066c072804a	2543	Patiens Lugdunensis		f2aa370f-fe32-5793-bf4d-911cfbf3621b			2026-04-27T09:21:04.935141+00:00	sanctoral
6a625679-4043-5962-8148-de104fdd3f32	2544	Patiens Metensis		f2aa370f-fe32-5793-bf4d-911cfbf3621b			2026-04-27T09:21:04.935141+00:00	sanctoral
27e3e4c2-a732-5314-93b1-fbb1f31126e4	2545	Patricius		f2aa370f-fe32-5793-bf4d-911cfbf3621b			2026-04-27T09:21:04.935141+00:00	sanctoral
aa08489a-d6cf-5ad2-9210-d0b30fa3ed86	2546	Patricius abbas		f2aa370f-fe32-5793-bf4d-911cfbf3621b			2026-04-27T09:21:04.935141+00:00	sanctoral
4283abf3-f7e9-5e0e-a7c2-f12dde4e0a7e	2547	Patricius Hiberniae		f2aa370f-fe32-5793-bf4d-911cfbf3621b			2026-04-27T09:21:04.935141+00:00	sanctoral
b98d7e0a-9fee-5e16-8308-7716f456efed	2548	Patroclus		f2aa370f-fe32-5793-bf4d-911cfbf3621b			2026-04-27T09:21:04.935141+00:00	sanctoral
ee52c500-7789-5c14-b34b-cd0ed7abbf4e	2549	Patroni omnes		f2aa370f-fe32-5793-bf4d-911cfbf3621b			2026-04-27T09:21:04.935141+00:00	sanctoral
388a69dd-1433-57f5-ad04-dd27ae0050aa	2550	Patusius		f2aa370f-fe32-5793-bf4d-911cfbf3621b			2026-04-27T09:21:04.935141+00:00	sanctoral
16bb1a38-6991-5a8d-8310-c682f9d7248b	2551	Paula		f2aa370f-fe32-5793-bf4d-911cfbf3621b			2026-04-27T09:21:04.935141+00:00	sanctoral
94dbbbe4-0eb6-5432-99f6-db02b321f6ba	2552	Paula Malacae		f2aa370f-fe32-5793-bf4d-911cfbf3621b			2026-04-27T09:21:04.935141+00:00	sanctoral
b4492eac-4d3f-5cda-b556-4846d3f3723e	2553	Paulianus		f2aa370f-fe32-5793-bf4d-911cfbf3621b			2026-04-27T09:21:04.935141+00:00	sanctoral
f280d1fa-e729-524d-ad00-17df54078017	2554	Paulina		f2aa370f-fe32-5793-bf4d-911cfbf3621b			2026-04-27T09:21:04.935141+00:00	sanctoral
2787318f-e1f9-5bd7-945a-064a48f22168	2555	Paulinus		f2aa370f-fe32-5793-bf4d-911cfbf3621b			2026-04-27T09:21:04.935141+00:00	sanctoral
84320aad-6bd6-518c-89bc-d8e232547557	2556	Paulinus Aquileiensis		f2aa370f-fe32-5793-bf4d-911cfbf3621b			2026-04-27T09:21:04.935141+00:00	sanctoral
2b20d1f1-b9cb-56a0-a6eb-2638229ef535	2557	Paulinus Capuanus		f2aa370f-fe32-5793-bf4d-911cfbf3621b			2026-04-27T09:21:04.935141+00:00	sanctoral
79068254-e92c-5734-b48b-b4960ebee778	2558	Paulinus Eboracensis		f2aa370f-fe32-5793-bf4d-911cfbf3621b			2026-04-27T09:21:04.935141+00:00	sanctoral
7eb175c2-fe31-5184-bd6f-fad91e064b30	2559	Paulinus Nolensis		f2aa370f-fe32-5793-bf4d-911cfbf3621b			2026-04-27T09:21:04.935141+00:00	sanctoral
6cb227eb-f33d-563d-9f5c-928efae505ac	2560	Paulinus Trevirensis		f2aa370f-fe32-5793-bf4d-911cfbf3621b			2026-04-27T09:21:04.935141+00:00	sanctoral
855de89a-2074-5195-af65-7ff3418e4643	2561	Paulus		f2aa370f-fe32-5793-bf4d-911cfbf3621b			2026-04-27T09:21:04.935141+00:00	sanctoral
2aafca68-1c28-59ab-ba6a-6e7e710cc300	2562	Paulus apostolus (Dominica infra octavas)		f2aa370f-fe32-5793-bf4d-911cfbf3621b			2026-04-27T09:21:04.935141+00:00	sanctoral
b703592f-a51f-5e6e-af43-76a860c19768	2563	Paulus apostolus (Infra octavas)		f2aa370f-fe32-5793-bf4d-911cfbf3621b			2026-04-27T09:21:04.935141+00:00	sanctoral
93f2888a-70e1-5485-a5ab-896d2c102d71	2564	Paulus apostolus (Octava)		f2aa370f-fe32-5793-bf4d-911cfbf3621b			2026-04-27T09:21:04.935141+00:00	sanctoral
852fa4c4-bb40-5635-b883-64d5b5f4b075	2565	Paulus apostolus (Vigilia)		f2aa370f-fe32-5793-bf4d-911cfbf3621b			2026-04-27T09:21:04.935141+00:00	sanctoral
d20f879b-af0b-5ad7-a4b2-6be3aac3c7ec	2566	Paulus Aurelianus		f2aa370f-fe32-5793-bf4d-911cfbf3621b			2026-04-27T09:21:04.935141+00:00	sanctoral
37c917cc-7ba8-5565-bfb5-e060fd689c5a	2567	Paulus Aurelianus (Infra octavas)		f2aa370f-fe32-5793-bf4d-911cfbf3621b			2026-04-27T09:21:04.935141+00:00	sanctoral
760d0283-9e4e-581c-8df0-ad238c540cbe	2568	Paulus Aurelianus (Translatio)		f2aa370f-fe32-5793-bf4d-911cfbf3621b			2026-04-27T09:21:04.935141+00:00	sanctoral
fe8a80f6-481f-55f3-a9bd-7d06843d06c6	2569	Paulus episcopus		f2aa370f-fe32-5793-bf4d-911cfbf3621b			2026-04-27T09:21:04.935141+00:00	sanctoral
365c589d-f251-59af-afd9-159e60446481	2570	Paulus eremita		f2aa370f-fe32-5793-bf4d-911cfbf3621b			2026-04-27T09:21:04.935141+00:00	sanctoral
3369de41-5bb2-5a25-8a3b-a8ad5913f2e2	2571	Paulus eremita (Translatio)		f2aa370f-fe32-5793-bf4d-911cfbf3621b			2026-04-27T09:21:04.935141+00:00	sanctoral
23ab948d-77c6-59cb-8d39-6b5225ebf177	2572	Paulus martyr		f2aa370f-fe32-5793-bf4d-911cfbf3621b			2026-04-27T09:21:04.935141+00:00	sanctoral
d16489d7-08bb-5c2d-90dc-71304c4094c1	2573	Paulus martyr Cordubae		f2aa370f-fe32-5793-bf4d-911cfbf3621b			2026-04-27T09:21:04.935141+00:00	sanctoral
17c0eaf3-4287-5263-9308-1a13d63f6e62	2574	Paulus Senonensis		f2aa370f-fe32-5793-bf4d-911cfbf3621b			2026-04-27T09:21:04.935141+00:00	sanctoral
fbb46f1e-e6d6-53d0-8335-517a33dfc692	2575	Paulus Tricastrinensis		f2aa370f-fe32-5793-bf4d-911cfbf3621b			2026-04-27T09:21:04.935141+00:00	sanctoral
c238c2da-c278-5367-b2a9-ca850bbb9b5e	2576	Paulus Virdunensis		f2aa370f-fe32-5793-bf4d-911cfbf3621b			2026-04-27T09:21:04.935141+00:00	sanctoral
e8850f5c-b094-5250-beeb-3a09c95811d0	2577	Pavacius		f2aa370f-fe32-5793-bf4d-911cfbf3621b			2026-04-27T09:21:04.935141+00:00	sanctoral
38697433-9c40-5655-9855-2144d42fb466	2578	Pavacius (Translatio)		f2aa370f-fe32-5793-bf4d-911cfbf3621b			2026-04-27T09:21:04.935141+00:00	sanctoral
5176c1a1-16a1-5a05-9a8b-cb928af1c93b	2579	Paxentius		f2aa370f-fe32-5793-bf4d-911cfbf3621b			2026-04-27T09:21:04.935141+00:00	sanctoral
5e560b50-898c-5ba2-a9f7-be576a99ceb6	2580	Pecinna		f2aa370f-fe32-5793-bf4d-911cfbf3621b			2026-04-27T09:21:04.935141+00:00	sanctoral
4ed28d36-c547-5d8f-8495-357bb2ad3bfa	2581	Peladius		f2aa370f-fe32-5793-bf4d-911cfbf3621b			2026-04-27T09:21:04.935141+00:00	sanctoral
28ef1928-e21f-5f07-8f19-94bd2cf05ff0	2582	Pelagia		f2aa370f-fe32-5793-bf4d-911cfbf3621b			2026-04-27T09:21:04.935141+00:00	sanctoral
bff271e7-9398-5eee-aed7-0d679ccc2ede	2583	Pelagius		f2aa370f-fe32-5793-bf4d-911cfbf3621b			2026-04-27T09:21:04.935141+00:00	sanctoral
9acebefc-14ab-578f-8bec-06b104c8e946	2584	Pelagius Cordubensis		f2aa370f-fe32-5793-bf4d-911cfbf3621b			2026-04-27T09:21:04.935141+00:00	sanctoral
b555f06b-c82b-59fe-a6ad-89b4271a85a6	2585	Pelagius martyr		f2aa370f-fe32-5793-bf4d-911cfbf3621b			2026-04-27T09:21:04.935141+00:00	sanctoral
40ffce09-56fd-593b-b0fd-952aff28499e	2586	Peleus		f2aa370f-fe32-5793-bf4d-911cfbf3621b			2026-04-27T09:21:04.935141+00:00	sanctoral
cd1efe8b-4381-5407-b65f-9f73ee85fb52	2587	Pelusius		f2aa370f-fe32-5793-bf4d-911cfbf3621b			2026-04-27T09:21:04.935141+00:00	sanctoral
1f9f43f3-aa0b-5163-9596-2e9397298dc1	2588	Pentecostes		f2aa370f-fe32-5793-bf4d-911cfbf3621b			2026-04-27T09:21:04.935141+00:00	sanctoral
046adbb9-74b0-54a9-a96a-afd8593b68de	2589	Pentecostes (Octava)		f2aa370f-fe32-5793-bf4d-911cfbf3621b			2026-04-27T09:21:04.935141+00:00	sanctoral
76783103-aabe-5e6c-9f82-af4f1bd3e055	2590	Pentecostes (Vigilia)		f2aa370f-fe32-5793-bf4d-911cfbf3621b			2026-04-27T09:21:04.935141+00:00	sanctoral
88f2d046-3ced-580d-accf-47595f815bbc	2591	Peregrinus		f2aa370f-fe32-5793-bf4d-911cfbf3621b			2026-04-27T09:21:04.935141+00:00	sanctoral
fa26cb31-7ebe-5210-b26f-e1ee9d2fb99a	2592	Pergentinus		f2aa370f-fe32-5793-bf4d-911cfbf3621b			2026-04-27T09:21:04.935141+00:00	sanctoral
c1de46f5-61ce-576f-955a-eaabe98a49b9	2593	Perpetua		f2aa370f-fe32-5793-bf4d-911cfbf3621b			2026-04-27T09:21:04.935141+00:00	sanctoral
cac7ffc9-713c-590e-a803-7d14831a3f3a	2594	Perpetuus		f2aa370f-fe32-5793-bf4d-911cfbf3621b			2026-04-27T09:21:04.935141+00:00	sanctoral
11625fb4-0c55-58e4-8e56-b1d3cd2f50b2	2595	Petrocus		f2aa370f-fe32-5793-bf4d-911cfbf3621b			2026-04-27T09:21:04.935141+00:00	sanctoral
71c086a9-a0db-5891-a7b1-a9b73395b4fc	2596	Petronilla		f2aa370f-fe32-5793-bf4d-911cfbf3621b			2026-04-27T09:21:04.935141+00:00	sanctoral
253b0ba1-d1b1-5d07-9d90-f791394991a0	2597	Petronius		f2aa370f-fe32-5793-bf4d-911cfbf3621b			2026-04-27T09:21:04.935141+00:00	sanctoral
aa8cdbe3-8c1d-501f-92cc-ef0d03085512	2598	Petrus		f2aa370f-fe32-5793-bf4d-911cfbf3621b			2026-04-27T09:21:04.935141+00:00	sanctoral
374106be-1303-5f0a-96fa-d3b3a874b399	2599	Petrus (Relatio)		f2aa370f-fe32-5793-bf4d-911cfbf3621b			2026-04-27T09:21:04.935141+00:00	sanctoral
173d363c-60de-5b46-bea6-2fbb5712963f	2600	Petrus abbas		f2aa370f-fe32-5793-bf4d-911cfbf3621b			2026-04-27T09:21:04.935141+00:00	sanctoral
aea992a9-e672-546c-8ccf-fb17c6069cb5	2601	Petrus ad Vincula		f2aa370f-fe32-5793-bf4d-911cfbf3621b			2026-04-27T09:21:04.935141+00:00	sanctoral
88a6f044-def8-548d-ab6b-ac14e6e3a189	2602	Petrus ad Vincula (Dominica infra octavas)		f2aa370f-fe32-5793-bf4d-911cfbf3621b			2026-04-27T09:21:04.935141+00:00	sanctoral
31257536-8146-5afa-aaef-7e48c898086f	2603	Petrus ad Vincula (infra octavas)		f2aa370f-fe32-5793-bf4d-911cfbf3621b			2026-04-27T09:21:04.935141+00:00	sanctoral
730d6ee8-12b4-58a8-959f-d60d17d7f62e	2604	Petrus ad Vincula (Octava)		f2aa370f-fe32-5793-bf4d-911cfbf3621b			2026-04-27T09:21:04.935141+00:00	sanctoral
30e3f067-8d9c-5200-b298-269ec6a3eef8	2605	Petrus Alexandrinus		f2aa370f-fe32-5793-bf4d-911cfbf3621b			2026-04-27T09:21:04.935141+00:00	sanctoral
0b522448-cbee-5050-a95f-cf82f82050fe	2606	Petrus apostolus (Dominica infra octavas)		f2aa370f-fe32-5793-bf4d-911cfbf3621b			2026-04-27T09:21:04.935141+00:00	sanctoral
ae78f1f7-beb4-5e64-84b4-e154ff728bec	2607	Petrus apostolus (Infra octavas)		f2aa370f-fe32-5793-bf4d-911cfbf3621b			2026-04-27T09:21:04.935141+00:00	sanctoral
5a1dc02e-4eae-5ad6-9cd2-dda3240112cf	2608	Petrus apostolus (Octava)		f2aa370f-fe32-5793-bf4d-911cfbf3621b			2026-04-27T09:21:04.935141+00:00	sanctoral
86ecfa04-2098-5e66-91e6-27a5b5eaca6e	2609	Petrus apostolus (Statio)		f2aa370f-fe32-5793-bf4d-911cfbf3621b			2026-04-27T09:21:04.935141+00:00	sanctoral
938a25e7-cb4f-508e-9249-0f1953206474	2610	Petrus apostolus (Translatio)		f2aa370f-fe32-5793-bf4d-911cfbf3621b			2026-04-27T09:21:04.935141+00:00	sanctoral
8a9e5c03-1a80-5352-b355-be6aa1493fd1	2611	Petrus apostolus (Vigilia)		f2aa370f-fe32-5793-bf4d-911cfbf3621b			2026-04-27T09:21:04.935141+00:00	sanctoral
0c3bd1b2-6d78-56ff-984a-d6a480179d97	2612	Petrus Bracarensis		f2aa370f-fe32-5793-bf4d-911cfbf3621b			2026-04-27T09:21:04.935141+00:00	sanctoral
aa166cf6-4bbf-57e4-b66c-f3d5b25e2823	2613	Petrus confessor		f2aa370f-fe32-5793-bf4d-911cfbf3621b			2026-04-27T09:21:04.935141+00:00	sanctoral
881fc09a-f7c8-533f-8934-abe29418492a	2614	Petrus diaconus		f2aa370f-fe32-5793-bf4d-911cfbf3621b			2026-04-27T09:21:04.935141+00:00	sanctoral
62b909f2-b0ff-5791-834f-9a5173acdd28	2615	Petrus eremita		f2aa370f-fe32-5793-bf4d-911cfbf3621b			2026-04-27T09:21:04.935141+00:00	sanctoral
b7547650-f60c-5966-8224-0cebf6a7ae2c	2616	Petrus Moroccoensis		f2aa370f-fe32-5793-bf4d-911cfbf3621b			2026-04-27T09:21:04.935141+00:00	sanctoral
61fe1b74-7a79-5bab-9f20-bf67ca6a3693	2617	Petrus Oxomensis		f2aa370f-fe32-5793-bf4d-911cfbf3621b			2026-04-27T09:21:04.935141+00:00	sanctoral
84cc6111-4faa-5a25-8a6c-5eb6f2f21e2e	2618	Petrus Oxomensis (Infra octavas)		f2aa370f-fe32-5793-bf4d-911cfbf3621b			2026-04-27T09:21:04.935141+00:00	sanctoral
d4f9a4ce-57b9-5e16-a5c2-d8689f326d62	2619	Petrus Oxomensis (Octava)		f2aa370f-fe32-5793-bf4d-911cfbf3621b			2026-04-27T09:21:04.935141+00:00	sanctoral
3e361661-7dd2-55ac-892b-2deb3bccfb44	2620	Petrus Oxomensis (Translatio)		f2aa370f-fe32-5793-bf4d-911cfbf3621b			2026-04-27T09:21:04.935141+00:00	sanctoral
cf3910c5-5c59-5a29-b1b4-c2a7e70465a0	2621	Petrus presbyter		f2aa370f-fe32-5793-bf4d-911cfbf3621b			2026-04-27T09:21:04.935141+00:00	sanctoral
4f4c975b-3278-5f65-b0b1-5dab306844a3	2622	Petrus Tarentasiensis		f2aa370f-fe32-5793-bf4d-911cfbf3621b			2026-04-27T09:21:04.935141+00:00	sanctoral
e995012f-225e-56b2-9384-6b1a920895ed	2623	Petrus Tornacensis		f2aa370f-fe32-5793-bf4d-911cfbf3621b			2026-04-27T09:21:04.935141+00:00	sanctoral
69df763e-2089-5506-ace2-d850f97168de	2624	Petrus Veronensis		f2aa370f-fe32-5793-bf4d-911cfbf3621b			2026-04-27T09:21:04.935141+00:00	sanctoral
993f0ca1-8d61-5817-8544-037a049c2cb0	2625	Petrus Veronensis (Translatio)		f2aa370f-fe32-5793-bf4d-911cfbf3621b			2026-04-27T09:21:04.935141+00:00	sanctoral
988c82f1-6932-57ad-8606-a6239e15ad78	2626	Phidolus		f2aa370f-fe32-5793-bf4d-911cfbf3621b			2026-04-27T09:21:04.935141+00:00	sanctoral
0229a88b-eeea-56dd-8a1b-d33d2672f894	2627	Phileas		f2aa370f-fe32-5793-bf4d-911cfbf3621b			2026-04-27T09:21:04.935141+00:00	sanctoral
35127df3-e300-514b-990c-89350a957442	2628	Philemonus		f2aa370f-fe32-5793-bf4d-911cfbf3621b			2026-04-27T09:21:04.935141+00:00	sanctoral
b92d6318-43ec-59bb-a97f-9b4f6e5b10a7	2629	Philibertus		f2aa370f-fe32-5793-bf4d-911cfbf3621b			2026-04-27T09:21:04.935141+00:00	sanctoral
78279d03-8383-5bc0-b33e-a4fed22464e3	2630	Philippus		f2aa370f-fe32-5793-bf4d-911cfbf3621b			2026-04-27T09:21:04.935141+00:00	sanctoral
8f33f3fa-e681-5581-baa6-0023134c3f98	2631	Philippus apostolus		f2aa370f-fe32-5793-bf4d-911cfbf3621b			2026-04-27T09:21:04.935141+00:00	sanctoral
9e9483ff-9a17-52a6-bfd6-e053d7e55e6e	2632	Philippus apostolus (Infra octavas)		f2aa370f-fe32-5793-bf4d-911cfbf3621b			2026-04-27T09:21:04.935141+00:00	sanctoral
5487241a-5db3-5113-9806-9be2e0784380	2633	Philippus apostolus (Inventio)		f2aa370f-fe32-5793-bf4d-911cfbf3621b			2026-04-27T09:21:04.935141+00:00	sanctoral
5d18681d-e87d-53eb-820b-7fa3bf91a928	2634	Philippus apostolus (Octava)		f2aa370f-fe32-5793-bf4d-911cfbf3621b			2026-04-27T09:21:04.935141+00:00	sanctoral
42cc8aef-2273-56e0-b25e-3558f4cc4f9f	2635	Philippus apostolus (Vigilia)		f2aa370f-fe32-5793-bf4d-911cfbf3621b			2026-04-27T09:21:04.935141+00:00	sanctoral
2bd87204-62e6-5b19-a356-46438418d5dd	2636	Philippus diaconus		f2aa370f-fe32-5793-bf4d-911cfbf3621b			2026-04-27T09:21:04.935141+00:00	sanctoral
59778210-44aa-5a07-98a3-2de4403f7608	2637	Philippus episcopus		f2aa370f-fe32-5793-bf4d-911cfbf3621b			2026-04-27T09:21:04.935141+00:00	sanctoral
0b82ad64-9592-5fa9-aa14-691e4bfb446b	2638	Philippus Gortynensis		f2aa370f-fe32-5793-bf4d-911cfbf3621b			2026-04-27T09:21:04.935141+00:00	sanctoral
e81cb8b4-d00a-5c4b-bad6-9d229580a2ee	2639	Philippus presbyter		f2aa370f-fe32-5793-bf4d-911cfbf3621b			2026-04-27T09:21:04.935141+00:00	sanctoral
e6069858-9ae5-558c-a138-0b09bb3b06bc	2640	Philomorus		f2aa370f-fe32-5793-bf4d-911cfbf3621b			2026-04-27T09:21:04.935141+00:00	sanctoral
f4598b41-a27d-5275-892d-9e9d43b4fce1	2641	Phocas		f2aa370f-fe32-5793-bf4d-911cfbf3621b			2026-04-27T09:21:04.935141+00:00	sanctoral
41316568-8389-5aa2-a796-1a286934b6ca	2642	Phoebadius Agenensis		f2aa370f-fe32-5793-bf4d-911cfbf3621b			2026-04-27T09:21:04.935141+00:00	sanctoral
107c1c0b-3eab-58aa-a5a0-496ec1cce8bb	2643	Photinus		f2aa370f-fe32-5793-bf4d-911cfbf3621b			2026-04-27T09:21:04.935141+00:00	sanctoral
264285f4-2bae-503c-ad17-c13cc73785d8	2644	Piatus		f2aa370f-fe32-5793-bf4d-911cfbf3621b			2026-04-27T09:21:04.935141+00:00	sanctoral
1fbebdaf-ec47-551d-935e-2e3889107fbe	2645	Piatus (Infra octavas)		f2aa370f-fe32-5793-bf4d-911cfbf3621b			2026-04-27T09:21:04.935141+00:00	sanctoral
ede91871-5e7e-5a4e-b1c6-53c1944560f2	2646	Piatus (Octava)		f2aa370f-fe32-5793-bf4d-911cfbf3621b			2026-04-27T09:21:04.935141+00:00	sanctoral
433c21da-47ee-53af-b964-8fac8406a765	2647	Piatus (Translatio)		f2aa370f-fe32-5793-bf4d-911cfbf3621b			2026-04-27T09:21:04.935141+00:00	sanctoral
5769a972-0b35-575d-9587-f504887429bc	2648	Pigmenius		f2aa370f-fe32-5793-bf4d-911cfbf3621b			2026-04-27T09:21:04.935141+00:00	sanctoral
f6e2c7ce-c2eb-5583-b196-4ef94c2bc711	2649	Piranus		f2aa370f-fe32-5793-bf4d-911cfbf3621b			2026-04-27T09:21:04.935141+00:00	sanctoral
f76469ef-8e9a-5c7b-ab38-4c2472a46464	2650	Pirminius		f2aa370f-fe32-5793-bf4d-911cfbf3621b			2026-04-27T09:21:04.935141+00:00	sanctoral
e2448e92-e569-57ff-bc38-0bf5e25feaec	2651	Pirminus		f2aa370f-fe32-5793-bf4d-911cfbf3621b			2026-04-27T09:21:04.935141+00:00	sanctoral
2b8568f8-edfd-5517-a7b7-825d6f7b8458	2652	Pius		f2aa370f-fe32-5793-bf4d-911cfbf3621b			2026-04-27T09:21:04.935141+00:00	sanctoral
178183f2-a9b0-5237-be18-af3ccc0b955c	2653	Plechelmus		f2aa370f-fe32-5793-bf4d-911cfbf3621b			2026-04-27T09:21:04.935141+00:00	sanctoral
c68748c7-f303-572e-8fe4-a9655367de40	2654	Plures martyres Caesaraugustanorum		f2aa370f-fe32-5793-bf4d-911cfbf3621b			2026-04-27T09:21:04.935141+00:00	sanctoral
044da6ff-f8c1-5876-8d40-872134d0747a	2655	Polianus		f2aa370f-fe32-5793-bf4d-911cfbf3621b			2026-04-27T09:21:04.935141+00:00	sanctoral
4de346d7-aed8-563a-92db-5c275fc8dc5d	2656	Polimius		f2aa370f-fe32-5793-bf4d-911cfbf3621b			2026-04-27T09:21:04.935141+00:00	sanctoral
6dd4171b-0e3a-5070-a8a4-343120bac2d1	2657	Polycarpus		f2aa370f-fe32-5793-bf4d-911cfbf3621b			2026-04-27T09:21:04.935141+00:00	sanctoral
c842bbb7-5fe2-5e4b-b7d2-6fb10d376fd2	2658	Polychronius		f2aa370f-fe32-5793-bf4d-911cfbf3621b			2026-04-27T09:21:04.935141+00:00	sanctoral
b1ed58dc-3c1b-5808-86c0-9f3a26ebf1a9	2659	Polycratius		f2aa370f-fe32-5793-bf4d-911cfbf3621b			2026-04-27T09:21:04.935141+00:00	sanctoral
2d790ef8-4c10-534e-a988-8ba30a8e862b	2660	Polyeuctus		f2aa370f-fe32-5793-bf4d-911cfbf3621b			2026-04-27T09:21:04.935141+00:00	sanctoral
af645ea0-a611-52b2-b59d-11cf1cff4271	2661	Polyonus		f2aa370f-fe32-5793-bf4d-911cfbf3621b			2026-04-27T09:21:04.935141+00:00	sanctoral
3afdb103-ed0b-5860-a8e1-1eb543537fc4	2662	Poma		f2aa370f-fe32-5793-bf4d-911cfbf3621b			2026-04-27T09:21:04.935141+00:00	sanctoral
96e5e801-edbd-56ff-aadf-dd80e111afe5	2663	Pontianus		f2aa370f-fe32-5793-bf4d-911cfbf3621b			2026-04-27T09:21:04.935141+00:00	sanctoral
39071d57-5675-579b-a652-57919a41e544	2664	Pontius		f2aa370f-fe32-5793-bf4d-911cfbf3621b			2026-04-27T09:21:04.935141+00:00	sanctoral
80d2f3c3-b9e0-5acb-bc88-a2efb7795005	2665	Porcharius		f2aa370f-fe32-5793-bf4d-911cfbf3621b			2026-04-27T09:21:04.935141+00:00	sanctoral
b6d6b90c-5ef2-53f5-94bc-72a6945fa4db	2666	Portiuncula		f2aa370f-fe32-5793-bf4d-911cfbf3621b			2026-04-27T09:21:04.935141+00:00	sanctoral
ab8989a4-9900-59ba-ac13-1772d8a2aa32	2667	Potamius		f2aa370f-fe32-5793-bf4d-911cfbf3621b			2026-04-27T09:21:04.935141+00:00	sanctoral
ad7be447-4e9f-58d1-a9f0-1410c48803bd	2668	Potentiana		f2aa370f-fe32-5793-bf4d-911cfbf3621b			2026-04-27T09:21:04.935141+00:00	sanctoral
b9ad5f0c-949d-5780-b07e-05a8995e245b	2669	Potentianus		f2aa370f-fe32-5793-bf4d-911cfbf3621b			2026-04-27T09:21:04.935141+00:00	sanctoral
2380778c-31b1-5c34-b3b0-eb7eff5c87c9	2670	Potentianus (Octava)		f2aa370f-fe32-5793-bf4d-911cfbf3621b			2026-04-27T09:21:04.935141+00:00	sanctoral
82fb0022-b698-5c15-8aac-8fb126d6b009	2671	Potentianus (Translatio)		f2aa370f-fe32-5793-bf4d-911cfbf3621b			2026-04-27T09:21:04.935141+00:00	sanctoral
d248213f-2afb-5353-a7ef-bbd1d5ad0bee	2672	Praeiectus		f2aa370f-fe32-5793-bf4d-911cfbf3621b			2026-04-27T09:21:04.935141+00:00	sanctoral
503cfb38-bdf7-5869-8fff-7ba25562f369	2673	Praesentatio BMV (Infra octavas)		f2aa370f-fe32-5793-bf4d-911cfbf3621b			2026-04-27T09:21:04.935141+00:00	sanctoral
da3e09d4-d847-5f4f-9dcd-6b17f15776a4	2674	Praesentatio BMV (Octava)		f2aa370f-fe32-5793-bf4d-911cfbf3621b			2026-04-27T09:21:04.935141+00:00	sanctoral
af48a400-a0cc-5715-81b0-2d965babe5c0	2675	Praesidius		f2aa370f-fe32-5793-bf4d-911cfbf3621b			2026-04-27T09:21:04.935141+00:00	sanctoral
0c0cd300-f48b-5b56-bc46-70cb4cd3c37c	2676	Pragmatius		f2aa370f-fe32-5793-bf4d-911cfbf3621b			2026-04-27T09:21:04.935141+00:00	sanctoral
2e3a3cdb-1af5-50ef-8b0d-57ab440582fd	2677	Praxedis		f2aa370f-fe32-5793-bf4d-911cfbf3621b			2026-04-27T09:21:04.935141+00:00	sanctoral
ddbd767d-4d06-5d05-bb15-a53c126bbca9	2678	Praxedis (Octava)		f2aa370f-fe32-5793-bf4d-911cfbf3621b			2026-04-27T09:21:04.935141+00:00	sanctoral
d681a049-50ce-5df9-bef0-c1f8ae64fc88	2679	Priamus		f2aa370f-fe32-5793-bf4d-911cfbf3621b			2026-04-27T09:21:04.935141+00:00	sanctoral
fab4672e-5b55-5e18-b47c-4ee1075daca6	2680	Prima allatio reliquiarum		f2aa370f-fe32-5793-bf4d-911cfbf3621b			2026-04-27T09:21:04.935141+00:00	sanctoral
d332571c-dbe1-5d14-a4d9-09147cd9169a	2681	Primitiva		f2aa370f-fe32-5793-bf4d-911cfbf3621b			2026-04-27T09:21:04.935141+00:00	sanctoral
b3b5c4b8-0a00-5dfd-825f-12ee1dcea32f	2682	Primitivus		f2aa370f-fe32-5793-bf4d-911cfbf3621b			2026-04-27T09:21:04.935141+00:00	sanctoral
ace8636a-5e13-5ee6-80c2-5a6d80d9875b	2683	Primus		f2aa370f-fe32-5793-bf4d-911cfbf3621b			2026-04-27T09:21:04.935141+00:00	sanctoral
b7a144c5-74dc-5500-8e08-de5cad1e4925	2684	Primus adventus		f2aa370f-fe32-5793-bf4d-911cfbf3621b			2026-04-27T09:21:04.935141+00:00	sanctoral
b27815eb-f11d-5aec-a306-d79598f996d4	2685	Primus dies saeculi		f2aa370f-fe32-5793-bf4d-911cfbf3621b			2026-04-27T09:21:04.935141+00:00	sanctoral
a0e46dc5-3b45-579a-81da-b8d5f81b88d3	2686	Principius		f2aa370f-fe32-5793-bf4d-911cfbf3621b			2026-04-27T09:21:04.935141+00:00	sanctoral
b3a7c509-4ab2-5c9b-8216-04468c09d4f1	2687	Prisca		f2aa370f-fe32-5793-bf4d-911cfbf3621b			2026-04-27T09:21:04.935141+00:00	sanctoral
bb3df56d-4576-5442-80a5-4e9b6dd9beaa	2688	Priscilla		f2aa370f-fe32-5793-bf4d-911cfbf3621b			2026-04-27T09:21:04.935141+00:00	sanctoral
62e25f72-5114-5da1-8143-21873712d104	2689	Priscus		f2aa370f-fe32-5793-bf4d-911cfbf3621b			2026-04-27T09:21:04.935141+00:00	sanctoral
07cac5a9-cf56-55be-b291-6b587ac8bd11	2690	Priscus Capuensis		f2aa370f-fe32-5793-bf4d-911cfbf3621b			2026-04-27T09:21:04.935141+00:00	sanctoral
7990f901-f5c2-5eb3-b3c0-de69dc7329c7	2691	Priscus martyr		f2aa370f-fe32-5793-bf4d-911cfbf3621b			2026-04-27T09:21:04.935141+00:00	sanctoral
8ce67266-47ab-5843-8c00-e857324a2403	2692	Privatus (Octava)		f2aa370f-fe32-5793-bf4d-911cfbf3621b			2026-04-27T09:21:04.935141+00:00	sanctoral
c547cee7-f715-524c-a547-fe235a4d571c	2693	Privatus (Translatio)		f2aa370f-fe32-5793-bf4d-911cfbf3621b			2026-04-27T09:21:04.935141+00:00	sanctoral
96c38e51-503f-5591-8b41-b00d9a99ef6b	2694	Proba		f2aa370f-fe32-5793-bf4d-911cfbf3621b			2026-04-27T09:21:04.935141+00:00	sanctoral
e8b3f421-9224-5ee2-80c3-99a325dd858d	2695	Probus		f2aa370f-fe32-5793-bf4d-911cfbf3621b			2026-04-27T09:21:04.935141+00:00	sanctoral
58ef0e1e-4005-5d97-9964-bb5af8687a6e	2696	Processus		f2aa370f-fe32-5793-bf4d-911cfbf3621b			2026-04-27T09:21:04.935141+00:00	sanctoral
c8e2677b-fe2f-58ce-8add-8de69d43fde3	2697	Procopius		f2aa370f-fe32-5793-bf4d-911cfbf3621b			2026-04-27T09:21:04.935141+00:00	sanctoral
dae5439b-431c-5033-add2-b2877763ab89	2698	Procopius (Octava)		f2aa370f-fe32-5793-bf4d-911cfbf3621b			2026-04-27T09:21:04.935141+00:00	sanctoral
6b9d9260-606b-506d-a34e-41f260f1a9a3	2699	Procopius abbas		f2aa370f-fe32-5793-bf4d-911cfbf3621b			2026-04-27T09:21:04.935141+00:00	sanctoral
7b835040-9553-5c5e-9413-cca9c09316bc	2700	Procorus		f2aa370f-fe32-5793-bf4d-911cfbf3621b			2026-04-27T09:21:04.935141+00:00	sanctoral
d113a607-8fea-59f0-a7c0-469e34c2fa20	2701	Proculus Eduensis		f2aa370f-fe32-5793-bf4d-911cfbf3621b			2026-04-27T09:21:04.935141+00:00	sanctoral
3bb27f42-aec3-55b2-a9b4-44f2b90d1fa4	2702	Prophonia		f2aa370f-fe32-5793-bf4d-911cfbf3621b			2026-04-27T09:21:04.935141+00:00	sanctoral
89987b30-a2a5-50e6-8df7-442ebdfb75eb	2703	Protasia		f2aa370f-fe32-5793-bf4d-911cfbf3621b			2026-04-27T09:21:04.935141+00:00	sanctoral
1b100cb1-ca5e-553d-8085-848f0ae32b62	2704	Protasius		f2aa370f-fe32-5793-bf4d-911cfbf3621b			2026-04-27T09:21:04.935141+00:00	sanctoral
b9cdecc6-0b9c-5345-8036-e21eb43f5c79	2705	Protasius (Infra octavas)		f2aa370f-fe32-5793-bf4d-911cfbf3621b			2026-04-27T09:21:04.935141+00:00	sanctoral
70f59ceb-27da-5eda-81a1-c918e59924b4	2706	Protasius (Inventio)		f2aa370f-fe32-5793-bf4d-911cfbf3621b			2026-04-27T09:21:04.935141+00:00	sanctoral
526643b3-f1ad-5951-9c76-bf6627422091	2707	Protasius (Octava)		f2aa370f-fe32-5793-bf4d-911cfbf3621b			2026-04-27T09:21:04.935141+00:00	sanctoral
0f74b958-4d2c-585c-98c1-89b211f6bfff	2708	Protasius (Translatio)		f2aa370f-fe32-5793-bf4d-911cfbf3621b			2026-04-27T09:21:04.935141+00:00	sanctoral
49d9ac1c-2b52-5e11-973d-10f1cb92d4d5	2709	Protasius (Vigilia)		f2aa370f-fe32-5793-bf4d-911cfbf3621b			2026-04-27T09:21:04.935141+00:00	sanctoral
ab836fbf-6c96-5ce6-97b9-87bdcf994fb6	2710	Prothadius		f2aa370f-fe32-5793-bf4d-911cfbf3621b			2026-04-27T09:21:04.935141+00:00	sanctoral
d51aa613-5b5f-5e77-b20a-fc9d1ab8541f	2711	Protus		f2aa370f-fe32-5793-bf4d-911cfbf3621b			2026-04-27T09:21:04.935141+00:00	sanctoral
bae5a9fe-af6d-5969-bfca-08bf36103dd7	2712	Protus (Inventio)		f2aa370f-fe32-5793-bf4d-911cfbf3621b			2026-04-27T09:21:04.935141+00:00	sanctoral
ecad10a8-cb86-5da4-9413-fe6f8457c5f9	2713	Protus Aquileiensis		f2aa370f-fe32-5793-bf4d-911cfbf3621b			2026-04-27T09:21:04.935141+00:00	sanctoral
fc78ff97-dcdf-53e4-a663-6bca8bde8661	2714	Prudentius		f2aa370f-fe32-5793-bf4d-911cfbf3621b			2026-04-27T09:21:04.935141+00:00	sanctoral
11f9fbe4-d347-522e-981f-6d5825b76e1f	2715	Prudentius (Octava)		f2aa370f-fe32-5793-bf4d-911cfbf3621b			2026-04-27T09:21:04.935141+00:00	sanctoral
9a63ef1d-e18f-533e-9935-f5e3a034d502	2716	Psalmodius		f2aa370f-fe32-5793-bf4d-911cfbf3621b			2026-04-27T09:21:04.935141+00:00	sanctoral
630559d7-bb7d-5299-96fe-08dabb02f10a	2717	Ptolomaeus		f2aa370f-fe32-5793-bf4d-911cfbf3621b			2026-04-27T09:21:04.935141+00:00	sanctoral
dde8e512-0285-514c-8cbc-3c63df3889c7	2718	Publius		f2aa370f-fe32-5793-bf4d-911cfbf3621b			2026-04-27T09:21:04.935141+00:00	sanctoral
a5aaf4b7-5b5e-5168-bcc6-ca5125046e56	2719	Puellae		f2aa370f-fe32-5793-bf4d-911cfbf3621b			2026-04-27T09:21:04.935141+00:00	sanctoral
4d2477c3-bcf7-5dc9-aded-133a026d9f84	2720	Purificatio BMV		f2aa370f-fe32-5793-bf4d-911cfbf3621b			2026-04-27T09:21:04.935141+00:00	sanctoral
dbbe044e-bffc-52a5-9e1d-b2a29b61834b	2721	Purificatio BMV (Infra octavas)		f2aa370f-fe32-5793-bf4d-911cfbf3621b			2026-04-27T09:21:04.935141+00:00	sanctoral
4ffd37bb-e640-516a-916b-13264e583f6a	2722	Purificatio BMV (Octava)		f2aa370f-fe32-5793-bf4d-911cfbf3621b			2026-04-27T09:21:04.935141+00:00	sanctoral
fdd48af3-b92e-5ef5-97dd-b9dd6a63c91a	2723	Purificatio BMV (Vigilia)		f2aa370f-fe32-5793-bf4d-911cfbf3621b			2026-04-27T09:21:04.935141+00:00	sanctoral
36550635-60cd-500d-80f4-f7b3eb2d523f	2724	Pusinna		f2aa370f-fe32-5793-bf4d-911cfbf3621b			2026-04-27T09:21:04.935141+00:00	sanctoral
8189720d-83b8-5857-a681-76344340e625	2725	Pygmenius		f2aa370f-fe32-5793-bf4d-911cfbf3621b			2026-04-27T09:21:04.935141+00:00	sanctoral
d07ca1a0-5c34-53ca-af8f-b4c34b5d71ee	2726	Pyratus		f2aa370f-fe32-5793-bf4d-911cfbf3621b			2026-04-27T09:21:04.935141+00:00	sanctoral
3c18ea55-bfc2-56e7-81e3-54fb7db5c7a7	2727	Quartus		f2aa370f-fe32-5793-bf4d-911cfbf3621b			2026-04-27T09:21:04.935141+00:00	sanctoral
2c5b83fa-eb6d-5d9a-86df-4621af1dd686	2728	Quinidus		f2aa370f-fe32-5793-bf4d-911cfbf3621b			2026-04-27T09:21:04.935141+00:00	sanctoral
abb80d90-2625-5129-94d9-8daa5c2c3d83	2729	Quintianus		f2aa370f-fe32-5793-bf4d-911cfbf3621b			2026-04-27T09:21:04.935141+00:00	sanctoral
a5f3e139-dd4d-5afb-a5fe-334856f5e1a5	2730	Quintillus		f2aa370f-fe32-5793-bf4d-911cfbf3621b			2026-04-27T09:21:04.935141+00:00	sanctoral
f2f187f9-625d-54cd-9f0c-3f69c0c7bdf8	2731	Quintinianus		f2aa370f-fe32-5793-bf4d-911cfbf3621b			2026-04-27T09:21:04.935141+00:00	sanctoral
d7749077-db35-542e-8e5d-a01fba0b9a8e	2732	Quintinus		f2aa370f-fe32-5793-bf4d-911cfbf3621b			2026-04-27T09:21:04.935141+00:00	sanctoral
8cbd5a49-4178-5d78-ab07-8c0b0b2ffac3	2733	Quintinus martyr		f2aa370f-fe32-5793-bf4d-911cfbf3621b			2026-04-27T09:21:04.935141+00:00	sanctoral
e5f1ed69-1b13-5b88-ad10-ebf8de2a89f0	2734	Quintinus martyr (Elevatio ossium)		f2aa370f-fe32-5793-bf4d-911cfbf3621b			2026-04-27T09:21:04.935141+00:00	sanctoral
96f7ad60-0116-5428-89bf-50c85f3c1435	2735	Quintinus martyr (Infra octavas)		f2aa370f-fe32-5793-bf4d-911cfbf3621b			2026-04-27T09:21:04.935141+00:00	sanctoral
2e5f8173-15d3-51f7-8ad7-fb822e5cc7d7	2736	Quintinus martyr (Inventio)		f2aa370f-fe32-5793-bf4d-911cfbf3621b			2026-04-27T09:21:04.935141+00:00	sanctoral
1ac6265a-cb76-5ed7-9fee-19c4eb3c5629	2737	Quintinus martyr (Octava)		f2aa370f-fe32-5793-bf4d-911cfbf3621b			2026-04-27T09:21:04.935141+00:00	sanctoral
38696fa4-c28f-5d2d-9c18-8987c707ac4e	2738	Quintolinus		f2aa370f-fe32-5793-bf4d-911cfbf3621b			2026-04-27T09:21:04.935141+00:00	sanctoral
7f4d06b9-36d1-52af-8946-0ea42071bf52	2739	Quintus		f2aa370f-fe32-5793-bf4d-911cfbf3621b			2026-04-27T09:21:04.935141+00:00	sanctoral
f960cc05-5f1c-5242-9f54-5d2b9a6e5f73	2740	Quintus (Translatio)		f2aa370f-fe32-5793-bf4d-911cfbf3621b			2026-04-27T09:21:04.935141+00:00	sanctoral
ee068836-5db3-54aa-9831-00b63acf49f9	2741	Quiriacus		f2aa370f-fe32-5793-bf4d-911cfbf3621b			2026-04-27T09:21:04.935141+00:00	sanctoral
80abb0ee-06ed-541f-8eda-3e3e93acca5c	2742	Quiriacus Trevirensis		f2aa370f-fe32-5793-bf4d-911cfbf3621b			2026-04-27T09:21:04.935141+00:00	sanctoral
858d157d-d315-5738-8089-bcf78392fb35	2743	Quiricus		f2aa370f-fe32-5793-bf4d-911cfbf3621b			2026-04-27T09:21:04.935141+00:00	sanctoral
7a3b778a-be89-5d18-8665-32a03f98d806	2744	Quiricus (Octava)		f2aa370f-fe32-5793-bf4d-911cfbf3621b			2026-04-27T09:21:04.935141+00:00	sanctoral
533c23a1-4dd6-5ef8-8317-4d1e8cea3ff9	2745	Quiricus (Translatio)		f2aa370f-fe32-5793-bf4d-911cfbf3621b			2026-04-27T09:21:04.935141+00:00	sanctoral
ca55f0d2-886e-5e58-bd8a-3f05403d8fe5	2746	Quirinus		f2aa370f-fe32-5793-bf4d-911cfbf3621b			2026-04-27T09:21:04.935141+00:00	sanctoral
aa108b23-fe0d-5cd1-ad62-2cbebdabea11	2747	Quirinus (Exceptio reliquiarum)		f2aa370f-fe32-5793-bf4d-911cfbf3621b			2026-04-27T09:21:04.935141+00:00	sanctoral
34d531e0-d248-54f5-a27f-22144c39d56d	2748	Quirinus (Translatio)		f2aa370f-fe32-5793-bf4d-911cfbf3621b			2026-04-27T09:21:04.935141+00:00	sanctoral
493122c4-fd17-5eb4-aeca-6b53610a8cdf	2749	Quiteria		f2aa370f-fe32-5793-bf4d-911cfbf3621b			2026-04-27T09:21:04.935141+00:00	sanctoral
13c7d8e1-4e4c-5c62-92f1-3f9114a66c37	2750	Radbodus		f2aa370f-fe32-5793-bf4d-911cfbf3621b			2026-04-27T09:21:04.935141+00:00	sanctoral
0b63cce1-2e9e-5a9d-9eb5-26b0f92e6d97	2751	Radegundis monialis		f2aa370f-fe32-5793-bf4d-911cfbf3621b			2026-04-27T09:21:04.935141+00:00	sanctoral
b65cc138-339b-5964-82c2-09166c746667	2752	Radegundis regina		f2aa370f-fe32-5793-bf4d-911cfbf3621b			2026-04-27T09:21:04.935141+00:00	sanctoral
75737e57-2ad2-5236-a1f1-55ba5165b5ac	2753	Radegundis virgo		f2aa370f-fe32-5793-bf4d-911cfbf3621b			2026-04-27T09:21:04.935141+00:00	sanctoral
d01632ae-2682-5630-b4a2-942716d64f62	2754	Radulf		f2aa370f-fe32-5793-bf4d-911cfbf3621b			2026-04-27T09:21:04.935141+00:00	sanctoral
1e0658fb-9055-5ce3-9c5c-3c6d0fdb83e2	2755	Ragenfredis		f2aa370f-fe32-5793-bf4d-911cfbf3621b			2026-04-27T09:21:04.935141+00:00	sanctoral
c1599d61-8307-594a-998f-2c19658aa6fa	2756	Ragnacharius		f2aa370f-fe32-5793-bf4d-911cfbf3621b			2026-04-27T09:21:04.935141+00:00	sanctoral
e9155229-de16-5f51-ba18-f75c7598b7ba	2757	Ragnebertus		f2aa370f-fe32-5793-bf4d-911cfbf3621b			2026-04-27T09:21:04.935141+00:00	sanctoral
ca8e980b-8f09-561e-b7c3-2b3017d00320	2758	Ragnebertus (Revelatio)		f2aa370f-fe32-5793-bf4d-911cfbf3621b			2026-04-27T09:21:04.935141+00:00	sanctoral
b57c8e8b-75eb-5b4d-8f23-bbe402bb4600	2759	Ragnebertus (Translatio)		f2aa370f-fe32-5793-bf4d-911cfbf3621b			2026-04-27T09:21:04.935141+00:00	sanctoral
3e9ee159-b3db-51d0-b6b8-1b390f199eb1	2760	Ragnulphus		f2aa370f-fe32-5793-bf4d-911cfbf3621b			2026-04-27T09:21:04.935141+00:00	sanctoral
d8e6fc3e-0b9e-5ca1-bf80-eb15b443a5e5	2761	Raimundus		f2aa370f-fe32-5793-bf4d-911cfbf3621b			2026-04-27T09:21:04.935141+00:00	sanctoral
bc620f9c-dbc3-53d8-a525-3e0ef1630b0f	2762	Rainerius		f2aa370f-fe32-5793-bf4d-911cfbf3621b			2026-04-27T09:21:04.935141+00:00	sanctoral
e8d8492c-a332-5ab8-b371-5e3809034b52	2763	Raphael		f2aa370f-fe32-5793-bf4d-911cfbf3621b			2026-04-27T09:21:04.935141+00:00	sanctoral
140ff835-a402-5adf-9dfe-7612203412c2	2764	Rasiphus		f2aa370f-fe32-5793-bf4d-911cfbf3621b			2026-04-27T09:21:04.935141+00:00	sanctoral
7cc664ce-57fb-5ff3-bdb3-adae2fe815c7	2765	Rasiphus (Infra octavas)		f2aa370f-fe32-5793-bf4d-911cfbf3621b			2026-04-27T09:21:04.935141+00:00	sanctoral
babac67d-8dbb-5d2e-8a15-c6b742f7466a	2766	Rasiphus (Octava)		f2aa370f-fe32-5793-bf4d-911cfbf3621b			2026-04-27T09:21:04.935141+00:00	sanctoral
f50c9d12-0fdd-51b4-91e3-db83ca1fb2ce	2767	Ravennus		f2aa370f-fe32-5793-bf4d-911cfbf3621b			2026-04-27T09:21:04.935141+00:00	sanctoral
17aa01c5-d5c3-57c3-972c-dc100c00fd5e	2768	Ravennus (Infra octavas)		f2aa370f-fe32-5793-bf4d-911cfbf3621b			2026-04-27T09:21:04.935141+00:00	sanctoral
8973243a-81fa-5d6e-bf8e-c0af617e79a3	2769	Ravennus (Octava)		f2aa370f-fe32-5793-bf4d-911cfbf3621b			2026-04-27T09:21:04.935141+00:00	sanctoral
ffc829aa-3def-5ef6-8cd8-c01de6b49899	2770	Recollectio festorum BMV		f2aa370f-fe32-5793-bf4d-911cfbf3621b			2026-04-27T09:21:04.935141+00:00	sanctoral
9e98e9ea-d0d4-5f91-829a-2ef7c2759e44	2771	Reconditio reliquiarum		f2aa370f-fe32-5793-bf4d-911cfbf3621b			2026-04-27T09:21:04.935141+00:00	sanctoral
73c44ecc-2b1e-5e4b-9508-7cf500ae8e2d	2772	Reductio Normanniae		f2aa370f-fe32-5793-bf4d-911cfbf3621b			2026-04-27T09:21:04.935141+00:00	sanctoral
b64c76ba-c2d8-5dff-94f2-9755759f3587	2773	Regina		f2aa370f-fe32-5793-bf4d-911cfbf3621b			2026-04-27T09:21:04.935141+00:00	sanctoral
8170c7b6-a490-51fd-a167-8534738226dd	2774	Regiswindis		f2aa370f-fe32-5793-bf4d-911cfbf3621b			2026-04-27T09:21:04.935141+00:00	sanctoral
341047e4-d279-550e-b419-60ce5890b975	2775	Regnatus		f2aa370f-fe32-5793-bf4d-911cfbf3621b			2026-04-27T09:21:04.935141+00:00	sanctoral
0f00a4c8-8895-5b0c-96bd-7649875800e3	2776	Regula		f2aa370f-fe32-5793-bf4d-911cfbf3621b			2026-04-27T09:21:04.935141+00:00	sanctoral
5186855b-c707-5b1c-9047-a34f51e8e715	2777	Regulus		f2aa370f-fe32-5793-bf4d-911cfbf3621b			2026-04-27T09:21:04.935141+00:00	sanctoral
81fe1508-d778-557b-a40f-7711212552e5	2778	Regulus (Octava)		f2aa370f-fe32-5793-bf4d-911cfbf3621b			2026-04-27T09:21:04.935141+00:00	sanctoral
71c734f1-f75f-55b8-91ca-ea1b02bad0bf	2779	Regulus (Translatio)		f2aa370f-fe32-5793-bf4d-911cfbf3621b			2026-04-27T09:21:04.935141+00:00	sanctoral
ec539d1b-4e1b-59a9-9a61-4ad752d73ab4	2780	Regulus acolytus		f2aa370f-fe32-5793-bf4d-911cfbf3621b			2026-04-27T09:21:04.935141+00:00	sanctoral
a7d2de5b-af66-51c8-ae5a-738eb7bb1aa8	2781	Remaclus		f2aa370f-fe32-5793-bf4d-911cfbf3621b			2026-04-27T09:21:04.935141+00:00	sanctoral
00d7368a-f395-5648-9d1f-54192f190c9a	2782	Remigius		f2aa370f-fe32-5793-bf4d-911cfbf3621b			2026-04-27T09:21:04.935141+00:00	sanctoral
d864ccbb-44f9-5852-9bb2-ef80d86c7ab4	2783	Remigius (Octava)		f2aa370f-fe32-5793-bf4d-911cfbf3621b			2026-04-27T09:21:04.935141+00:00	sanctoral
1a25af18-e3eb-55de-8e72-1b45721515bd	2784	Remigius (Translatio infra octavas)		f2aa370f-fe32-5793-bf4d-911cfbf3621b			2026-04-27T09:21:04.935141+00:00	sanctoral
be05ca21-76f7-5711-ae84-70e888eb9e0e	2785	Remigius (Translatio Octava)		f2aa370f-fe32-5793-bf4d-911cfbf3621b			2026-04-27T09:21:04.935141+00:00	sanctoral
c5fabe94-33de-57e0-9d06-14b52dde6825	2786	Remigius (Translatio)		f2aa370f-fe32-5793-bf4d-911cfbf3621b			2026-04-27T09:21:04.935141+00:00	sanctoral
77613b01-e4b8-55d0-a09b-feaaa1d76506	2787	Renatus		f2aa370f-fe32-5793-bf4d-911cfbf3621b			2026-04-27T09:21:04.935141+00:00	sanctoral
7c0e3dba-49de-503d-a734-1f6292a46906	2788	Renatus (Infra octavas)		f2aa370f-fe32-5793-bf4d-911cfbf3621b			2026-04-27T09:21:04.935141+00:00	sanctoral
2cc2158b-8ee2-5e2b-a4cb-3a7d8e2cdc11	2789	Renatus (Octava)		f2aa370f-fe32-5793-bf4d-911cfbf3621b			2026-04-27T09:21:04.935141+00:00	sanctoral
5a3f1e5a-97c6-58fd-94f1-f589e0be74d5	2790	Renatus (Translatio)		f2aa370f-fe32-5793-bf4d-911cfbf3621b			2026-04-27T09:21:04.935141+00:00	sanctoral
48e01eb0-363c-5488-8f45-9835984e90df	2791	Reparata		f2aa370f-fe32-5793-bf4d-911cfbf3621b			2026-04-27T09:21:04.935141+00:00	sanctoral
fbc386f6-3731-5583-8ad9-73685a2d28ef	2792	Reportatio Sanguinis Domini		f2aa370f-fe32-5793-bf4d-911cfbf3621b			2026-04-27T09:21:04.935141+00:00	sanctoral
b7bfad1e-f6bf-5036-817d-7e260f0324e8	2793	Respicius		f2aa370f-fe32-5793-bf4d-911cfbf3621b			2026-04-27T09:21:04.935141+00:00	sanctoral
65db4595-2581-5132-9bbf-25c894f48647	2794	Restituta		f2aa370f-fe32-5793-bf4d-911cfbf3621b			2026-04-27T09:21:04.935141+00:00	sanctoral
9002d0d8-a7cd-507a-ae72-81ad0f213599	2795	Restitutio Normaniae		f2aa370f-fe32-5793-bf4d-911cfbf3621b			2026-04-27T09:21:04.935141+00:00	sanctoral
9c72debc-7c73-5cae-b88a-b1a224f957d8	2796	Reticius		f2aa370f-fe32-5793-bf4d-911cfbf3621b			2026-04-27T09:21:04.935141+00:00	sanctoral
a63a9c2a-ab3b-5f24-adc8-7e4e35868798	2797	Revelatus		f2aa370f-fe32-5793-bf4d-911cfbf3621b			2026-04-27T09:21:04.935141+00:00	sanctoral
e19c2bce-489a-59a2-b974-1481b6bcc692	2798	Reverentius		f2aa370f-fe32-5793-bf4d-911cfbf3621b			2026-04-27T09:21:04.935141+00:00	sanctoral
56292fda-f70e-5306-96bd-f8cde57930bd	2799	Reverianus		f2aa370f-fe32-5793-bf4d-911cfbf3621b			2026-04-27T09:21:04.935141+00:00	sanctoral
f9d8530c-3740-5a18-a6cb-ea03b6ceaadf	2800	Revocatus		f2aa370f-fe32-5793-bf4d-911cfbf3621b			2026-04-27T09:21:04.935141+00:00	sanctoral
45b5ddee-15d4-5ef0-acb5-0ad7de2a3a3b	2801	Richardis		f2aa370f-fe32-5793-bf4d-911cfbf3621b			2026-04-27T09:21:04.935141+00:00	sanctoral
183c0145-561d-5194-83cd-7b159558e86d	2802	Richardus episcopus		f2aa370f-fe32-5793-bf4d-911cfbf3621b			2026-04-27T09:21:04.935141+00:00	sanctoral
89f8f34a-a18d-5cc4-8e5d-0eeabedb2b20	2803	Richardus episcopus (Translatio)		f2aa370f-fe32-5793-bf4d-911cfbf3621b			2026-04-27T09:21:04.935141+00:00	sanctoral
7a5968ca-a336-55d4-8d39-d0671962338b	2804	Richardus rex		f2aa370f-fe32-5793-bf4d-911cfbf3621b			2026-04-27T09:21:04.935141+00:00	sanctoral
3769fe4e-e7e5-58c0-b0c3-0f614a7a8247	2805	Richarius		f2aa370f-fe32-5793-bf4d-911cfbf3621b			2026-04-27T09:21:04.935141+00:00	sanctoral
e152be0e-a34d-59d8-9638-84ecb1c36c60	2806	Richarius (Translatio)		f2aa370f-fe32-5793-bf4d-911cfbf3621b			2026-04-27T09:21:04.935141+00:00	sanctoral
36ad3cab-efd3-554f-8558-ccaaaf5a1bf1	2807	Richtrudis		f2aa370f-fe32-5793-bf4d-911cfbf3621b			2026-04-27T09:21:04.935141+00:00	sanctoral
e08abea6-e934-550d-946c-23651b299d34	2808	Rigobertus		f2aa370f-fe32-5793-bf4d-911cfbf3621b			2026-04-27T09:21:04.935141+00:00	sanctoral
995268af-87f7-509d-ab03-e039bb72a164	2809	Rigobertus (Translatio)		f2aa370f-fe32-5793-bf4d-911cfbf3621b			2026-04-27T09:21:04.935141+00:00	sanctoral
c6f588fa-1500-58fd-bc21-5ffdf2549f29	2810	Rigomerus		f2aa370f-fe32-5793-bf4d-911cfbf3621b			2026-04-27T09:21:04.935141+00:00	sanctoral
750cb9e2-fb78-5d98-8154-faa399c3cfe5	2811	Rimbertus		f2aa370f-fe32-5793-bf4d-911cfbf3621b			2026-04-27T09:21:04.935141+00:00	sanctoral
795b983a-db4c-5188-977f-1227531f4705	2812	Robertus		f2aa370f-fe32-5793-bf4d-911cfbf3621b			2026-04-27T09:21:04.935141+00:00	sanctoral
2b517d84-5a40-53bf-be8d-7c0d407337f3	2813	Robertus de Arvernia		f2aa370f-fe32-5793-bf4d-911cfbf3621b			2026-04-27T09:21:04.935141+00:00	sanctoral
e53ca312-803d-5e5a-85d7-c81744b8a857	2814	Robustianus		f2aa370f-fe32-5793-bf4d-911cfbf3621b			2026-04-27T09:21:04.935141+00:00	sanctoral
45cbc3ae-0c56-5e6e-875f-b908703d9dc1	2815	Rogatianus		f2aa370f-fe32-5793-bf4d-911cfbf3621b			2026-04-27T09:21:04.935141+00:00	sanctoral
9fde25d2-cb7a-5b3a-93b8-e170b3d1be3b	2816	Rogatianus (Octava)		f2aa370f-fe32-5793-bf4d-911cfbf3621b			2026-04-27T09:21:04.935141+00:00	sanctoral
c19de487-de94-5f93-bb76-5dea14b87701	2817	Rogatianus (Translatio)		f2aa370f-fe32-5793-bf4d-911cfbf3621b			2026-04-27T09:21:04.935141+00:00	sanctoral
96de58d3-53a7-5251-b811-71f1e4f18f68	2818	Rogatus		f2aa370f-fe32-5793-bf4d-911cfbf3621b			2026-04-27T09:21:04.935141+00:00	sanctoral
dff7ff5e-e952-506b-8ca0-06031d72dd55	2819	Romana		f2aa370f-fe32-5793-bf4d-911cfbf3621b			2026-04-27T09:21:04.935141+00:00	sanctoral
129feef9-7341-519e-9ff7-ed8fa365e9eb	2820	Romanus		f2aa370f-fe32-5793-bf4d-911cfbf3621b			2026-04-27T09:21:04.935141+00:00	sanctoral
81319edf-e3fe-5f6a-870a-fc153429f3f2	2821	Romanus abbas		f2aa370f-fe32-5793-bf4d-911cfbf3621b			2026-04-27T09:21:04.935141+00:00	sanctoral
9f4f33f6-a544-5329-bcf4-3a6af4ab5fa6	2822	Romanus Altissiodorensis		f2aa370f-fe32-5793-bf4d-911cfbf3621b			2026-04-27T09:21:04.935141+00:00	sanctoral
184840cd-a829-5f13-a5a6-7d64684c2fee	2823	Romanus Caesariensis		f2aa370f-fe32-5793-bf4d-911cfbf3621b			2026-04-27T09:21:04.935141+00:00	sanctoral
7094cefb-a156-5ca1-b0c8-eb6dabad4921	2824	Romanus martyr		f2aa370f-fe32-5793-bf4d-911cfbf3621b			2026-04-27T09:21:04.935141+00:00	sanctoral
bf2551bb-be3a-550e-8048-77e92369d40c	2825	Romanus presbyter		f2aa370f-fe32-5793-bf4d-911cfbf3621b			2026-04-27T09:21:04.935141+00:00	sanctoral
347c98c4-f7f5-514b-82fd-9bb487728f4f	2826	Romanus Rotomagensis		f2aa370f-fe32-5793-bf4d-911cfbf3621b			2026-04-27T09:21:04.935141+00:00	sanctoral
494dc814-2716-56ef-8edd-60dfe180d153	2827	Romanus Rotomagensis (Octava)		f2aa370f-fe32-5793-bf4d-911cfbf3621b			2026-04-27T09:21:04.935141+00:00	sanctoral
a7034049-8593-5e8f-946a-78fcc075f1c5	2828	Romanus Rotomagensis (Translatio)		f2aa370f-fe32-5793-bf4d-911cfbf3621b			2026-04-27T09:21:04.935141+00:00	sanctoral
2cb0c986-da4d-5234-85c1-149449f39f77	2829	Romaricus		f2aa370f-fe32-5793-bf4d-911cfbf3621b			2026-04-27T09:21:04.935141+00:00	sanctoral
14c99ce8-52ba-51b4-9e1a-a880113f3feb	2830	Romualdus		f2aa370f-fe32-5793-bf4d-911cfbf3621b			2026-04-27T09:21:04.935141+00:00	sanctoral
9d48b10f-2c26-5985-a455-6c146c818992	2831	Romulus		f2aa370f-fe32-5793-bf4d-911cfbf3621b			2026-04-27T09:21:04.935141+00:00	sanctoral
e922b9f9-e7b3-500f-a9de-f98a91e78617	2832	Ronanus		f2aa370f-fe32-5793-bf4d-911cfbf3621b			2026-04-27T09:21:04.935141+00:00	sanctoral
e5b97e63-e1eb-5b8b-be86-8e14e69dba79	2833	Rosa		f2aa370f-fe32-5793-bf4d-911cfbf3621b			2026-04-27T09:21:04.935141+00:00	sanctoral
a3439178-6bc4-5d22-bb58-3cd676271c5e	2834	Rudesindus		f2aa370f-fe32-5793-bf4d-911cfbf3621b			2026-04-27T09:21:04.935141+00:00	sanctoral
593b0f0c-3b52-5417-a873-a502704c02d9	2835	Rufina		f2aa370f-fe32-5793-bf4d-911cfbf3621b			2026-04-27T09:21:04.935141+00:00	sanctoral
073850ce-f9fd-5c76-96d0-1b8a58199050	2836	Rufina (Octava)		f2aa370f-fe32-5793-bf4d-911cfbf3621b			2026-04-27T09:21:04.935141+00:00	sanctoral
27f59559-7083-5109-b171-4d404bd28dc6	2837	Rufinus		f2aa370f-fe32-5793-bf4d-911cfbf3621b			2026-04-27T09:21:04.935141+00:00	sanctoral
de49ec1f-ea29-5dc3-996d-d9b79b706d9d	2838	Rufinus (Octava)		f2aa370f-fe32-5793-bf4d-911cfbf3621b			2026-04-27T09:21:04.935141+00:00	sanctoral
8cef7856-59f3-50ba-9083-e0f072b82f09	2839	Rufus		f2aa370f-fe32-5793-bf4d-911cfbf3621b			2026-04-27T09:21:04.935141+00:00	sanctoral
6c023c72-722a-5a44-8c4f-b84a84d36a4b	2840	Rufus (Infra octavas)		f2aa370f-fe32-5793-bf4d-911cfbf3621b			2026-04-27T09:21:04.935141+00:00	sanctoral
7ca196fe-3b34-54fd-a66c-9e2033b6912a	2841	Rufus (Octava)		f2aa370f-fe32-5793-bf4d-911cfbf3621b			2026-04-27T09:21:04.935141+00:00	sanctoral
9126e528-1d4d-589b-bcc5-aa87ee5395b2	2842	Rufus martyr Capuae		f2aa370f-fe32-5793-bf4d-911cfbf3621b			2026-04-27T09:21:04.935141+00:00	sanctoral
9b7199fe-df0c-523b-9082-f4f7f42d7a5a	2843	Rufus Metensis		f2aa370f-fe32-5793-bf4d-911cfbf3621b			2026-04-27T09:21:04.935141+00:00	sanctoral
e049e82e-0353-5dc6-b108-956e4f24eeb4	2844	Rumoldus		f2aa370f-fe32-5793-bf4d-911cfbf3621b			2026-04-27T09:21:04.935141+00:00	sanctoral
2bb3ac1b-4eca-5da0-b714-e8e041ee9b67	2845	Rumpharius		f2aa370f-fe32-5793-bf4d-911cfbf3621b			2026-04-27T09:21:04.935141+00:00	sanctoral
cfd12dd1-a3fa-5149-90c6-ede13dea8aba	2846	Rupertus (Translatio Octava)		f2aa370f-fe32-5793-bf4d-911cfbf3621b			2026-04-27T09:21:04.935141+00:00	sanctoral
6a2fe5bf-a2b4-558c-82f6-35b8963be533	2847	Rupertus (Translatio)		f2aa370f-fe32-5793-bf4d-911cfbf3621b			2026-04-27T09:21:04.935141+00:00	sanctoral
f75d67bc-f6df-512f-b1f7-3fcfecafbbc8	2848	Rusticianus		f2aa370f-fe32-5793-bf4d-911cfbf3621b			2026-04-27T09:21:04.935141+00:00	sanctoral
6bcf5558-7309-532d-ab77-572774051cf5	2849	Rusticula		f2aa370f-fe32-5793-bf4d-911cfbf3621b			2026-04-27T09:21:04.935141+00:00	sanctoral
68bcf7ae-c33e-51fe-b915-ea09297ea27d	2850	Rusticus		f2aa370f-fe32-5793-bf4d-911cfbf3621b			2026-04-27T09:21:04.935141+00:00	sanctoral
2c745a72-57c9-5b3e-ada6-c043df69b4be	2851	Rusticus (Inventio)		f2aa370f-fe32-5793-bf4d-911cfbf3621b			2026-04-27T09:21:04.935141+00:00	sanctoral
fdb9f31c-700a-57f7-b7ad-245ddc50475c	2852	Rusticus Treverensis		f2aa370f-fe32-5793-bf4d-911cfbf3621b			2026-04-27T09:21:04.935141+00:00	sanctoral
f84addee-aed8-5dcf-af91-3bfaa38ea14b	2853	Rusticus Trevirensis		f2aa370f-fe32-5793-bf4d-911cfbf3621b			2026-04-27T09:21:04.935141+00:00	sanctoral
288d6946-aa7f-5a6a-8fbf-34dda6c5ea2f	2854	Sabas		f2aa370f-fe32-5793-bf4d-911cfbf3621b			2026-04-27T09:21:04.935141+00:00	sanctoral
e0399b36-e168-52fd-a4a6-07604e65a407	2855	Sabianus		f2aa370f-fe32-5793-bf4d-911cfbf3621b			2026-04-27T09:21:04.935141+00:00	sanctoral
be828456-2ee2-5042-b725-51ab4bed84c6	2856	Sabianus Trecensis		f2aa370f-fe32-5793-bf4d-911cfbf3621b			2026-04-27T09:21:04.935141+00:00	sanctoral
cd9f11fb-fa8d-561e-97e8-c9cdcc48efe7	2857	Sabina		f2aa370f-fe32-5793-bf4d-911cfbf3621b			2026-04-27T09:21:04.935141+00:00	sanctoral
ccd92b9e-5c2e-52b9-bb76-61eaec9cc53c	2858	Sabina Trecensis		f2aa370f-fe32-5793-bf4d-911cfbf3621b			2026-04-27T09:21:04.935141+00:00	sanctoral
7979ea65-e1ee-5f33-bbb0-de342a096e6b	2859	Sabinas		f2aa370f-fe32-5793-bf4d-911cfbf3621b			2026-04-27T09:21:04.935141+00:00	sanctoral
b7613dc3-ea0e-506c-936f-e37a1d4f8814	2860	Sabinianus		f2aa370f-fe32-5793-bf4d-911cfbf3621b			2026-04-27T09:21:04.935141+00:00	sanctoral
1f87c983-4598-597e-8372-6223d2047d2b	2861	Sabinianus (Octava)		f2aa370f-fe32-5793-bf4d-911cfbf3621b			2026-04-27T09:21:04.935141+00:00	sanctoral
0b4cebc4-d38a-5875-98be-fe53bc64ae19	2862	Sabinianus (Translatio)		f2aa370f-fe32-5793-bf4d-911cfbf3621b			2026-04-27T09:21:04.935141+00:00	sanctoral
bf23c333-4315-5d83-a9d9-44c4e848ceb9	2863	Sabinus		f2aa370f-fe32-5793-bf4d-911cfbf3621b			2026-04-27T09:21:04.935141+00:00	sanctoral
34ace125-676f-5729-b16d-41e2814f451d	2864	Sacerdos Lemovicensis		f2aa370f-fe32-5793-bf4d-911cfbf3621b			2026-04-27T09:21:04.935141+00:00	sanctoral
eb07a366-8c48-5517-8e81-c9542dbf28fe	2865	Sacerdos Lugdunensis		f2aa370f-fe32-5793-bf4d-911cfbf3621b			2026-04-27T09:21:04.935141+00:00	sanctoral
c748c517-a669-5032-9116-f47e1a14ae2f	2866	Salaberga		f2aa370f-fe32-5793-bf4d-911cfbf3621b			2026-04-27T09:21:04.935141+00:00	sanctoral
9c63a462-0128-5479-bacb-7741c2c31466	2867	Salivius		f2aa370f-fe32-5793-bf4d-911cfbf3621b			2026-04-27T09:21:04.935141+00:00	sanctoral
187c9878-7c4c-55f6-be2a-56762915d511	2868	Sallustius		f2aa370f-fe32-5793-bf4d-911cfbf3621b			2026-04-27T09:21:04.935141+00:00	sanctoral
0b2427ed-f102-5806-97bf-e70c7efe0ae7	2869	Salome		f2aa370f-fe32-5793-bf4d-911cfbf3621b			2026-04-27T09:21:04.935141+00:00	sanctoral
d84b9bf2-46f3-5996-9a10-b9f30f634275	2870	Salomon		f2aa370f-fe32-5793-bf4d-911cfbf3621b			2026-04-27T09:21:04.935141+00:00	sanctoral
024189b0-e42b-5ca0-a635-578ca5d47cdf	2871	Salsa		f2aa370f-fe32-5793-bf4d-911cfbf3621b			2026-04-27T09:21:04.935141+00:00	sanctoral
93a0cf6f-6b31-50d4-ad43-4e6a27dc08c5	2872	Salvius		f2aa370f-fe32-5793-bf4d-911cfbf3621b			2026-04-27T09:21:04.935141+00:00	sanctoral
ffef029c-a98e-5b38-ae56-922a65525934	2873	Samson		f2aa370f-fe32-5793-bf4d-911cfbf3621b			2026-04-27T09:21:04.935141+00:00	sanctoral
0aa6de64-3665-5973-b126-072e7a51369e	2874	Samson (Infra octavas)		f2aa370f-fe32-5793-bf4d-911cfbf3621b			2026-04-27T09:21:04.935141+00:00	sanctoral
42bbc37f-4b61-5a3e-b9cd-ae7540ab0093	2875	Samson (Octava)		f2aa370f-fe32-5793-bf4d-911cfbf3621b			2026-04-27T09:21:04.935141+00:00	sanctoral
513a7b6f-f1ec-548e-ac3c-c66c494c5b13	2876	Samson (Ordinatio)		f2aa370f-fe32-5793-bf4d-911cfbf3621b			2026-04-27T09:21:04.935141+00:00	sanctoral
aa8e9b69-32c6-5015-9329-67a6f037b6e6	2877	Sancta Lacrima		f2aa370f-fe32-5793-bf4d-911cfbf3621b			2026-04-27T09:21:04.935141+00:00	sanctoral
79dff839-f413-5427-a877-7b1b5b23c387	2878	Sanctarum sororum		f2aa370f-fe32-5793-bf4d-911cfbf3621b			2026-04-27T09:21:04.935141+00:00	sanctoral
dc745c63-27e4-59dc-9a67-f909130c9cb4	2879	Sanctianus		f2aa370f-fe32-5793-bf4d-911cfbf3621b			2026-04-27T09:21:04.935141+00:00	sanctoral
5ee910cf-74be-5a23-8e87-d6f73d16005e	2880	Sanctinus		f2aa370f-fe32-5793-bf4d-911cfbf3621b			2026-04-27T09:21:04.935141+00:00	sanctoral
c61a41e8-d33a-561a-95f6-9657bf8a5855	2881	Sanctinus (Octava)		f2aa370f-fe32-5793-bf4d-911cfbf3621b			2026-04-27T09:21:04.935141+00:00	sanctoral
568f6228-cafe-52c8-b025-7b4e746164f9	2882	Sandalius		f2aa370f-fe32-5793-bf4d-911cfbf3621b			2026-04-27T09:21:04.935141+00:00	sanctoral
465152f4-199e-53aa-aa36-e29ea396187d	2883	Sanguis et Aqua		f2aa370f-fe32-5793-bf4d-911cfbf3621b			2026-04-27T09:21:04.935141+00:00	sanctoral
ca31b9f8-ff92-52f7-97aa-99f447ff9e8f	2884	Sapientia		f2aa370f-fe32-5793-bf4d-911cfbf3621b			2026-04-27T09:21:04.935141+00:00	sanctoral
62b792dd-4afc-5ee1-83ba-4712ec8e7518	2885	Sarius		f2aa370f-fe32-5793-bf4d-911cfbf3621b			2026-04-27T09:21:04.935141+00:00	sanctoral
8f252f51-450f-550a-8d97-b6f5c3fb211c	2886	Saturianus		f2aa370f-fe32-5793-bf4d-911cfbf3621b			2026-04-27T09:21:04.935141+00:00	sanctoral
dc01799e-74d7-54dc-80dd-d10ae07e70f5	2887	Saturnina Atrebatensis		f2aa370f-fe32-5793-bf4d-911cfbf3621b			2026-04-27T09:21:04.935141+00:00	sanctoral
939bfcf0-310f-5fe1-9387-352f48b156c4	2888	Saturnina Romana		f2aa370f-fe32-5793-bf4d-911cfbf3621b			2026-04-27T09:21:04.935141+00:00	sanctoral
2de0b27f-2274-5bac-8356-c29cef6fd3fb	2889	Saturninus		f2aa370f-fe32-5793-bf4d-911cfbf3621b			2026-04-27T09:21:04.935141+00:00	sanctoral
7f2dd6a4-5d9b-56b2-bb5e-71102f938990	2890	Saturninus (Octava)		f2aa370f-fe32-5793-bf4d-911cfbf3621b			2026-04-27T09:21:04.935141+00:00	sanctoral
348472a2-5862-5399-9040-421458e10807	2891	Saturninus (Translatio)		f2aa370f-fe32-5793-bf4d-911cfbf3621b			2026-04-27T09:21:04.935141+00:00	sanctoral
cc470728-a0a0-51e4-a90e-9403ae859f2f	2892	Satyrus		f2aa370f-fe32-5793-bf4d-911cfbf3621b			2026-04-27T09:21:04.935141+00:00	sanctoral
dd3c08e9-43d7-504f-a786-cef24d17b0a8	2893	Satyrus (Depositio)		f2aa370f-fe32-5793-bf4d-911cfbf3621b			2026-04-27T09:21:04.935141+00:00	sanctoral
84f17ca8-35dd-5141-b40f-2f1841efde19	2894	Savina		f2aa370f-fe32-5793-bf4d-911cfbf3621b			2026-04-27T09:21:04.935141+00:00	sanctoral
2cd1b2bc-9cc8-5058-8cbd-c79f3864a84e	2895	Savinianus		f2aa370f-fe32-5793-bf4d-911cfbf3621b			2026-04-27T09:21:04.935141+00:00	sanctoral
42485f93-2ba0-5a09-a2eb-df5cb89d352e	2896	Savinianus (Translatio)		f2aa370f-fe32-5793-bf4d-911cfbf3621b			2026-04-27T09:21:04.935141+00:00	sanctoral
48672044-2813-5986-a83e-a98233a7e064	2897	Savinus		f2aa370f-fe32-5793-bf4d-911cfbf3621b			2026-04-27T09:21:04.935141+00:00	sanctoral
3cce7bec-292f-5b64-b8e1-f4e095dbeda5	2898	Scholastica (Translatio)		f2aa370f-fe32-5793-bf4d-911cfbf3621b			2026-04-27T09:21:04.935141+00:00	sanctoral
b6fb2052-831a-52da-a38d-9baa74caddf3	2899	Scillitani martyres		f2aa370f-fe32-5793-bf4d-911cfbf3621b			2026-04-27T09:21:04.935141+00:00	sanctoral
a71e4f81-b749-5958-ab05-ca5a1bfe211e	2900	Scubiculus		f2aa370f-fe32-5793-bf4d-911cfbf3621b			2026-04-27T09:21:04.935141+00:00	sanctoral
547b2f87-1834-5891-8beb-b54e10404abd	2901	Sebaldus		f2aa370f-fe32-5793-bf4d-911cfbf3621b			2026-04-27T09:21:04.935141+00:00	sanctoral
7813c769-a1b0-5b2d-a8e2-2d341a2e80cf	2902	Sebastianus (Inventio)		f2aa370f-fe32-5793-bf4d-911cfbf3621b			2026-04-27T09:21:04.935141+00:00	sanctoral
182bc7e3-6c65-557d-b486-846aec345fd2	2903	Sebastianus (Octava)		f2aa370f-fe32-5793-bf4d-911cfbf3621b			2026-04-27T09:21:04.935141+00:00	sanctoral
6716da0c-5781-52e2-92b7-628c0b6d79ac	2904	Seculina		f2aa370f-fe32-5793-bf4d-911cfbf3621b			2026-04-27T09:21:04.935141+00:00	sanctoral
c30d062c-9712-5283-a922-d7ab5a8df4b7	2905	Secunda		f2aa370f-fe32-5793-bf4d-911cfbf3621b			2026-04-27T09:21:04.935141+00:00	sanctoral
d18e081b-65ff-5fdb-b231-516f59b9306b	2906	Secunda allatio reliquiarum Pragensium		f2aa370f-fe32-5793-bf4d-911cfbf3621b			2026-04-27T09:21:04.935141+00:00	sanctoral
24f68e8c-d65b-5690-b3ec-156ffcdffe02	2907	Secundianus		f2aa370f-fe32-5793-bf4d-911cfbf3621b			2026-04-27T09:21:04.935141+00:00	sanctoral
642835f8-68e9-5c0a-b618-fcfb9935b7d1	2908	Secundina		f2aa370f-fe32-5793-bf4d-911cfbf3621b			2026-04-27T09:21:04.935141+00:00	sanctoral
5c1fce52-91b4-570c-b92e-e5c03bd0c3f0	2909	Secundinus		f2aa370f-fe32-5793-bf4d-911cfbf3621b			2026-04-27T09:21:04.935141+00:00	sanctoral
100778ec-9603-547e-a65b-871253058431	2910	Secundinus Cordubensis		f2aa370f-fe32-5793-bf4d-911cfbf3621b			2026-04-27T09:21:04.935141+00:00	sanctoral
81fb2934-2a96-5090-998d-ed3000c616ac	2911	Secundolus		f2aa370f-fe32-5793-bf4d-911cfbf3621b			2026-04-27T09:21:04.935141+00:00	sanctoral
7dcd712a-6f78-5fc7-aaf7-9201e6bda594	2912	Secundus		f2aa370f-fe32-5793-bf4d-911cfbf3621b			2026-04-27T09:21:04.935141+00:00	sanctoral
a02f94cc-a2ed-52b7-93c8-e93f84f0f98a	2913	Secundus Abulensis		f2aa370f-fe32-5793-bf4d-911cfbf3621b			2026-04-27T09:21:04.935141+00:00	sanctoral
ce806f55-e2d0-5474-9a7e-aef2e2e287ff	2914	Seleucus		f2aa370f-fe32-5793-bf4d-911cfbf3621b			2026-04-27T09:21:04.935141+00:00	sanctoral
dadfb9cc-d6af-586e-ac2f-bf5d33634bd2	2915	Senanus		f2aa370f-fe32-5793-bf4d-911cfbf3621b			2026-04-27T09:21:04.935141+00:00	sanctoral
48da4e81-a6c6-5fa3-be3e-d4e87dc1fd70	2916	Senator		f2aa370f-fe32-5793-bf4d-911cfbf3621b			2026-04-27T09:21:04.935141+00:00	sanctoral
e68cd425-c2da-59c5-8c2f-b77f41f50971	2917	Senes		f2aa370f-fe32-5793-bf4d-911cfbf3621b			2026-04-27T09:21:04.935141+00:00	sanctoral
57626df5-796d-5cdf-b31f-8203f79a3a67	2918	Sennis		f2aa370f-fe32-5793-bf4d-911cfbf3621b			2026-04-27T09:21:04.935141+00:00	sanctoral
ee16ef7c-d864-5eb1-8495-ed0005747125	2919	Sequanus		f2aa370f-fe32-5793-bf4d-911cfbf3621b			2026-04-27T09:21:04.935141+00:00	sanctoral
c2c92769-39e2-5192-9531-f44e5d3de185	2920	Seraphia		f2aa370f-fe32-5793-bf4d-911cfbf3621b			2026-04-27T09:21:04.935141+00:00	sanctoral
5ac30ae5-dc09-5d14-a66a-98b56106a013	2921	Serapion		f2aa370f-fe32-5793-bf4d-911cfbf3621b			2026-04-27T09:21:04.935141+00:00	sanctoral
03cc1a91-9060-5e30-9f63-921c280fe7ef	2922	Serapion episcopus		f2aa370f-fe32-5793-bf4d-911cfbf3621b			2026-04-27T09:21:04.935141+00:00	sanctoral
e8ce1716-24bc-5e9b-98e1-130811133560	2923	Serapion martyr		f2aa370f-fe32-5793-bf4d-911cfbf3621b			2026-04-27T09:21:04.935141+00:00	sanctoral
8be716b3-1fdf-5de2-81fa-c354951be43e	2924	Serena		f2aa370f-fe32-5793-bf4d-911cfbf3621b			2026-04-27T09:21:04.935141+00:00	sanctoral
d86aee3a-884b-526d-b9ce-cc2f22d188af	2925	Serenedus		f2aa370f-fe32-5793-bf4d-911cfbf3621b			2026-04-27T09:21:04.935141+00:00	sanctoral
632c415d-a6a9-5d5a-ab0e-a9f272bd3d44	2926	Serenicus		f2aa370f-fe32-5793-bf4d-911cfbf3621b			2026-04-27T09:21:04.935141+00:00	sanctoral
98b7020d-f4df-5586-865b-09a0550fa054	2927	Serenus		f2aa370f-fe32-5793-bf4d-911cfbf3621b			2026-04-27T09:21:04.935141+00:00	sanctoral
5aee6523-fb09-574b-8fcc-c446d48c0439	2928	Serenus et 72 martyres		f2aa370f-fe32-5793-bf4d-911cfbf3621b			2026-04-27T09:21:04.935141+00:00	sanctoral
c6cf8108-8bd7-5562-9b84-eef1c96bee95	2929	Serenus papa		f2aa370f-fe32-5793-bf4d-911cfbf3621b			2026-04-27T09:21:04.935141+00:00	sanctoral
a2f1e057-61a5-57ac-80e2-0875b95237a2	2930	Sergius		f2aa370f-fe32-5793-bf4d-911cfbf3621b			2026-04-27T09:21:04.935141+00:00	sanctoral
d89e59cc-412c-592c-9c4f-03f659c6dfe0	2931	Sergius (Exceptio reliquiarum)		f2aa370f-fe32-5793-bf4d-911cfbf3621b			2026-04-27T09:21:04.935141+00:00	sanctoral
829ef49f-5040-5fca-8f82-44450370aec6	2932	Sergius papa		f2aa370f-fe32-5793-bf4d-911cfbf3621b			2026-04-27T09:21:04.935141+00:00	sanctoral
2fbc8f29-f5b8-5f30-91dd-1a4ca3e88d55	2933	Seronius		f2aa370f-fe32-5793-bf4d-911cfbf3621b			2026-04-27T09:21:04.935141+00:00	sanctoral
a4d69a4c-2cd5-5af9-bf39-e6cd8542c182	2934	Serotinus		f2aa370f-fe32-5793-bf4d-911cfbf3621b			2026-04-27T09:21:04.935141+00:00	sanctoral
b166e0be-1ba0-585e-8840-38b8a6068953	2935	Servandus		f2aa370f-fe32-5793-bf4d-911cfbf3621b			2026-04-27T09:21:04.935141+00:00	sanctoral
30d801f6-c702-57c4-a8af-401ae0249120	2936	Servandus (Octava)		f2aa370f-fe32-5793-bf4d-911cfbf3621b			2026-04-27T09:21:04.935141+00:00	sanctoral
5a824b09-0bae-503e-b6d2-a28c0f612773	2937	Servandus (Translatio)		f2aa370f-fe32-5793-bf4d-911cfbf3621b			2026-04-27T09:21:04.935141+00:00	sanctoral
8f1c8799-8b6d-517b-af2f-f73d8da499c0	2938	Servatius		f2aa370f-fe32-5793-bf4d-911cfbf3621b			2026-04-27T09:21:04.935141+00:00	sanctoral
cf4ef624-eaf0-5297-bcf4-a14234b674c4	2939	Servatius (Translatio)		f2aa370f-fe32-5793-bf4d-911cfbf3621b			2026-04-27T09:21:04.935141+00:00	sanctoral
4a560a96-ef66-5c51-99f4-6be1f2401fd5	2940	Servilianus		f2aa370f-fe32-5793-bf4d-911cfbf3621b			2026-04-27T09:21:04.935141+00:00	sanctoral
4c8193c7-464d-5f95-8432-ee96a16d550d	2941	Servitius		f2aa370f-fe32-5793-bf4d-911cfbf3621b			2026-04-27T09:21:04.935141+00:00	sanctoral
5725d3f9-140c-5f64-a1f3-c63bf4495f45	2942	Servulus		f2aa370f-fe32-5793-bf4d-911cfbf3621b			2026-04-27T09:21:04.935141+00:00	sanctoral
fe810ac0-cac6-5746-892c-5845a81c4c3f	2943	Servulus confessor		f2aa370f-fe32-5793-bf4d-911cfbf3621b			2026-04-27T09:21:04.935141+00:00	sanctoral
1797ef16-1c95-5d3d-894e-ac35727359d0	2944	Severa		f2aa370f-fe32-5793-bf4d-911cfbf3621b			2026-04-27T09:21:04.935141+00:00	sanctoral
e1f5cbe5-bfa4-58c7-b16c-12481f9136d4	2945	Severianus		f2aa370f-fe32-5793-bf4d-911cfbf3621b			2026-04-27T09:21:04.935141+00:00	sanctoral
fcd38d4e-a4af-5aef-ae21-47707c19afe7	2946	Severianus Mimatensis		f2aa370f-fe32-5793-bf4d-911cfbf3621b			2026-04-27T09:21:04.935141+00:00	sanctoral
4a54c991-5075-5cd7-8a1d-825a44e463e9	2947	Severinus		f2aa370f-fe32-5793-bf4d-911cfbf3621b			2026-04-27T09:21:04.935141+00:00	sanctoral
e1dad3d4-2c21-5249-99fd-561e1c9a254e	2948	Severinus (Translatio)		f2aa370f-fe32-5793-bf4d-911cfbf3621b			2026-04-27T09:21:04.935141+00:00	sanctoral
433e4071-7de3-5210-97d3-9c3433887afc	2949	Severinus Burdigalensis		f2aa370f-fe32-5793-bf4d-911cfbf3621b			2026-04-27T09:21:04.935141+00:00	sanctoral
d42d5f31-73aa-57ac-843f-fb89351dcdcc	2950	Severinus episcopus		f2aa370f-fe32-5793-bf4d-911cfbf3621b			2026-04-27T09:21:04.935141+00:00	sanctoral
4bca99ee-1d37-5b2c-90e0-e1385018ee0d	2951	Severinus monachus		f2aa370f-fe32-5793-bf4d-911cfbf3621b			2026-04-27T09:21:04.935141+00:00	sanctoral
8dba6612-bd20-589f-b404-bcad23b3187e	2952	Severius		f2aa370f-fe32-5793-bf4d-911cfbf3621b			2026-04-27T09:21:04.935141+00:00	sanctoral
fd03824f-d769-5fdf-9a30-82b939b5390b	2953	Severus		f2aa370f-fe32-5793-bf4d-911cfbf3621b			2026-04-27T09:21:04.935141+00:00	sanctoral
84641cf5-015b-54c5-8ad5-8c943f1e212f	2954	Severus (Translatio)		f2aa370f-fe32-5793-bf4d-911cfbf3621b			2026-04-27T09:21:04.935141+00:00	sanctoral
cb3b06c4-1345-582b-a3cd-ff5a569eed93	2955	Severus Agathensis		f2aa370f-fe32-5793-bf4d-911cfbf3621b			2026-04-27T09:21:04.935141+00:00	sanctoral
fc67aa06-2f7e-5f46-9300-6350ef355c4d	2956	Severus Treverensis		f2aa370f-fe32-5793-bf4d-911cfbf3621b			2026-04-27T09:21:04.935141+00:00	sanctoral
ebd2bf0c-f0d4-56e0-a407-7ee949c9be60	2957	Seznius		f2aa370f-fe32-5793-bf4d-911cfbf3621b			2026-04-27T09:21:04.935141+00:00	sanctoral
4eafe876-3315-5c23-930d-70efbbfcbd29	2958	Sicharius		f2aa370f-fe32-5793-bf4d-911cfbf3621b			2026-04-27T09:21:04.935141+00:00	sanctoral
e3ac4a96-fb76-5660-b301-615e30c7bb3e	2959	Sidonius		f2aa370f-fe32-5793-bf4d-911cfbf3621b			2026-04-27T09:21:04.935141+00:00	sanctoral
fa726861-9eb8-5fe3-a54e-57bd2c3e2105	2960	Sidronius		f2aa370f-fe32-5793-bf4d-911cfbf3621b			2026-04-27T09:21:04.935141+00:00	sanctoral
9307ec5d-eb80-5f64-84e4-e0a2e773710a	2961	Sifredus		f2aa370f-fe32-5793-bf4d-911cfbf3621b			2026-04-27T09:21:04.935141+00:00	sanctoral
9fa005a0-5a1f-583c-8f43-86ad9d159d04	2962	Sigisbertus		f2aa370f-fe32-5793-bf4d-911cfbf3621b			2026-04-27T09:21:04.935141+00:00	sanctoral
fd2945fb-7282-5dd8-b612-b07bc7ceb5c8	2963	Sigismundus		f2aa370f-fe32-5793-bf4d-911cfbf3621b			2026-04-27T09:21:04.935141+00:00	sanctoral
f2461786-4da0-52f2-b608-152d7b2f92f5	2964	Sigismundus (Octava)		f2aa370f-fe32-5793-bf4d-911cfbf3621b			2026-04-27T09:21:04.935141+00:00	sanctoral
8961f509-b98d-5637-b8ef-beb954b5559f	2965	Sigismundus (Translatio)		f2aa370f-fe32-5793-bf4d-911cfbf3621b			2026-04-27T09:21:04.935141+00:00	sanctoral
ad962090-44a6-5605-9b89-ac472916e82f	2966	Sigo		f2aa370f-fe32-5793-bf4d-911cfbf3621b			2026-04-27T09:21:04.935141+00:00	sanctoral
03324e89-234a-5578-818e-4f5cff105d7b	2967	Silas		f2aa370f-fe32-5793-bf4d-911cfbf3621b			2026-04-27T09:21:04.935141+00:00	sanctoral
771bf7c2-2841-5aad-b27a-192deeb95774	2968	Sillinus		f2aa370f-fe32-5793-bf4d-911cfbf3621b			2026-04-27T09:21:04.935141+00:00	sanctoral
13f6befb-9302-5f20-ba15-66cfad557e92	2969	Silvanus		f2aa370f-fe32-5793-bf4d-911cfbf3621b			2026-04-27T09:21:04.935141+00:00	sanctoral
7489b630-b244-536c-96fb-d0ef5f17b1bf	2970	Silverius		f2aa370f-fe32-5793-bf4d-911cfbf3621b			2026-04-27T09:21:04.935141+00:00	sanctoral
2680dc51-2b3b-559e-9ea8-70904088b588	2971	Silverius papa		f2aa370f-fe32-5793-bf4d-911cfbf3621b			2026-04-27T09:21:04.935141+00:00	sanctoral
7ba54511-888b-5a01-9952-60c8db048f54	2972	Silvester		f2aa370f-fe32-5793-bf4d-911cfbf3621b			2026-04-27T09:21:04.935141+00:00	sanctoral
98392eb4-154f-564c-80ce-aca6847db829	2973	Silvester Cabilonensis		f2aa370f-fe32-5793-bf4d-911cfbf3621b			2026-04-27T09:21:04.935141+00:00	sanctoral
78ce6cf2-c650-5abe-830d-66c83ce573cf	2974	Silvester papa		f2aa370f-fe32-5793-bf4d-911cfbf3621b			2026-04-27T09:21:04.935141+00:00	sanctoral
96f9e8e4-16db-5f49-8d33-c58e3aac745e	2975	Silvinus		f2aa370f-fe32-5793-bf4d-911cfbf3621b			2026-04-27T09:21:04.935141+00:00	sanctoral
ccef224a-f9e0-5303-8924-cc377a19046a	2976	Silvius Tolosanus		f2aa370f-fe32-5793-bf4d-911cfbf3621b			2026-04-27T09:21:04.935141+00:00	sanctoral
8c9a4662-fc28-576c-8025-a67cdbb467d1	2977	Simeon		f2aa370f-fe32-5793-bf4d-911cfbf3621b			2026-04-27T09:21:04.935141+00:00	sanctoral
1a8d6db3-b7b9-5991-a70f-d0e50856c51a	2978	Simeon episcopus		f2aa370f-fe32-5793-bf4d-911cfbf3621b			2026-04-27T09:21:04.935141+00:00	sanctoral
5c198f18-923e-58ed-aa9b-2593864f077a	2979	Simeon Metensis		f2aa370f-fe32-5793-bf4d-911cfbf3621b			2026-04-27T09:21:04.935141+00:00	sanctoral
d80af7a8-e41d-543c-bda2-9cfcd575d9d8	2980	Simeon monachus		f2aa370f-fe32-5793-bf4d-911cfbf3621b			2026-04-27T09:21:04.935141+00:00	sanctoral
e3bb9c10-2b1b-5d1b-8075-26c2ab6dbb5b	2981	Simeon Trevirensis		f2aa370f-fe32-5793-bf4d-911cfbf3621b			2026-04-27T09:21:04.935141+00:00	sanctoral
2c61487e-6b93-50ec-9caa-b4a77dc3d601	2982	Similianus		f2aa370f-fe32-5793-bf4d-911cfbf3621b			2026-04-27T09:21:04.935141+00:00	sanctoral
381e48e7-e11e-564d-8304-2222d45b17fe	2983	Simon apostolus		f2aa370f-fe32-5793-bf4d-911cfbf3621b			2026-04-27T09:21:04.935141+00:00	sanctoral
99c46e00-6db3-55cd-9207-ba832633527d	2984	Simon apostolus (Infra octavas)		f2aa370f-fe32-5793-bf4d-911cfbf3621b			2026-04-27T09:21:04.935141+00:00	sanctoral
09c4ac77-8f48-58bf-b088-507ab5c08f4d	2985	Simon apostolus (Octava)		f2aa370f-fe32-5793-bf4d-911cfbf3621b			2026-04-27T09:21:04.935141+00:00	sanctoral
d3bbe93a-4574-55ae-aeca-5e4b2aed6e2a	2986	Simon apostolus (Vigilia)		f2aa370f-fe32-5793-bf4d-911cfbf3621b			2026-04-27T09:21:04.935141+00:00	sanctoral
a657d132-0c46-5d96-b615-1a928047e9af	2987	Simon Hierosolymitanus		f2aa370f-fe32-5793-bf4d-911cfbf3621b			2026-04-27T09:21:04.935141+00:00	sanctoral
06ab3bc7-6bf4-560d-9a6c-54205d5ba22b	2988	Simplicianus		f2aa370f-fe32-5793-bf4d-911cfbf3621b			2026-04-27T09:21:04.935141+00:00	sanctoral
c7ad49a6-6fc8-5b22-ab35-18d73cd05285	2989	Simplicianus (Vigilia)		f2aa370f-fe32-5793-bf4d-911cfbf3621b			2026-04-27T09:21:04.935141+00:00	sanctoral
cf9efa73-b58f-5b0b-8cc3-f04e64980404	2990	Simplicius		f2aa370f-fe32-5793-bf4d-911cfbf3621b			2026-04-27T09:21:04.935141+00:00	sanctoral
d7e72eb0-f0d2-5509-9dc4-366edb6b837b	2991	Simplicius Eduensis		f2aa370f-fe32-5793-bf4d-911cfbf3621b			2026-04-27T09:21:04.935141+00:00	sanctoral
8a95a450-9fc0-5485-b9b2-efacb087a58b	2992	Simplicius papa		f2aa370f-fe32-5793-bf4d-911cfbf3621b			2026-04-27T09:21:04.935141+00:00	sanctoral
36c983ca-1aa6-5b54-8899-8abb2e5f8234	2993	Sindulfus		f2aa370f-fe32-5793-bf4d-911cfbf3621b			2026-04-27T09:21:04.935141+00:00	sanctoral
54913bdf-d596-518c-9a6d-e55c18559e53	2994	Sinerius		f2aa370f-fe32-5793-bf4d-911cfbf3621b			2026-04-27T09:21:04.935141+00:00	sanctoral
6e48ba7e-2dad-5574-8611-56626f87b144	2995	Sinnicius		f2aa370f-fe32-5793-bf4d-911cfbf3621b			2026-04-27T09:21:04.935141+00:00	sanctoral
3257623d-5401-587f-8a41-e0f3fbd0e60d	2996	Sirenus		f2aa370f-fe32-5793-bf4d-911cfbf3621b			2026-04-27T09:21:04.935141+00:00	sanctoral
5a690502-ab7d-51c3-a48a-075100146482	2997	Sirenus (Translatio)		f2aa370f-fe32-5793-bf4d-911cfbf3621b			2026-04-27T09:21:04.935141+00:00	sanctoral
9d85d677-9935-5e64-b82a-b8089fb17698	2998	Siricius		f2aa370f-fe32-5793-bf4d-911cfbf3621b			2026-04-27T09:21:04.935141+00:00	sanctoral
fc83eaa2-6c59-5172-a9e1-26dbef1b410c	2999	Sisinnius		f2aa370f-fe32-5793-bf4d-911cfbf3621b			2026-04-27T09:21:04.935141+00:00	sanctoral
e16b2c04-24f9-5894-95de-87d644857809	3000	Sisinus		f2aa370f-fe32-5793-bf4d-911cfbf3621b			2026-04-27T09:21:04.935141+00:00	sanctoral
600495f1-855e-5176-8e85-b59cf0e28dbb	3001	Sisinus (Vigilia)		f2aa370f-fe32-5793-bf4d-911cfbf3621b			2026-04-27T09:21:04.935141+00:00	sanctoral
9b88ef27-c286-5ace-bcb4-0dd0c1780cdf	3002	Sitius		f2aa370f-fe32-5793-bf4d-911cfbf3621b			2026-04-27T09:21:04.935141+00:00	sanctoral
3ead836a-fbc8-5212-9581-1660124fee24	3003	Siviardus		f2aa370f-fe32-5793-bf4d-911cfbf3621b			2026-04-27T09:21:04.935141+00:00	sanctoral
88028ef4-9ef1-581a-b3b6-519b43ce327a	3004	Sixtus		f2aa370f-fe32-5793-bf4d-911cfbf3621b			2026-04-27T09:21:04.935141+00:00	sanctoral
66c86f73-fd8e-5906-9fd4-12e1e6f3fe53	3005	Sixtus I.		f2aa370f-fe32-5793-bf4d-911cfbf3621b			2026-04-27T09:21:04.935141+00:00	sanctoral
d09207d7-1db3-59f8-a565-ecd313b17b22	3006	Sixtus II		f2aa370f-fe32-5793-bf4d-911cfbf3621b			2026-04-27T09:21:04.935141+00:00	sanctoral
97769a7b-f9ea-52ee-a47f-148a1da2c5f1	3007	Sixtus Remensis		f2aa370f-fe32-5793-bf4d-911cfbf3621b			2026-04-27T09:21:04.935141+00:00	sanctoral
80ee57f7-a373-5b7d-b8f6-84059d711dbc	3008	Smaragdus		f2aa370f-fe32-5793-bf4d-911cfbf3621b			2026-04-27T09:21:04.935141+00:00	sanctoral
97579129-efb8-5f1f-bbe2-2b4c201754b1	3009	Sola		f2aa370f-fe32-5793-bf4d-911cfbf3621b			2026-04-27T09:21:04.935141+00:00	sanctoral
d6872944-7edf-557b-9561-d99fa27163a7	3010	Solianus		f2aa370f-fe32-5793-bf4d-911cfbf3621b			2026-04-27T09:21:04.935141+00:00	sanctoral
53c6dc8a-b007-5534-bf26-e766e18c8eae	3011	Solinus		f2aa370f-fe32-5793-bf4d-911cfbf3621b			2026-04-27T09:21:04.935141+00:00	sanctoral
631154ab-cf8c-5096-8f23-98743194c199	3012	Sollemne tricentarium		f2aa370f-fe32-5793-bf4d-911cfbf3621b			2026-04-27T09:21:04.935141+00:00	sanctoral
ef3ab05f-fb05-5866-8495-9b0085f3361b	3013	Sollemnis episcopus		f2aa370f-fe32-5793-bf4d-911cfbf3621b			2026-04-27T09:21:04.935141+00:00	sanctoral
d2aacc24-fe4c-52e4-9ad6-59882b03b082	3014	Solutor		f2aa370f-fe32-5793-bf4d-911cfbf3621b			2026-04-27T09:21:04.935141+00:00	sanctoral
a9909709-7753-5260-bdde-eed00679dffa	3015	Sorus		f2aa370f-fe32-5793-bf4d-911cfbf3621b			2026-04-27T09:21:04.935141+00:00	sanctoral
1814adff-e024-5663-89b5-817a275e6748	3016	Sosipater		f2aa370f-fe32-5793-bf4d-911cfbf3621b			2026-04-27T09:21:04.935141+00:00	sanctoral
5498c887-b742-503d-b567-2bea4d43b2ae	3017	Sostenes		f2aa370f-fe32-5793-bf4d-911cfbf3621b			2026-04-27T09:21:04.935141+00:00	sanctoral
53d02d18-09d9-50d3-9198-8b27c760c074	3018	Soter		f2aa370f-fe32-5793-bf4d-911cfbf3621b			2026-04-27T09:21:04.935141+00:00	sanctoral
148f9c32-144b-5377-939c-1ef51f45ebb8	3019	Soteris		f2aa370f-fe32-5793-bf4d-911cfbf3621b			2026-04-27T09:21:04.935141+00:00	sanctoral
04e5802e-dec4-5bf7-a929-d3a1911c065b	3020	Spatius		f2aa370f-fe32-5793-bf4d-911cfbf3621b			2026-04-27T09:21:04.935141+00:00	sanctoral
c6d600b0-bfa3-57e3-86d1-d6ccaf182078	3021	Speciosa		f2aa370f-fe32-5793-bf4d-911cfbf3621b			2026-04-27T09:21:04.935141+00:00	sanctoral
11ade0f6-9d23-5e78-9597-99b87c09065a	3022	Speosippus		f2aa370f-fe32-5793-bf4d-911cfbf3621b			2026-04-27T09:21:04.935141+00:00	sanctoral
ecadea49-9746-5ede-843a-f3f633f1e930	3023	Speosippus (Inventio)		f2aa370f-fe32-5793-bf4d-911cfbf3621b			2026-04-27T09:21:04.935141+00:00	sanctoral
3ec65a6a-bb19-5794-afdf-dd03e512be57	3024	Speratus		f2aa370f-fe32-5793-bf4d-911cfbf3621b			2026-04-27T09:21:04.935141+00:00	sanctoral
f9cf4ad5-85cc-5e50-adbe-89fa83312429	3025	Spes		f2aa370f-fe32-5793-bf4d-911cfbf3621b			2026-04-27T09:21:04.935141+00:00	sanctoral
d1d9d6c4-7f37-5516-bc9f-77884e5c1da4	3026	Stanislaus		f2aa370f-fe32-5793-bf4d-911cfbf3621b			2026-04-27T09:21:04.935141+00:00	sanctoral
67a15427-4be8-5911-8056-502178c4a4b7	3027	Stanislaus (Octava)		f2aa370f-fe32-5793-bf4d-911cfbf3621b			2026-04-27T09:21:04.935141+00:00	sanctoral
07bbac8c-b317-58d7-b73d-e484b28b88ad	3028	Stanislaus (Translatio)		f2aa370f-fe32-5793-bf4d-911cfbf3621b			2026-04-27T09:21:04.935141+00:00	sanctoral
7f272526-70f5-5a7b-917f-88a2eaa3aa36	3029	Statio ad sanctum Petrum		f2aa370f-fe32-5793-bf4d-911cfbf3621b			2026-04-27T09:21:04.935141+00:00	sanctoral
4e960dc0-140c-5db9-94a4-1522390de004	3030	Steph.m (Adventus costae)		f2aa370f-fe32-5793-bf4d-911cfbf3621b			2026-04-27T09:21:04.935141+00:00	sanctoral
7306408f-dda6-5152-97e8-562ed6962a5e	3031	Steph.m (Adventus reliquiarum)		f2aa370f-fe32-5793-bf4d-911cfbf3621b			2026-04-27T09:21:04.935141+00:00	sanctoral
c5b566f3-12ee-5a4a-8c77-8f23cc10a93e	3032	Steph.m (Ded altaris)		f2aa370f-fe32-5793-bf4d-911cfbf3621b			2026-04-27T09:21:04.935141+00:00	sanctoral
d001c9b8-a7d1-5e23-b9b6-c13e6341ff3d	3033	Steph.m (Inventio Octava)		f2aa370f-fe32-5793-bf4d-911cfbf3621b			2026-04-27T09:21:04.935141+00:00	sanctoral
0bc2ab76-1ea5-58de-b413-aa878c05016a	3034	Steph.m (Inventio)		f2aa370f-fe32-5793-bf4d-911cfbf3621b			2026-04-27T09:21:04.935141+00:00	sanctoral
b12ff8c2-6120-51c1-939d-53e252e6289b	3035	Steph.m (Translatio Octava)		f2aa370f-fe32-5793-bf4d-911cfbf3621b			2026-04-27T09:21:04.935141+00:00	sanctoral
ba4ec725-15a5-549e-b519-91a790236275	3036	Steph.m (Translatio)		f2aa370f-fe32-5793-bf4d-911cfbf3621b			2026-04-27T09:21:04.935141+00:00	sanctoral
bf84a269-98c4-5d56-ba3b-cefba7939dce	3037	Stephanus		f2aa370f-fe32-5793-bf4d-911cfbf3621b			2026-04-27T09:21:04.935141+00:00	sanctoral
c71e37f6-9e1c-5cfb-bbfa-96f8577c4a01	3038	Stephanus (Adventus cubiti)		f2aa370f-fe32-5793-bf4d-911cfbf3621b			2026-04-27T09:21:04.935141+00:00	sanctoral
ecd3cc50-cdd2-53ba-9752-d659a3de1706	3039	Stephanus (Commemoratio)		f2aa370f-fe32-5793-bf4d-911cfbf3621b			2026-04-27T09:21:04.935141+00:00	sanctoral
35f6659d-a2da-561b-b0ea-2124282df92c	3040	Stephanus (Inventio dextrae)		f2aa370f-fe32-5793-bf4d-911cfbf3621b			2026-04-27T09:21:04.935141+00:00	sanctoral
7dbe430a-075d-5fa6-ad95-0404c23ae3f2	3041	Stephanus de Mureto		f2aa370f-fe32-5793-bf4d-911cfbf3621b			2026-04-27T09:21:04.935141+00:00	sanctoral
2bf5011b-3189-571a-8eb0-3d1b8693a456	3042	Stephanus Lugdunensis		f2aa370f-fe32-5793-bf4d-911cfbf3621b			2026-04-27T09:21:04.935141+00:00	sanctoral
dd7c9800-0889-53c5-b4ab-88ddb4204e3d	3043	Stephanus martyr		f2aa370f-fe32-5793-bf4d-911cfbf3621b			2026-04-27T09:21:04.935141+00:00	sanctoral
b65674a4-22e8-5563-b744-f6f162fbd4fb	3044	Stephanus martyr (Adventus costae)		f2aa370f-fe32-5793-bf4d-911cfbf3621b			2026-04-27T09:21:04.935141+00:00	sanctoral
e22645cb-fa68-54de-a89a-901a583fbc93	3045	Stephanus martyr (Adventus reliquiarum)		f2aa370f-fe32-5793-bf4d-911cfbf3621b			2026-04-27T09:21:04.935141+00:00	sanctoral
bd56881e-70cf-52f7-be74-af7f3f8325fe	3046	Stephanus martyr (Dedicatio altaris)		f2aa370f-fe32-5793-bf4d-911cfbf3621b			2026-04-27T09:21:04.935141+00:00	sanctoral
5cb6a5a8-8b65-57a0-8d17-0295ec203ea9	3047	Stephanus martyr (Infra octavas)		f2aa370f-fe32-5793-bf4d-911cfbf3621b			2026-04-27T09:21:04.935141+00:00	sanctoral
6184b745-26ac-5a82-971f-e1ed7029790e	3048	Stephanus martyr (Inventio Infra octavas)		f2aa370f-fe32-5793-bf4d-911cfbf3621b			2026-04-27T09:21:04.935141+00:00	sanctoral
d23ed644-e341-5de3-8450-53ecee67369d	3049	Stephanus martyr (Inventio Octava)		f2aa370f-fe32-5793-bf4d-911cfbf3621b			2026-04-27T09:21:04.935141+00:00	sanctoral
03b8d779-beb1-5d4d-867c-0893bf986398	3050	Stephanus martyr (Inventio)		f2aa370f-fe32-5793-bf4d-911cfbf3621b			2026-04-27T09:21:04.935141+00:00	sanctoral
9de4bbaf-ea05-5ce4-b6f5-24ec49eed493	3051	Stephanus martyr (Octava)		f2aa370f-fe32-5793-bf4d-911cfbf3621b			2026-04-27T09:21:04.935141+00:00	sanctoral
8a157679-239e-5c68-8a00-de3b1e0536de	3052	Stephanus martyr (Translatio Octava)		f2aa370f-fe32-5793-bf4d-911cfbf3621b			2026-04-27T09:21:04.935141+00:00	sanctoral
0f4c170d-4ed7-50b8-a885-6a284c578fe0	3053	Stephanus martyr (Translatio)		f2aa370f-fe32-5793-bf4d-911cfbf3621b			2026-04-27T09:21:04.935141+00:00	sanctoral
0fa40cf9-0b85-5169-8b43-d139b5a80fb1	3054	Stephanus papa		f2aa370f-fe32-5793-bf4d-911cfbf3621b			2026-04-27T09:21:04.935141+00:00	sanctoral
8e1ce163-23a0-5406-bb3c-6a045ed84712	3055	Stephanus papa (Octava)		f2aa370f-fe32-5793-bf4d-911cfbf3621b			2026-04-27T09:21:04.935141+00:00	sanctoral
472d821a-5a2d-50b0-9ad8-820127a3b136	3056	Stephanus rex (Elevatio Dextrae)		f2aa370f-fe32-5793-bf4d-911cfbf3621b			2026-04-27T09:21:04.935141+00:00	sanctoral
5ff662b1-e368-5a49-a4be-b4ad98b9d173	3057	Stephanus rex (Inventio corporis)		f2aa370f-fe32-5793-bf4d-911cfbf3621b			2026-04-27T09:21:04.935141+00:00	sanctoral
5c4cf121-da95-53ba-9ce2-50f6222f2f62	3058	Stephanus rex (Inventio Dextrae)		f2aa370f-fe32-5793-bf4d-911cfbf3621b			2026-04-27T09:21:04.935141+00:00	sanctoral
55704a98-a7b4-543a-911d-5f37de84b9b3	3059	Stephanus rex (Octava)		f2aa370f-fe32-5793-bf4d-911cfbf3621b			2026-04-27T09:21:04.935141+00:00	sanctoral
e4a846df-7d34-5fb3-b938-123f5e4d6a57	3060	Stephanus rex (Translatio)		f2aa370f-fe32-5793-bf4d-911cfbf3621b			2026-04-27T09:21:04.935141+00:00	sanctoral
522d8e58-e7f5-5d8a-97ad-07de58f3808d	3061	Stephanus rex (Vigilia)		f2aa370f-fe32-5793-bf4d-911cfbf3621b			2026-04-27T09:21:04.935141+00:00	sanctoral
b400a356-fef9-564c-ba2f-7ecda96703d1	3062	Suitbertus		f2aa370f-fe32-5793-bf4d-911cfbf3621b			2026-04-27T09:21:04.935141+00:00	sanctoral
7f9ac034-8e8c-5247-b14d-324e3b8df74e	3063	Sulinus		f2aa370f-fe32-5793-bf4d-911cfbf3621b			2026-04-27T09:21:04.935141+00:00	sanctoral
4b8daf8e-dcaa-57e1-9ada-90597791459e	3064	Sulpicius		f2aa370f-fe32-5793-bf4d-911cfbf3621b			2026-04-27T09:21:04.935141+00:00	sanctoral
127b5f3c-6071-56df-ab41-786d7e94d442	3065	Sulpicius (Octava)		f2aa370f-fe32-5793-bf4d-911cfbf3621b			2026-04-27T09:21:04.935141+00:00	sanctoral
7e03e61e-f254-518b-bdc3-53f0e15ad8cd	3066	Sulpicius (Translatio)		f2aa370f-fe32-5793-bf4d-911cfbf3621b			2026-04-27T09:21:04.935141+00:00	sanctoral
59081227-0a81-5edc-aa7f-ad292b8e6f89	3067	Sulpicius Severus		f2aa370f-fe32-5793-bf4d-911cfbf3621b			2026-04-27T09:21:04.935141+00:00	sanctoral
42aa10cc-cacd-5c13-bf0c-aa718b50333c	3068	Superantius		f2aa370f-fe32-5793-bf4d-911cfbf3621b			2026-04-27T09:21:04.935141+00:00	sanctoral
8e9638ba-18d1-56ff-9856-80e6619c2029	3069	Supplicius		f2aa370f-fe32-5793-bf4d-911cfbf3621b			2026-04-27T09:21:04.935141+00:00	sanctoral
f5935cc2-9fdf-5d18-a0ce-4c3bd79969e1	3070	Susceptio Sanguinis Domini		f2aa370f-fe32-5793-bf4d-911cfbf3621b			2026-04-27T09:21:04.935141+00:00	sanctoral
19dab370-0a53-5038-9186-28d33ebc9441	3071	Swithun		f2aa370f-fe32-5793-bf4d-911cfbf3621b			2026-04-27T09:21:04.935141+00:00	sanctoral
40546257-31cf-5d71-9f8a-111ef82ad465	3072	Swithun (Translatio)		f2aa370f-fe32-5793-bf4d-911cfbf3621b			2026-04-27T09:21:04.935141+00:00	sanctoral
96447f01-3851-5cd5-8351-5de24589a346	3073	Syagrius		f2aa370f-fe32-5793-bf4d-911cfbf3621b			2026-04-27T09:21:04.935141+00:00	sanctoral
158a5d7e-895f-5373-a1b9-bba827352cb5	3074	Symphorianus		f2aa370f-fe32-5793-bf4d-911cfbf3621b			2026-04-27T09:21:04.935141+00:00	sanctoral
41f47a38-f181-58b8-a232-728572349dc4	3075	Symphorianus (Octava)		f2aa370f-fe32-5793-bf4d-911cfbf3621b			2026-04-27T09:21:04.935141+00:00	sanctoral
9cf31f59-78d5-5e59-b0f7-eab61822b6b3	3076	Symphorianus martyr		f2aa370f-fe32-5793-bf4d-911cfbf3621b			2026-04-27T09:21:04.935141+00:00	sanctoral
cbeee32f-1b25-5a02-a4f9-60e6242bbd26	3077	Symphorianus martyr (Octava)		f2aa370f-fe32-5793-bf4d-911cfbf3621b			2026-04-27T09:21:04.935141+00:00	sanctoral
fd17524c-699f-571a-bd15-17b48eec4471	3078	Symphorosa et filii		f2aa370f-fe32-5793-bf4d-911cfbf3621b			2026-04-27T09:21:04.935141+00:00	sanctoral
5167265a-872f-54cb-b511-31111a6c0fd5	3079	Symphronius		f2aa370f-fe32-5793-bf4d-911cfbf3621b			2026-04-27T09:21:04.935141+00:00	sanctoral
e2b195f4-6a01-5988-aa5a-4a611db8a771	3080	Synesius		f2aa370f-fe32-5793-bf4d-911cfbf3621b			2026-04-27T09:21:04.935141+00:00	sanctoral
6431d921-8cfe-572b-b605-b0a9bc8c8f2e	3081	Syra		f2aa370f-fe32-5793-bf4d-911cfbf3621b			2026-04-27T09:21:04.935141+00:00	sanctoral
d9c3921e-220f-5381-a0b4-0e5cec550495	3082	Syrus		f2aa370f-fe32-5793-bf4d-911cfbf3621b			2026-04-27T09:21:04.935141+00:00	sanctoral
b778af67-1417-5312-8a1a-a700eac65446	3083	Syrus (Translatio)		f2aa370f-fe32-5793-bf4d-911cfbf3621b			2026-04-27T09:21:04.935141+00:00	sanctoral
a3a67c8a-e93f-557c-85e2-6f1ea35c4b81	3084	Tanca		f2aa370f-fe32-5793-bf4d-911cfbf3621b			2026-04-27T09:21:04.935141+00:00	sanctoral
8cf37350-95ca-5f24-ba32-3b6768ade8ae	3085	Taracus		f2aa370f-fe32-5793-bf4d-911cfbf3621b			2026-04-27T09:21:04.935141+00:00	sanctoral
68bcc804-c2c4-5e7f-b364-b2237013b308	3086	Tatianus Aquileiensis		f2aa370f-fe32-5793-bf4d-911cfbf3621b			2026-04-27T09:21:04.935141+00:00	sanctoral
868efa6c-9c13-540e-92d1-a2773e559ebc	3087	Taurinus (Infra octavam)		f2aa370f-fe32-5793-bf4d-911cfbf3621b			2026-04-27T09:21:04.935141+00:00	sanctoral
3ad04340-87a7-5aa6-9ab2-26bd57b8aabb	3088	Taurinus (Inventio)		f2aa370f-fe32-5793-bf4d-911cfbf3621b			2026-04-27T09:21:04.935141+00:00	sanctoral
f1c76df2-1331-5998-9435-62c6d0e3702d	3089	Taurinus (Octava)		f2aa370f-fe32-5793-bf4d-911cfbf3621b			2026-04-27T09:21:04.935141+00:00	sanctoral
2983c13e-cf0d-59e5-9d58-b4e777140ca3	3090	Taurinus Auxitanus		f2aa370f-fe32-5793-bf4d-911cfbf3621b			2026-04-27T09:21:04.935141+00:00	sanctoral
e7a1356a-ad90-5b20-88d0-79b90d56ac6a	3091	Tecla (Infra octavas)		f2aa370f-fe32-5793-bf4d-911cfbf3621b			2026-04-27T09:21:04.935141+00:00	sanctoral
daaaf5d0-ecfe-5a04-9a0b-213924dbbb74	3092	Tecla (Octava)		f2aa370f-fe32-5793-bf4d-911cfbf3621b			2026-04-27T09:21:04.935141+00:00	sanctoral
d2e58550-8a00-56f0-a117-b2ef1f69f709	3093	Tecla (Translatio)		f2aa370f-fe32-5793-bf4d-911cfbf3621b			2026-04-27T09:21:04.935141+00:00	sanctoral
45bbd744-f3f2-5568-95c4-0da05713d4cc	3094	Telesphorus		f2aa370f-fe32-5793-bf4d-911cfbf3621b			2026-04-27T09:21:04.935141+00:00	sanctoral
6ea727cf-6858-5bcb-9004-3b181d7c9ed7	3095	Tenenanus		f2aa370f-fe32-5793-bf4d-911cfbf3621b			2026-04-27T09:21:04.935141+00:00	sanctoral
114e88f9-c8ad-583a-b0d3-c38af846da0d	3096	Terentius		f2aa370f-fe32-5793-bf4d-911cfbf3621b			2026-04-27T09:21:04.935141+00:00	sanctoral
707944d9-b6d4-58e9-8cbc-020b379a9874	3097	Terentius Metensis		f2aa370f-fe32-5793-bf4d-911cfbf3621b			2026-04-27T09:21:04.935141+00:00	sanctoral
31a7a1e1-090f-5908-97f0-d84fdaf42690	3098	Terentius Metensis (Translatio)		f2aa370f-fe32-5793-bf4d-911cfbf3621b			2026-04-27T09:21:04.935141+00:00	sanctoral
c931c810-504e-5c70-acc0-a3866819d3e4	3099	Ternanus		f2aa370f-fe32-5793-bf4d-911cfbf3621b			2026-04-27T09:21:04.935141+00:00	sanctoral
fc09a1a3-ceaf-5413-a242-b42ce5524fc0	3100	Tertius rex (Obitus)		f2aa370f-fe32-5793-bf4d-911cfbf3621b			2026-04-27T09:21:04.935141+00:00	sanctoral
2d87acfd-d388-5053-972a-642b3bacb6fc	3101	Tertullianus		f2aa370f-fe32-5793-bf4d-911cfbf3621b			2026-04-27T09:21:04.935141+00:00	sanctoral
7560865b-0567-5797-b6ef-b65efb835baa	3102	Tertullinus		f2aa370f-fe32-5793-bf4d-911cfbf3621b			2026-04-27T09:21:04.935141+00:00	sanctoral
cd057401-4ba3-54cc-b109-1e7a13b11f7a	3103	Tetricius		f2aa370f-fe32-5793-bf4d-911cfbf3621b			2026-04-27T09:21:04.935141+00:00	sanctoral
dd43a6d6-43ef-5e5b-9382-e2815029fa80	3104	Thais		f2aa370f-fe32-5793-bf4d-911cfbf3621b			2026-04-27T09:21:04.935141+00:00	sanctoral
546614b7-a238-5414-b564-217665f88878	3105	Thebaei martyres		f2aa370f-fe32-5793-bf4d-911cfbf3621b			2026-04-27T09:21:04.935141+00:00	sanctoral
4a0161c2-2fed-5e7b-a125-86d10d2d0ac9	3106	Theobaldus		f2aa370f-fe32-5793-bf4d-911cfbf3621b			2026-04-27T09:21:04.935141+00:00	sanctoral
568dc19d-f191-5f90-b84b-f3d1a7b18732	3107	Theodardus		f2aa370f-fe32-5793-bf4d-911cfbf3621b			2026-04-27T09:21:04.935141+00:00	sanctoral
528d9f36-85bc-5e10-8f92-5e7e49cf9d92	3108	Theodgarus		f2aa370f-fe32-5793-bf4d-911cfbf3621b			2026-04-27T09:21:04.935141+00:00	sanctoral
b02f0071-300f-5144-ac48-220f6579ae68	3109	Theodolus		f2aa370f-fe32-5793-bf4d-911cfbf3621b			2026-04-27T09:21:04.935141+00:00	sanctoral
dcd2d957-f809-5a13-883a-466640bc593f	3110	Theodolus (Revelatio)		f2aa370f-fe32-5793-bf4d-911cfbf3621b			2026-04-27T09:21:04.935141+00:00	sanctoral
c5cf3df4-5279-54cf-8682-d4c7d9b40491	3111	Theodolus Senonensis		f2aa370f-fe32-5793-bf4d-911cfbf3621b			2026-04-27T09:21:04.935141+00:00	sanctoral
462ce290-ee8a-5838-9813-b9e76d49aada	3112	Theodora		f2aa370f-fe32-5793-bf4d-911cfbf3621b			2026-04-27T09:21:04.935141+00:00	sanctoral
8bd34e5b-27d0-5244-91fa-07120dd39667	3113	Theodora martyr		f2aa370f-fe32-5793-bf4d-911cfbf3621b			2026-04-27T09:21:04.935141+00:00	sanctoral
182a6a5a-54a7-554d-841f-af2a84a4b76d	3114	Theodoret		f2aa370f-fe32-5793-bf4d-911cfbf3621b			2026-04-27T09:21:04.935141+00:00	sanctoral
63688778-98df-53b2-ae53-af874c46266d	3115	Theodoret (Octava)		f2aa370f-fe32-5793-bf4d-911cfbf3621b			2026-04-27T09:21:04.935141+00:00	sanctoral
a9f8886f-2114-598d-83e7-43fa9b4734e6	3116	Theodoricus		f2aa370f-fe32-5793-bf4d-911cfbf3621b			2026-04-27T09:21:04.935141+00:00	sanctoral
278b1d7a-25bc-5a29-99c4-8732b09560d2	3117	Theodorus		f2aa370f-fe32-5793-bf4d-911cfbf3621b			2026-04-27T09:21:04.935141+00:00	sanctoral
2b35d60c-6fea-5e2b-a8ad-125b4f8e5a0f	3118	Theodorus martyr		f2aa370f-fe32-5793-bf4d-911cfbf3621b			2026-04-27T09:21:04.935141+00:00	sanctoral
e3c9730c-f7f2-598f-89ae-536fc8c4b2c8	3119	Theodorus papa		f2aa370f-fe32-5793-bf4d-911cfbf3621b			2026-04-27T09:21:04.935141+00:00	sanctoral
454c9123-7b6e-5bea-bdbe-a50a17dd4dc8	3120	Theodosia		f2aa370f-fe32-5793-bf4d-911cfbf3621b			2026-04-27T09:21:04.935141+00:00	sanctoral
85f47ccf-a2b9-53da-89c4-9cf1cc05f506	3121	Theodosius		f2aa370f-fe32-5793-bf4d-911cfbf3621b			2026-04-27T09:21:04.935141+00:00	sanctoral
f0456f34-ccc8-5867-8119-503a61fc5dc8	3122	Theogenes		f2aa370f-fe32-5793-bf4d-911cfbf3621b			2026-04-27T09:21:04.935141+00:00	sanctoral
6b1b777d-1e13-5dbe-a3a3-1301ffd87df5	3123	Theonestus		f2aa370f-fe32-5793-bf4d-911cfbf3621b			2026-04-27T09:21:04.935141+00:00	sanctoral
6acb040a-ee6b-5d7f-a2db-989a714fbfe3	3124	Theophilus		f2aa370f-fe32-5793-bf4d-911cfbf3621b			2026-04-27T09:21:04.935141+00:00	sanctoral
ba9a2ff4-a556-57be-a1a1-a6ce2ffe2dc7	3125	Theophilus Caesariensis		f2aa370f-fe32-5793-bf4d-911cfbf3621b			2026-04-27T09:21:04.935141+00:00	sanctoral
bc2c92af-ceaf-50d4-a471-d82fc4bf71f3	3126	Theophilus episcopus		f2aa370f-fe32-5793-bf4d-911cfbf3621b			2026-04-27T09:21:04.935141+00:00	sanctoral
cad03049-8d37-5934-a454-5ea1e642724e	3127	Theophilus martyr		f2aa370f-fe32-5793-bf4d-911cfbf3621b			2026-04-27T09:21:04.935141+00:00	sanctoral
d303ab88-22eb-5dcf-b751-15b3ff204640	3128	Theopista		f2aa370f-fe32-5793-bf4d-911cfbf3621b			2026-04-27T09:21:04.935141+00:00	sanctoral
e1c64f53-91a6-564f-ba82-9c9c932c9956	3129	Theopistus		f2aa370f-fe32-5793-bf4d-911cfbf3621b			2026-04-27T09:21:04.935141+00:00	sanctoral
0aad7923-5929-596c-9965-3d10fd5b0a0c	3130	Theospita		f2aa370f-fe32-5793-bf4d-911cfbf3621b			2026-04-27T09:21:04.935141+00:00	sanctoral
c46ba73a-a790-56a0-befa-c7f2480813a2	3131	Theoticus		f2aa370f-fe32-5793-bf4d-911cfbf3621b			2026-04-27T09:21:04.935141+00:00	sanctoral
eca1866c-316d-5866-aeb1-d14b3ec79d7b	3132	Theotonius		f2aa370f-fe32-5793-bf4d-911cfbf3621b			2026-04-27T09:21:04.935141+00:00	sanctoral
76325f9a-a668-5d25-b63d-e2c984681e60	3133	Theuderius		f2aa370f-fe32-5793-bf4d-911cfbf3621b			2026-04-27T09:21:04.935141+00:00	sanctoral
65a2ec07-120d-542d-be31-0d136d5fa273	3134	Thirsus martyr		f2aa370f-fe32-5793-bf4d-911cfbf3621b			2026-04-27T09:21:04.935141+00:00	sanctoral
2abd061e-7ced-5bb7-90fd-6a6b2d49b076	3135	Tholomaeus		f2aa370f-fe32-5793-bf4d-911cfbf3621b			2026-04-27T09:21:04.935141+00:00	sanctoral
483b3ae6-2397-542e-9d68-a70f7223c44d	3136	Thomas abbas		f2aa370f-fe32-5793-bf4d-911cfbf3621b			2026-04-27T09:21:04.935141+00:00	sanctoral
80fbdbdc-e6df-5134-a539-e43afcfbc18e	3137	Thomas apostolus		f2aa370f-fe32-5793-bf4d-911cfbf3621b			2026-04-27T09:21:04.935141+00:00	sanctoral
ea4c9514-224f-5981-b4c3-1e3804477c8d	3138	Thomas apostolus (Infra octavas)		f2aa370f-fe32-5793-bf4d-911cfbf3621b			2026-04-27T09:21:04.935141+00:00	sanctoral
b7fa33ba-736f-5ac2-82a9-9929256021c6	3139	Thomas apostolus (Octava)		f2aa370f-fe32-5793-bf4d-911cfbf3621b			2026-04-27T09:21:04.935141+00:00	sanctoral
9b943af0-27f9-56a7-bedb-43d71c49a141	3140	Thomas apostolus (Translatio infra octavas)		f2aa370f-fe32-5793-bf4d-911cfbf3621b			2026-04-27T09:21:04.935141+00:00	sanctoral
7182a056-56d6-59dc-89bb-31a55da2189a	3141	Thomas apostolus (Translatio Octava)		f2aa370f-fe32-5793-bf4d-911cfbf3621b			2026-04-27T09:21:04.935141+00:00	sanctoral
64df3ac2-a95f-5cb9-b5f1-6350ec1b8804	3142	Thomas apostolus (Translatio)		f2aa370f-fe32-5793-bf4d-911cfbf3621b			2026-04-27T09:21:04.935141+00:00	sanctoral
4f8af7f8-d6ef-54eb-b7fc-f6e8496ba25d	3143	Thomas apostolus (Vigilia)		f2aa370f-fe32-5793-bf4d-911cfbf3621b			2026-04-27T09:21:04.935141+00:00	sanctoral
908f1c34-03aa-5092-8a80-0c02e9f65d6a	3144	Thomas de Aquino		f2aa370f-fe32-5793-bf4d-911cfbf3621b			2026-04-27T09:21:04.935141+00:00	sanctoral
ee21cd32-4d3a-55ab-980f-b01bf927240f	3145	Thomas de Aquino (Translatio)		f2aa370f-fe32-5793-bf4d-911cfbf3621b			2026-04-27T09:21:04.935141+00:00	sanctoral
11ba92d6-f575-5f57-9008-82b3c6b690a4	3146	Thomas Herfordensis		f2aa370f-fe32-5793-bf4d-911cfbf3621b			2026-04-27T09:21:04.935141+00:00	sanctoral
2864c707-ece8-5d3b-aedb-97d88aacbfa1	3147	Thomas Herfordensis (Depositio)		f2aa370f-fe32-5793-bf4d-911cfbf3621b			2026-04-27T09:21:04.935141+00:00	sanctoral
791d2576-40eb-56ee-9299-ce352a9933f7	3148	Thomas Herfordensis (Infra octavas)		f2aa370f-fe32-5793-bf4d-911cfbf3621b			2026-04-27T09:21:04.935141+00:00	sanctoral
aa5f9c9b-e898-58c9-9863-51c238fc8473	3149	Thomas Herfordensis (Octava)		f2aa370f-fe32-5793-bf4d-911cfbf3621b			2026-04-27T09:21:04.935141+00:00	sanctoral
94819579-ad5a-5fc6-8e10-bf7a7c9bccb8	3150	Thomas Herfordensis (Translatio infra octavas)		f2aa370f-fe32-5793-bf4d-911cfbf3621b			2026-04-27T09:21:04.935141+00:00	sanctoral
4ab95db2-3c0d-5100-a7ab-9e50eb28b4ca	3151	Thomas Herfordensis (Translatio)		f2aa370f-fe32-5793-bf4d-911cfbf3621b			2026-04-27T09:21:04.935141+00:00	sanctoral
eeabe5ba-24b8-594b-93e4-4b1be39fc67c	3152	Thomas martyr		f2aa370f-fe32-5793-bf4d-911cfbf3621b			2026-04-27T09:21:04.935141+00:00	sanctoral
cd5f5385-f6ea-5451-9601-7e747018fe5a	3153	Thomas martyr (Octava)		f2aa370f-fe32-5793-bf4d-911cfbf3621b			2026-04-27T09:21:04.935141+00:00	sanctoral
a0e8ee18-e492-5634-bcfd-73432df4fbcd	3154	Thomas martyr (Translatio)		f2aa370f-fe32-5793-bf4d-911cfbf3621b			2026-04-27T09:21:04.935141+00:00	sanctoral
4c9601fa-369c-519a-a0b6-6c71f9e4c735	3155	Thorlacus		f2aa370f-fe32-5793-bf4d-911cfbf3621b			2026-04-27T09:21:04.935141+00:00	sanctoral
7a61baa0-bad6-5eff-88b7-77f53bb2b6dc	3156	Thyrsus		f2aa370f-fe32-5793-bf4d-911cfbf3621b			2026-04-27T09:21:04.935141+00:00	sanctoral
30f71509-3ae8-551f-a1eb-06a71a062d0e	3157	Tiberius		f2aa370f-fe32-5793-bf4d-911cfbf3621b			2026-04-27T09:21:04.935141+00:00	sanctoral
3d63ccca-37d3-5d3c-a6fd-9908e054faa6	3158	Tiburtius		f2aa370f-fe32-5793-bf4d-911cfbf3621b			2026-04-27T09:21:04.935141+00:00	sanctoral
9d25c126-2e4b-5e02-b716-4096ae8dc64c	3159	Tiburtius Chromatianus		f2aa370f-fe32-5793-bf4d-911cfbf3621b			2026-04-27T09:21:04.935141+00:00	sanctoral
94699fc3-782b-5ce5-b9cc-b895c87b7a4f	3160	Tiburtius Romanus		f2aa370f-fe32-5793-bf4d-911cfbf3621b			2026-04-27T09:21:04.935141+00:00	sanctoral
9155064f-8b87-5f29-bf0b-f6b2e64897f1	3161	Tillo		f2aa370f-fe32-5793-bf4d-911cfbf3621b			2026-04-27T09:21:04.935141+00:00	sanctoral
ee26040c-7d7d-5de5-ae0b-0b65b6c42434	3162	Timon		f2aa370f-fe32-5793-bf4d-911cfbf3621b			2026-04-27T09:21:04.935141+00:00	sanctoral
94abccff-9aec-56e6-bdd4-5f5abb2b9fdc	3163	Timotheus		f2aa370f-fe32-5793-bf4d-911cfbf3621b			2026-04-27T09:21:04.935141+00:00	sanctoral
dc5ee246-4956-57ea-8cba-f86f56f960a4	3164	Timotheus (Translatio)		f2aa370f-fe32-5793-bf4d-911cfbf3621b			2026-04-27T09:21:04.935141+00:00	sanctoral
5ebf0acd-d32f-512d-8f95-212b71f89dd8	3165	Timotheus martyr		f2aa370f-fe32-5793-bf4d-911cfbf3621b			2026-04-27T09:21:04.935141+00:00	sanctoral
6e2bfbfb-6667-57b0-8114-28512ae5710e	3166	Timotheus Remensis		f2aa370f-fe32-5793-bf4d-911cfbf3621b			2026-04-27T09:21:04.935141+00:00	sanctoral
b431f980-894e-5fba-98d2-fc95849ce2dc	3167	Tirsus et socii		f2aa370f-fe32-5793-bf4d-911cfbf3621b			2026-04-27T09:21:04.935141+00:00	sanctoral
c98f6bed-80e1-5566-9078-5a0fd2ae2d69	3168	Torpes		f2aa370f-fe32-5793-bf4d-911cfbf3621b			2026-04-27T09:21:04.935141+00:00	sanctoral
7218b82d-315c-5445-b633-06eb39d1454d	3169	Torquatus		f2aa370f-fe32-5793-bf4d-911cfbf3621b			2026-04-27T09:21:04.935141+00:00	sanctoral
9902cb8d-f5d1-5502-bfb2-8af41efe8650	3170	Totnanus		f2aa370f-fe32-5793-bf4d-911cfbf3621b			2026-04-27T09:21:04.935141+00:00	sanctoral
533af240-6963-5f7c-9494-b854697a496d	3171	Totnanus (Octava)		f2aa370f-fe32-5793-bf4d-911cfbf3621b			2026-04-27T09:21:04.935141+00:00	sanctoral
967863a1-d228-54b3-8713-875b38705837	3172	Totnanus (Vigilia)		f2aa370f-fe32-5793-bf4d-911cfbf3621b			2026-04-27T09:21:04.935141+00:00	sanctoral
95e3200c-233e-59af-af52-b22456cd1076	3173	Tranquillinus		f2aa370f-fe32-5793-bf4d-911cfbf3621b			2026-04-27T09:21:04.935141+00:00	sanctoral
483e9c5a-d416-5d9a-ac5c-ef55385d2b6e	3174	Transfiguratio Domini (Infra octavas)		f2aa370f-fe32-5793-bf4d-911cfbf3621b			2026-04-27T09:21:04.935141+00:00	sanctoral
5a430597-a940-528f-a16f-cbe7c59923d0	3175	Transfiguratio Domini (Octava)		f2aa370f-fe32-5793-bf4d-911cfbf3621b			2026-04-27T09:21:04.935141+00:00	sanctoral
cc6c6948-de1a-5643-91f3-39946c0a999f	3176	Transfiguratio Domini (Vigilia)		f2aa370f-fe32-5793-bf4d-911cfbf3621b			2026-04-27T09:21:04.935141+00:00	sanctoral
b03deb06-42ab-5624-96d9-86ae62bf647e	3177	Translatio Reliquiarum		f2aa370f-fe32-5793-bf4d-911cfbf3621b			2026-04-27T09:21:04.935141+00:00	sanctoral
b0c6eb02-012d-5d64-81d6-8095be811a0e	3178	Translatio trium regum		f2aa370f-fe32-5793-bf4d-911cfbf3621b			2026-04-27T09:21:04.935141+00:00	sanctoral
8c3072a3-4714-5181-b492-49957acf3e26	3179	Trasilla		f2aa370f-fe32-5793-bf4d-911cfbf3621b			2026-04-27T09:21:04.935141+00:00	sanctoral
3ff0346d-b42b-5c29-b87b-bd393651cf64	3180	Trason		f2aa370f-fe32-5793-bf4d-911cfbf3621b			2026-04-27T09:21:04.935141+00:00	sanctoral
6640a66d-e3f5-5180-bf9e-07852c0f52c0	3181	Tribunus		f2aa370f-fe32-5793-bf4d-911cfbf3621b			2026-04-27T09:21:04.935141+00:00	sanctoral
5c4bdd48-86c1-534b-b972-1126c0d2e55c	3182	Triphonus		f2aa370f-fe32-5793-bf4d-911cfbf3621b			2026-04-27T09:21:04.935141+00:00	sanctoral
031e05b4-fefa-5ebf-a861-e10fec336bbd	3183	Tripus		f2aa370f-fe32-5793-bf4d-911cfbf3621b			2026-04-27T09:21:04.935141+00:00	sanctoral
219a43f4-9a60-5742-a5ef-f7d5482d7a0f	3184	Triumphus Crucis		f2aa370f-fe32-5793-bf4d-911cfbf3621b			2026-04-27T09:21:04.935141+00:00	sanctoral
02083920-564c-5d4e-8b91-b0e25fc94208	3185	Trogenus		f2aa370f-fe32-5793-bf4d-911cfbf3621b			2026-04-27T09:21:04.935141+00:00	sanctoral
ef51b4a7-2b72-5438-a5de-f01cb74fe7bd	3186	Troianus		f2aa370f-fe32-5793-bf4d-911cfbf3621b			2026-04-27T09:21:04.935141+00:00	sanctoral
d7929d90-9871-5dbd-926a-a41c82f6cd58	3187	Troianus (Translatio)		f2aa370f-fe32-5793-bf4d-911cfbf3621b			2026-04-27T09:21:04.935141+00:00	sanctoral
9dc5a4ef-76f7-52f9-ab6a-4e5a2e479724	3188	Troiecia		f2aa370f-fe32-5793-bf4d-911cfbf3621b			2026-04-27T09:21:04.935141+00:00	sanctoral
fcb28bcf-0665-520a-8c6b-8f362c2a42db	3189	Trophimus		f2aa370f-fe32-5793-bf4d-911cfbf3621b			2026-04-27T09:21:04.935141+00:00	sanctoral
3ebb65a4-2148-5941-bf6d-12c2a7c31e60	3190	Trophimus (Octava)		f2aa370f-fe32-5793-bf4d-911cfbf3621b			2026-04-27T09:21:04.935141+00:00	sanctoral
f4ebb5cc-c438-5933-9718-8b625575030c	3191	Trudo		f2aa370f-fe32-5793-bf4d-911cfbf3621b			2026-04-27T09:21:04.935141+00:00	sanctoral
03776db5-5edb-5787-95de-58a96eee512d	3192	Trudpertus		f2aa370f-fe32-5793-bf4d-911cfbf3621b			2026-04-27T09:21:04.935141+00:00	sanctoral
9046d829-18fa-5368-ab36-f7939e1e3c0d	3193	Tryphon		f2aa370f-fe32-5793-bf4d-911cfbf3621b			2026-04-27T09:21:04.935141+00:00	sanctoral
c265a8bb-b27e-5bad-a8b8-a2cfe87237e6	3194	Tugdualus		f2aa370f-fe32-5793-bf4d-911cfbf3621b			2026-04-27T09:21:04.935141+00:00	sanctoral
a20ea628-3e26-5350-bef8-f3e29b904796	3195	Turianus		f2aa370f-fe32-5793-bf4d-911cfbf3621b			2026-04-27T09:21:04.935141+00:00	sanctoral
4f1dea18-b8f7-57a8-8a32-4445423aa5a8	3196	Turibius		f2aa370f-fe32-5793-bf4d-911cfbf3621b			2026-04-27T09:21:04.935141+00:00	sanctoral
afb4040e-85ab-5d20-826f-99c4df5b5588	3197	Tyrsus		f2aa370f-fe32-5793-bf4d-911cfbf3621b			2026-04-27T09:21:04.935141+00:00	sanctoral
13d73703-9aa7-5f59-a995-ba0231a42cc6	3198	Ubaldus		f2aa370f-fe32-5793-bf4d-911cfbf3621b			2026-04-27T09:21:04.935141+00:00	sanctoral
2133c76f-af26-5bf4-b1b3-0642bb685759	3199	Udalricus		f2aa370f-fe32-5793-bf4d-911cfbf3621b			2026-04-27T09:21:04.935141+00:00	sanctoral
d5bc85ee-1b43-5952-94c6-a78510d9464e	3200	Udalricus (Octava)		f2aa370f-fe32-5793-bf4d-911cfbf3621b			2026-04-27T09:21:04.935141+00:00	sanctoral
66cb59cb-b70a-5a6f-b787-09ab3affa7b0	3201	Udalricus (Translatio)		f2aa370f-fe32-5793-bf4d-911cfbf3621b			2026-04-27T09:21:04.935141+00:00	sanctoral
41888ee7-dc56-5c3c-bc2d-300b986e4c3c	3202	Ulphia		f2aa370f-fe32-5793-bf4d-911cfbf3621b			2026-04-27T09:21:04.935141+00:00	sanctoral
1ff8a795-6449-55f3-9869-4270a3e5d718	3203	Ulphinus		f2aa370f-fe32-5793-bf4d-911cfbf3621b			2026-04-27T09:21:04.935141+00:00	sanctoral
424e7a7c-d5fd-5d93-810a-bbd8581404e4	3204	Ulphus		f2aa370f-fe32-5793-bf4d-911cfbf3621b			2026-04-27T09:21:04.935141+00:00	sanctoral
076deee0-679c-5986-9fb1-b6f4ede77cb2	3205	Unio ecclesiarum		f2aa370f-fe32-5793-bf4d-911cfbf3621b			2026-04-27T09:21:04.935141+00:00	sanctoral
fef9c1b9-acab-5e0d-bc60-95836296cb5d	3206	Urbanus		f2aa370f-fe32-5793-bf4d-911cfbf3621b			2026-04-27T09:21:04.935141+00:00	sanctoral
4dbe1711-6c38-5fa6-a138-aa3116c58d1a	3207	Urbitius		f2aa370f-fe32-5793-bf4d-911cfbf3621b			2026-04-27T09:21:04.935141+00:00	sanctoral
4f78b0cc-2418-57f5-a442-3805f7a86fdb	3208	Uriscus		f2aa370f-fe32-5793-bf4d-911cfbf3621b			2026-04-27T09:21:04.935141+00:00	sanctoral
118aa26c-e1db-570a-a449-c7324bbf94eb	3209	Ursicinus		f2aa370f-fe32-5793-bf4d-911cfbf3621b			2026-04-27T09:21:04.935141+00:00	sanctoral
561042ce-5b91-58c7-ba86-b1f70b1937cb	3210	Ursinus		f2aa370f-fe32-5793-bf4d-911cfbf3621b			2026-04-27T09:21:04.935141+00:00	sanctoral
b1314ff3-c28c-51c8-96e1-b88f0443b6bc	3211	Ursinus (Octava)		f2aa370f-fe32-5793-bf4d-911cfbf3621b			2026-04-27T09:21:04.935141+00:00	sanctoral
5be766a7-0605-57e7-94e0-5270fd206056	3212	Ursinus (Reliquiae)		f2aa370f-fe32-5793-bf4d-911cfbf3621b			2026-04-27T09:21:04.935141+00:00	sanctoral
7bc1197f-50c5-53b3-8adf-ebfb5580777b	3213	Ursinus (Revelatio)		f2aa370f-fe32-5793-bf4d-911cfbf3621b			2026-04-27T09:21:04.935141+00:00	sanctoral
be3f2b17-411d-5d06-a70c-307c4df2e4dc	3214	Ursinus (Translatio infra octavas)		f2aa370f-fe32-5793-bf4d-911cfbf3621b			2026-04-27T09:21:04.935141+00:00	sanctoral
9f7e88ab-0b15-5251-952e-6ff4dff649b5	3215	Ursinus (Translatio Octava)		f2aa370f-fe32-5793-bf4d-911cfbf3621b			2026-04-27T09:21:04.935141+00:00	sanctoral
e8f191fa-ecfb-5a0a-91d0-87700dd4f7af	3216	Ursinus (Translatio)		f2aa370f-fe32-5793-bf4d-911cfbf3621b			2026-04-27T09:21:04.935141+00:00	sanctoral
ec8f58c4-6845-5669-b59c-f8d8e6e0e1d4	3217	Ursmarus		f2aa370f-fe32-5793-bf4d-911cfbf3621b			2026-04-27T09:21:04.935141+00:00	sanctoral
2b0c6f1a-0f3c-59c7-8e54-272d5a23b16a	3218	Ursula et 11000 virgines		f2aa370f-fe32-5793-bf4d-911cfbf3621b			2026-04-27T09:21:04.935141+00:00	sanctoral
dfb65647-a54d-5c92-89b8-cfe925bf8531	3219	Ursula et 11000 virgines (Octava)		f2aa370f-fe32-5793-bf4d-911cfbf3621b			2026-04-27T09:21:04.935141+00:00	sanctoral
daaa6b1e-2931-5bd8-946f-070aae1eff1c	3220	Ursula et 11000 virgines (Translatio)		f2aa370f-fe32-5793-bf4d-911cfbf3621b			2026-04-27T09:21:04.935141+00:00	sanctoral
5d9f9d25-580f-5e42-ac41-d9f0a8e15e09	3221	Ursus		f2aa370f-fe32-5793-bf4d-911cfbf3621b			2026-04-27T09:21:04.935141+00:00	sanctoral
f3727736-d3a8-54f8-92b8-8acc504170c8	3222	Ursus Hiberniensis		f2aa370f-fe32-5793-bf4d-911cfbf3621b			2026-04-27T09:21:04.935141+00:00	sanctoral
e1e5babe-be72-54c9-b4f6-a3d61f25d7f8	3223	Valens		f2aa370f-fe32-5793-bf4d-911cfbf3621b			2026-04-27T09:21:04.935141+00:00	sanctoral
313aa2ac-ca6b-59c4-b06f-192245003bbc	3224	Valentinus		f2aa370f-fe32-5793-bf4d-911cfbf3621b			2026-04-27T09:21:04.935141+00:00	sanctoral
7a47820f-059f-51f2-a282-e3e26bb7073e	3225	Valentinus (Translatio)		f2aa370f-fe32-5793-bf4d-911cfbf3621b			2026-04-27T09:21:04.935141+00:00	sanctoral
d08430a3-b317-5e0c-9954-6228e6273e50	3226	Valentinus Raetiensis		f2aa370f-fe32-5793-bf4d-911cfbf3621b			2026-04-27T09:21:04.935141+00:00	sanctoral
7e036620-ab23-51dd-98d4-59c150f6d6a0	3227	Valentinus Trevirensis		f2aa370f-fe32-5793-bf4d-911cfbf3621b			2026-04-27T09:21:04.935141+00:00	sanctoral
b6f40adf-1fcc-5001-83e7-7c993834b445	3228	Valeria		f2aa370f-fe32-5793-bf4d-911cfbf3621b			2026-04-27T09:21:04.935141+00:00	sanctoral
1d19a649-e983-57ce-8e6c-246e563ec717	3229	Valeria Lemovicensis		f2aa370f-fe32-5793-bf4d-911cfbf3621b			2026-04-27T09:21:04.935141+00:00	sanctoral
244d6595-1730-58a3-b6ce-37217c82343b	3230	Valeria Mediolanensis		f2aa370f-fe32-5793-bf4d-911cfbf3621b			2026-04-27T09:21:04.935141+00:00	sanctoral
d69f69cb-4c41-5894-a42e-db772b100005	3231	Valerianus		f2aa370f-fe32-5793-bf4d-911cfbf3621b			2026-04-27T09:21:04.935141+00:00	sanctoral
dba116cf-4566-5e0e-ae7c-ab17f3cc13f6	3232	Valerianus Altissiodorensis		f2aa370f-fe32-5793-bf4d-911cfbf3621b			2026-04-27T09:21:04.935141+00:00	sanctoral
0e63e5c1-a6f7-5478-b857-46bcb7f49cf9	3233	Valerianus episcopus		f2aa370f-fe32-5793-bf4d-911cfbf3621b			2026-04-27T09:21:04.935141+00:00	sanctoral
9742676e-30f1-5e33-ada4-d630d6bb5047	3234	Valerius (Infra octavas)		f2aa370f-fe32-5793-bf4d-911cfbf3621b			2026-04-27T09:21:04.935141+00:00	sanctoral
d3fb8227-e483-57d3-a24d-3115de4990ad	3235	Valerius (Octava)		f2aa370f-fe32-5793-bf4d-911cfbf3621b			2026-04-27T09:21:04.935141+00:00	sanctoral
d3ab7ad8-02ab-5010-a8a6-9f7791281e64	3236	Valerius (Translatio)		f2aa370f-fe32-5793-bf4d-911cfbf3621b			2026-04-27T09:21:04.935141+00:00	sanctoral
26105dfc-9664-5ac2-8b3a-36ea23e516cc	3237	Valerius Altissiodorensis		f2aa370f-fe32-5793-bf4d-911cfbf3621b			2026-04-27T09:21:04.935141+00:00	sanctoral
96ab4084-3d10-57c4-acd9-fe6d7b6bd58a	3238	Valerius Caesaraugust. ep. mart.		f2aa370f-fe32-5793-bf4d-911cfbf3621b			2026-04-27T09:21:04.935141+00:00	sanctoral
4b2e3a2f-e2e3-5d50-8543-601c22c98368	3239	Valerius Trevirensis ep. conf.		f2aa370f-fe32-5793-bf4d-911cfbf3621b			2026-04-27T09:21:04.935141+00:00	sanctoral
79a3f548-97c0-5299-9207-b47007dce3b5	3240	Vales		f2aa370f-fe32-5793-bf4d-911cfbf3621b			2026-04-27T09:21:04.935141+00:00	sanctoral
b2a2954e-0340-5c4e-a531-799c955c71de	3241	Valpertus		f2aa370f-fe32-5793-bf4d-911cfbf3621b			2026-04-27T09:21:04.935141+00:00	sanctoral
5a1dd017-2a94-5a8d-bc3d-51dd92a04627	3242	Vasius		f2aa370f-fe32-5793-bf4d-911cfbf3621b			2026-04-27T09:21:04.935141+00:00	sanctoral
c2b44cae-9e6d-5349-909b-c86596d0db41	3243	Vedastus		f2aa370f-fe32-5793-bf4d-911cfbf3621b			2026-04-27T09:21:04.935141+00:00	sanctoral
12f3071d-e498-5fb2-97a5-7d2999a65df9	3244	Vedastus (Octava)		f2aa370f-fe32-5793-bf4d-911cfbf3621b			2026-04-27T09:21:04.935141+00:00	sanctoral
2fd101f5-b1bf-59ac-8c20-4241761f4243	3245	Vedastus (Translatio)		f2aa370f-fe32-5793-bf4d-911cfbf3621b			2026-04-27T09:21:04.935141+00:00	sanctoral
cefa6060-1138-5d97-8917-14cdbc3dc9c9	3246	Venantius		f2aa370f-fe32-5793-bf4d-911cfbf3621b			2026-04-27T09:21:04.935141+00:00	sanctoral
c905cf30-3f2b-5671-9258-e57215b31afe	3247	Venera		f2aa370f-fe32-5793-bf4d-911cfbf3621b			2026-04-27T09:21:04.935141+00:00	sanctoral
b529c6c5-a000-5df8-bd24-bc1d705875bc	3248	Venerandus		f2aa370f-fe32-5793-bf4d-911cfbf3621b			2026-04-27T09:21:04.935141+00:00	sanctoral
432e37a9-e82a-5538-9ac9-cf9733d7f21e	3249	Veneratio reliquiarum ecclesiae beatae Mariae Dyensis		f2aa370f-fe32-5793-bf4d-911cfbf3621b			2026-04-27T09:21:04.935141+00:00	sanctoral
f0ffd846-fd70-52d4-977c-1d484e42db6e	3250	Veneratio Sanguinis		f2aa370f-fe32-5793-bf4d-911cfbf3621b			2026-04-27T09:21:04.935141+00:00	sanctoral
db358e65-4281-5c88-a65e-211ae3159883	3251	Veneratio signorum BMV		f2aa370f-fe32-5793-bf4d-911cfbf3621b			2026-04-27T09:21:04.935141+00:00	sanctoral
a477d94f-ddc6-5101-a59a-4f6574a07857	3252	Venustus		f2aa370f-fe32-5793-bf4d-911cfbf3621b			2026-04-27T09:21:04.935141+00:00	sanctoral
f9ec3649-d74b-577f-9163-83b1b7764662	3253	Veranus		f2aa370f-fe32-5793-bf4d-911cfbf3621b			2026-04-27T09:21:04.935141+00:00	sanctoral
2575f4a2-e3b4-52c4-af17-f5ae7683e1a8	3254	Veranus Lugdunensis		f2aa370f-fe32-5793-bf4d-911cfbf3621b			2026-04-27T09:21:04.935141+00:00	sanctoral
07819913-b1f3-5c9a-8602-88d46f2109ec	3255	Veredemus		f2aa370f-fe32-5793-bf4d-911cfbf3621b			2026-04-27T09:21:04.935141+00:00	sanctoral
01a1390a-9013-5bf2-992f-4a059f172070	3256	Veredemus Avenionensis		f2aa370f-fe32-5793-bf4d-911cfbf3621b			2026-04-27T09:21:04.935141+00:00	sanctoral
e85562cc-fce4-58b8-a583-dabadcf92bd6	3257	Veredinus		f2aa370f-fe32-5793-bf4d-911cfbf3621b			2026-04-27T09:21:04.935141+00:00	sanctoral
e5556179-aca5-51dd-b41a-3aefd5aebff2	3258	Verena		f2aa370f-fe32-5793-bf4d-911cfbf3621b			2026-04-27T09:21:04.935141+00:00	sanctoral
b4c44387-171a-5f4e-8403-68eb3cc5dd83	3259	Vereolus		f2aa370f-fe32-5793-bf4d-911cfbf3621b			2026-04-27T09:21:04.935141+00:00	sanctoral
d72f1363-3f18-54eb-87f2-a3c21ed98f6b	3260	Verissimus		f2aa370f-fe32-5793-bf4d-911cfbf3621b			2026-04-27T09:21:04.935141+00:00	sanctoral
0cc2d439-4f8c-5c61-bcda-f4c4fb030fa8	3261	Veronica		f2aa370f-fe32-5793-bf4d-911cfbf3621b			2026-04-27T09:21:04.935141+00:00	sanctoral
daabeb9f-6cb8-5b4b-a65f-0647d38e7234	3262	Verus		f2aa370f-fe32-5793-bf4d-911cfbf3621b			2026-04-27T09:21:04.935141+00:00	sanctoral
8848991f-b158-559d-89c1-cb17518c2925	3263	Viator		f2aa370f-fe32-5793-bf4d-911cfbf3621b			2026-04-27T09:21:04.935141+00:00	sanctoral
f156c50c-a512-544d-a915-ab2eca36debc	3264	Viator (Translatio)		f2aa370f-fe32-5793-bf4d-911cfbf3621b			2026-04-27T09:21:04.935141+00:00	sanctoral
af0f9b72-1092-5318-9237-8eb60e434943	3265	Victor		f2aa370f-fe32-5793-bf4d-911cfbf3621b			2026-04-27T09:21:04.935141+00:00	sanctoral
a688f628-bf62-5a33-b116-67fbce853bdf	3266	Victor (Inventio)		f2aa370f-fe32-5793-bf4d-911cfbf3621b			2026-04-27T09:21:04.935141+00:00	sanctoral
f51e7389-c164-543f-8519-90c10bf34231	3267	Victor (Translatio)		f2aa370f-fe32-5793-bf4d-911cfbf3621b			2026-04-27T09:21:04.935141+00:00	sanctoral
37145b46-8ac5-5388-9bf4-569d5f3c5225	3268	Victor Agaunensis		f2aa370f-fe32-5793-bf4d-911cfbf3621b			2026-04-27T09:21:04.935141+00:00	sanctoral
ee384642-afbc-51e8-88a9-2558efdfb9ce	3269	Victor Bracarensis		f2aa370f-fe32-5793-bf4d-911cfbf3621b			2026-04-27T09:21:04.935141+00:00	sanctoral
5622b71e-e1df-5d70-af0e-3a7e0e788a7a	3270	Victor diaconus		f2aa370f-fe32-5793-bf4d-911cfbf3621b			2026-04-27T09:21:04.935141+00:00	sanctoral
6366b787-bf03-5e81-8566-a002d4829727	3271	Victor Massiliensis		f2aa370f-fe32-5793-bf4d-911cfbf3621b			2026-04-27T09:21:04.935141+00:00	sanctoral
4e74d1f1-594c-57ca-9523-f86893d4c6e6	3272	Victor Massiliensis (Octava)		f2aa370f-fe32-5793-bf4d-911cfbf3621b			2026-04-27T09:21:04.935141+00:00	sanctoral
59252b79-97d7-5012-b2b8-8f937421db16	3273	Victor Massiliensis (Translatio)		f2aa370f-fe32-5793-bf4d-911cfbf3621b			2026-04-27T09:21:04.935141+00:00	sanctoral
0069a082-efcb-5585-b573-35f97a4681eb	3274	Victor Mediolanensis		f2aa370f-fe32-5793-bf4d-911cfbf3621b			2026-04-27T09:21:04.935141+00:00	sanctoral
2f40fc62-eb40-5e08-91fb-b96331b73383	3275	Victor papa		f2aa370f-fe32-5793-bf4d-911cfbf3621b			2026-04-27T09:21:04.935141+00:00	sanctoral
4ed535eb-c67a-5cca-821b-cb6feb101703	3276	Victor Salodurensis		f2aa370f-fe32-5793-bf4d-911cfbf3621b			2026-04-27T09:21:04.935141+00:00	sanctoral
a73a0cac-8c9f-55ec-852f-90d232cb963e	3277	Victor Thebanus		f2aa370f-fe32-5793-bf4d-911cfbf3621b			2026-04-27T09:21:04.935141+00:00	sanctoral
47b9852a-9598-58bf-9978-8363d6f1662d	3278	Victor Xantensis		f2aa370f-fe32-5793-bf4d-911cfbf3621b			2026-04-27T09:21:04.935141+00:00	sanctoral
35124e62-3664-528a-8980-8859d24f2f53	3279	Victoria		f2aa370f-fe32-5793-bf4d-911cfbf3621b			2026-04-27T09:21:04.935141+00:00	sanctoral
e075cbea-6051-5876-956f-8d02a611bafe	3280	Victoria (Translatio)		f2aa370f-fe32-5793-bf4d-911cfbf3621b			2026-04-27T09:21:04.935141+00:00	sanctoral
c83e6c5c-0bae-524b-a508-7d564c6d4e90	3281	Victoria de Benamarin		f2aa370f-fe32-5793-bf4d-911cfbf3621b			2026-04-27T09:21:04.935141+00:00	sanctoral
e4dd35f2-61d5-514b-b401-319c58b164cc	3282	Victoria Philippi regis		f2aa370f-fe32-5793-bf4d-911cfbf3621b			2026-04-27T09:21:04.935141+00:00	sanctoral
137c4c4b-7870-56f9-9016-0dd29a5afa1b	3283	Victorianus		f2aa370f-fe32-5793-bf4d-911cfbf3621b			2026-04-27T09:21:04.935141+00:00	sanctoral
3a988594-76c1-5d64-9aff-e889d2505394	3284	Victorianus abbas		f2aa370f-fe32-5793-bf4d-911cfbf3621b			2026-04-27T09:21:04.935141+00:00	sanctoral
fe1bf78f-9b58-572d-a9eb-81f8e28142df	3285	Victorianus Carthagiensis		f2aa370f-fe32-5793-bf4d-911cfbf3621b			2026-04-27T09:21:04.935141+00:00	sanctoral
b1b0bb50-a1cb-56f1-8623-d2c5c0ebbee7	3286	Victoricus		f2aa370f-fe32-5793-bf4d-911cfbf3621b			2026-04-27T09:21:04.935141+00:00	sanctoral
72cf1db6-0819-59c5-b09b-ac42a53f6d29	3287	Victorina		f2aa370f-fe32-5793-bf4d-911cfbf3621b			2026-04-27T09:21:04.935141+00:00	sanctoral
633db7ab-cab1-5f58-8919-b4071b390437	3288	Victorinus		f2aa370f-fe32-5793-bf4d-911cfbf3621b			2026-04-27T09:21:04.935141+00:00	sanctoral
299fecd9-3816-5120-871d-bc65ad6285d3	3289	Victorinus Petavionensis		f2aa370f-fe32-5793-bf4d-911cfbf3621b			2026-04-27T09:21:04.935141+00:00	sanctoral
500eabd4-c6f2-52a9-82a5-55ed90798abf	3290	Victorius Cenomanensis		f2aa370f-fe32-5793-bf4d-911cfbf3621b			2026-04-27T09:21:04.935141+00:00	sanctoral
e800a255-271e-5fc8-89d5-753e7c46e89c	3291	Victricius		f2aa370f-fe32-5793-bf4d-911cfbf3621b			2026-04-27T09:21:04.935141+00:00	sanctoral
9111f746-51d6-5a38-a6af-35034255b62e	3292	Victurnianus		f2aa370f-fe32-5793-bf4d-911cfbf3621b			2026-04-27T09:21:04.935141+00:00	sanctoral
3ad73154-ada7-5526-8d96-169f00bd3fc7	3293	Victurus		f2aa370f-fe32-5793-bf4d-911cfbf3621b			2026-04-27T09:21:04.935141+00:00	sanctoral
f58e43a9-d59c-5367-a206-0c8c0cd93490	3294	Vig.Ep		f2aa370f-fe32-5793-bf4d-911cfbf3621b			2026-04-27T09:21:04.935141+00:00	sanctoral
9c694c69-4a03-5cd5-982a-a175b1cec2fc	3295	Vig.Nat		f2aa370f-fe32-5793-bf4d-911cfbf3621b			2026-04-27T09:21:04.935141+00:00	sanctoral
9570fa12-9074-5068-b20c-25f7d7c6ec0f	3296	Vig.Nat (Vigilia)		f2aa370f-fe32-5793-bf4d-911cfbf3621b			2026-04-27T09:21:04.935141+00:00	sanctoral
7fe73f36-70b4-59c4-8d1e-b5bcb66c6402	3297	Vigilia		f2aa370f-fe32-5793-bf4d-911cfbf3621b			2026-04-27T09:21:04.935141+00:00	sanctoral
0a7bc94e-e83f-55ec-a10b-cc2fde8b490e	3298	Vigilia claustralis		f2aa370f-fe32-5793-bf4d-911cfbf3621b			2026-04-27T09:21:04.935141+00:00	sanctoral
de340df6-15b6-52fb-89fd-1791d1050453	3299	Vigilius		f2aa370f-fe32-5793-bf4d-911cfbf3621b			2026-04-27T09:21:04.935141+00:00	sanctoral
b45014b7-3616-5d96-83d6-1f34593ef753	3300	Vigilius (Translatio)		f2aa370f-fe32-5793-bf4d-911cfbf3621b			2026-04-27T09:21:04.935141+00:00	sanctoral
c0fb05d9-fe1f-5498-9b3e-decc39a8feec	3301	Vigor		f2aa370f-fe32-5793-bf4d-911cfbf3621b			2026-04-27T09:21:04.935141+00:00	sanctoral
c25bf215-6c7c-5fe7-a1ae-260da6e5cd5f	3302	Vigor (Translatio)		f2aa370f-fe32-5793-bf4d-911cfbf3621b			2026-04-27T09:21:04.935141+00:00	sanctoral
8bb529c9-d2e1-550e-9b85-addc6c0e7ab5	3303	Vinardus		f2aa370f-fe32-5793-bf4d-911cfbf3621b			2026-04-27T09:21:04.935141+00:00	sanctoral
3b26ad88-aeda-5230-bbd4-4eed882e596d	3304	Vincentius (Infra octavas)		f2aa370f-fe32-5793-bf4d-911cfbf3621b			2026-04-27T09:21:04.935141+00:00	sanctoral
290e14b7-ebf5-5631-9471-cac77c49c62e	3305	Vincentius (Inventio)		f2aa370f-fe32-5793-bf4d-911cfbf3621b			2026-04-27T09:21:04.935141+00:00	sanctoral
a1a18779-a07b-51a8-b8b2-604c382adaae	3306	Vincentius (Octava)		f2aa370f-fe32-5793-bf4d-911cfbf3621b			2026-04-27T09:21:04.935141+00:00	sanctoral
ab27caac-4480-548c-90b7-48f1886cf07b	3307	Vincentius (Translatio)		f2aa370f-fe32-5793-bf4d-911cfbf3621b			2026-04-27T09:21:04.935141+00:00	sanctoral
1e8d8f24-d69d-5591-9372-5cdc78fa0703	3308	Vincentius Agenensis		f2aa370f-fe32-5793-bf4d-911cfbf3621b			2026-04-27T09:21:04.935141+00:00	sanctoral
416c6eb4-03c5-5b61-8266-f3b58261df9c	3309	Vincentius Ferrer (Octava)		f2aa370f-fe32-5793-bf4d-911cfbf3621b			2026-04-27T09:21:04.935141+00:00	sanctoral
8837f213-654c-51de-9e96-b5184d4d7ecb	3310	Vincentius Lugdunensis		f2aa370f-fe32-5793-bf4d-911cfbf3621b			2026-04-27T09:21:04.935141+00:00	sanctoral
6aca6475-9a95-5d42-85b7-c33bd469173e	3311	Vincentius Romanus		f2aa370f-fe32-5793-bf4d-911cfbf3621b			2026-04-27T09:21:04.935141+00:00	sanctoral
ffe52ab8-174f-5bf4-acb8-916967221da5	3312	Vindanus		f2aa370f-fe32-5793-bf4d-911cfbf3621b			2026-04-27T09:21:04.935141+00:00	sanctoral
1b042b7c-93cd-5e24-bd6e-d781493843b9	3313	Vindicianus		f2aa370f-fe32-5793-bf4d-911cfbf3621b			2026-04-27T09:21:04.935141+00:00	sanctoral
880052b5-9254-5325-8890-0ce727feb4ea	3314	Vinebaudus		f2aa370f-fe32-5793-bf4d-911cfbf3621b			2026-04-27T09:21:04.935141+00:00	sanctoral
7365fbce-5ee0-5c35-b277-4223ea13d44c	3315	Virgilius (Octava)		f2aa370f-fe32-5793-bf4d-911cfbf3621b			2026-04-27T09:21:04.935141+00:00	sanctoral
be61bb2f-341e-59b8-b8eb-63b756454d07	3316	Virgilius (Translatio Octava)		f2aa370f-fe32-5793-bf4d-911cfbf3621b			2026-04-27T09:21:04.935141+00:00	sanctoral
6a75f794-c904-5869-8ee2-876e4b7ab408	3317	Virgilius (Translatio)		f2aa370f-fe32-5793-bf4d-911cfbf3621b			2026-04-27T09:21:04.935141+00:00	sanctoral
485047ef-de14-593e-936a-509176451e05	3318	Virus Viennensis		f2aa370f-fe32-5793-bf4d-911cfbf3621b			2026-04-27T09:21:04.935141+00:00	sanctoral
1af66679-3de2-5caa-844e-7f8b78217e95	3319	Visitatio BMV (Infra octavas)		f2aa370f-fe32-5793-bf4d-911cfbf3621b			2026-04-27T09:21:04.935141+00:00	sanctoral
b6a87680-0f02-56c6-a204-de482e510788	3320	Visitatio BMV (Octava)		f2aa370f-fe32-5793-bf4d-911cfbf3621b			2026-04-27T09:21:04.935141+00:00	sanctoral
a78a9f52-f6b5-5ea4-9a86-b136926cba86	3321	Visitatio BMV (Vigilia)		f2aa370f-fe32-5793-bf4d-911cfbf3621b			2026-04-27T09:21:04.935141+00:00	sanctoral
0288294a-a7d3-5b54-851f-9f8c287bc15a	3322	Vitalis		f2aa370f-fe32-5793-bf4d-911cfbf3621b			2026-04-27T09:21:04.935141+00:00	sanctoral
92375278-d0ee-5a39-978a-a03c01a7c7a3	3323	Vitalis (Translatio)		f2aa370f-fe32-5793-bf4d-911cfbf3621b			2026-04-27T09:21:04.935141+00:00	sanctoral
93e4c02c-1c09-56fd-8f6f-878d6c4efe97	3324	Vitalis martyr		f2aa370f-fe32-5793-bf4d-911cfbf3621b			2026-04-27T09:21:04.935141+00:00	sanctoral
076c92db-de4d-5e45-b7c9-b2fed65b79dc	3325	Vitonus		f2aa370f-fe32-5793-bf4d-911cfbf3621b			2026-04-27T09:21:04.935141+00:00	sanctoral
314d7e18-6c87-5638-8108-12ae7a71bd92	3326	Vitus		f2aa370f-fe32-5793-bf4d-911cfbf3621b			2026-04-27T09:21:04.935141+00:00	sanctoral
7db35eb3-d9fe-50ca-b50d-2d4515866aa0	3327	Vitus (Dedicatio altaris)		f2aa370f-fe32-5793-bf4d-911cfbf3621b			2026-04-27T09:21:04.935141+00:00	sanctoral
1f02c91b-58d2-5468-bf60-bc136161f266	3328	Vitus (Octava)		f2aa370f-fe32-5793-bf4d-911cfbf3621b			2026-04-27T09:21:04.935141+00:00	sanctoral
9a388f56-70a8-53f3-ba63-262e3f1cd309	3329	Vitus (Translatio)		f2aa370f-fe32-5793-bf4d-911cfbf3621b			2026-04-27T09:21:04.935141+00:00	sanctoral
5ad70bd0-e766-58cd-8bbc-58e2324fe561	3330	Viventianus		f2aa370f-fe32-5793-bf4d-911cfbf3621b			2026-04-27T09:21:04.935141+00:00	sanctoral
52429d15-ae24-5e8d-bc72-92c005d4f1a5	3331	Viventiolus		f2aa370f-fe32-5793-bf4d-911cfbf3621b			2026-04-27T09:21:04.935141+00:00	sanctoral
313bf6c9-5a45-59bf-b5b6-ce85229f7446	3332	Viventius		f2aa370f-fe32-5793-bf4d-911cfbf3621b			2026-04-27T09:21:04.935141+00:00	sanctoral
a0cd1d07-1993-552c-8112-d4310fa2db9c	3333	Viventius Claromontensis		f2aa370f-fe32-5793-bf4d-911cfbf3621b			2026-04-27T09:21:04.935141+00:00	sanctoral
7f027505-b7e5-542b-99b4-320acbc6b734	3334	Vivianus		f2aa370f-fe32-5793-bf4d-911cfbf3621b			2026-04-27T09:21:04.935141+00:00	sanctoral
6943f51f-c242-53f3-82c8-d6ba08cba5f1	3335	Vivianus (Octava)		f2aa370f-fe32-5793-bf4d-911cfbf3621b			2026-04-27T09:21:04.935141+00:00	sanctoral
242bddfd-a982-5510-b675-2b3823f620f2	3336	Vivianus (Translatio)		f2aa370f-fe32-5793-bf4d-911cfbf3621b			2026-04-27T09:21:04.935141+00:00	sanctoral
2a4a9b2f-dbc0-53bb-b4bb-a11c2b7ac1dc	3337	Vodoaldus		f2aa370f-fe32-5793-bf4d-911cfbf3621b			2026-04-27T09:21:04.935141+00:00	sanctoral
40bfa928-bcd1-5a70-b5b4-1e89eb259e92	3338	Volusianus		f2aa370f-fe32-5793-bf4d-911cfbf3621b			2026-04-27T09:21:04.935141+00:00	sanctoral
aa199dd1-461f-53ef-9a8e-56ef7281a7d8	3339	Vulmarus		f2aa370f-fe32-5793-bf4d-911cfbf3621b			2026-04-27T09:21:04.935141+00:00	sanctoral
31a03cc1-c2c0-58f9-967d-4942f23d7b99	3340	Walaricus		f2aa370f-fe32-5793-bf4d-911cfbf3621b			2026-04-27T09:21:04.935141+00:00	sanctoral
eb8220c3-9824-534a-ab3b-e4db7a11fef7	3341	Waldetrudis		f2aa370f-fe32-5793-bf4d-911cfbf3621b			2026-04-27T09:21:04.935141+00:00	sanctoral
25d0e786-5dd3-592c-8265-d5465f96eec0	3342	Walpurga		f2aa370f-fe32-5793-bf4d-911cfbf3621b			2026-04-27T09:21:04.935141+00:00	sanctoral
77f53b51-07a3-50fe-a300-f075ecea5253	3343	Walpurga (Adventus ossium)		f2aa370f-fe32-5793-bf4d-911cfbf3621b			2026-04-27T09:21:04.935141+00:00	sanctoral
caea34b1-757c-5fbe-b89b-4b3a588b4c4b	3344	Walpurga (Translatio)		f2aa370f-fe32-5793-bf4d-911cfbf3621b			2026-04-27T09:21:04.935141+00:00	sanctoral
829b0ffb-636a-54f6-8cfb-78708ed03003	3345	Wandregisilius		f2aa370f-fe32-5793-bf4d-911cfbf3621b			2026-04-27T09:21:04.935141+00:00	sanctoral
dc897dce-3ee7-5df5-8f35-1a291c3f87cd	3346	Warlesus		f2aa370f-fe32-5793-bf4d-911cfbf3621b			2026-04-27T09:21:04.935141+00:00	sanctoral
a4d6a09d-248a-53ef-bf90-7daf523a990a	3347	Wasnulphus		f2aa370f-fe32-5793-bf4d-911cfbf3621b			2026-04-27T09:21:04.935141+00:00	sanctoral
cd020f77-0da5-530b-9e5d-27ad2d83f14f	3348	Wenceslaus (Elevatio ossium)		f2aa370f-fe32-5793-bf4d-911cfbf3621b			2026-04-27T09:21:04.935141+00:00	sanctoral
a1d3038d-3061-5974-8f16-acb6fa7bae47	3349	Wenceslaus (Octava)		f2aa370f-fe32-5793-bf4d-911cfbf3621b			2026-04-27T09:21:04.935141+00:00	sanctoral
8a4cb62e-ab25-5af9-944a-745ea9e6fd3d	3350	Wenceslaus (Translatio)		f2aa370f-fe32-5793-bf4d-911cfbf3621b			2026-04-27T09:21:04.935141+00:00	sanctoral
9a49b12c-c5f1-5233-8277-0876edbc1a0a	3351	Wendelinus		f2aa370f-fe32-5793-bf4d-911cfbf3621b			2026-04-27T09:21:04.935141+00:00	sanctoral
6bfa2a93-44d1-5e02-ab25-e0849ac1d969	3352	Wendelinus (Translatio)		f2aa370f-fe32-5793-bf4d-911cfbf3621b			2026-04-27T09:21:04.935141+00:00	sanctoral
aefc1284-f203-587e-bbfe-141654a14745	3353	Wenefreda		f2aa370f-fe32-5793-bf4d-911cfbf3621b			2026-04-27T09:21:04.935141+00:00	sanctoral
13822e42-2de0-551b-915a-07d714f96991	3354	Werenfridus		f2aa370f-fe32-5793-bf4d-911cfbf3621b			2026-04-27T09:21:04.935141+00:00	sanctoral
dafd67a0-faa9-5e0f-a0a1-ef2426a6873e	3355	Wido		f2aa370f-fe32-5793-bf4d-911cfbf3621b			2026-04-27T09:21:04.935141+00:00	sanctoral
825d33e8-2358-5761-a1b7-283581d6fee9	3356	Wilfridus		f2aa370f-fe32-5793-bf4d-911cfbf3621b			2026-04-27T09:21:04.935141+00:00	sanctoral
63f2bf21-24f1-5590-adec-699939463920	3357	Wilfridus (Translatio)		f2aa370f-fe32-5793-bf4d-911cfbf3621b			2026-04-27T09:21:04.935141+00:00	sanctoral
b81f3772-e496-5357-a6e0-cff91fe77041	3358	Wilgefortis		f2aa370f-fe32-5793-bf4d-911cfbf3621b			2026-04-27T09:21:04.935141+00:00	sanctoral
2c65c40a-6262-5880-a4a5-b8a789c826a7	3359	Willehadus		f2aa370f-fe32-5793-bf4d-911cfbf3621b			2026-04-27T09:21:04.935141+00:00	sanctoral
00113c8d-d4c4-5644-8a34-ef953d619f04	3360	Willehadus (Octava)		f2aa370f-fe32-5793-bf4d-911cfbf3621b			2026-04-27T09:21:04.935141+00:00	sanctoral
d294a075-a284-548e-bd70-dbc62dbce551	3361	Willehadus (Ordinatio)		f2aa370f-fe32-5793-bf4d-911cfbf3621b			2026-04-27T09:21:04.935141+00:00	sanctoral
a4d58685-bf19-59e1-99c0-c36bbada1039	3362	Willehadus (Vigilia)		f2aa370f-fe32-5793-bf4d-911cfbf3621b			2026-04-27T09:21:04.935141+00:00	sanctoral
c1ae7a8d-14e6-5a80-9c1a-ca5849930d81	3363	Willibaldus		f2aa370f-fe32-5793-bf4d-911cfbf3621b			2026-04-27T09:21:04.935141+00:00	sanctoral
972defe8-0e3e-5c8e-99a3-7ce3c5db6400	3364	Willibaldus (Octava)		f2aa370f-fe32-5793-bf4d-911cfbf3621b			2026-04-27T09:21:04.935141+00:00	sanctoral
8addab34-2d49-579e-9731-f093868eb2b1	3365	Willibrordus		f2aa370f-fe32-5793-bf4d-911cfbf3621b			2026-04-27T09:21:04.935141+00:00	sanctoral
db47254f-3fcc-5cc6-9a18-6d69068ebbbc	3366	Winnocus		f2aa370f-fe32-5793-bf4d-911cfbf3621b			2026-04-27T09:21:04.935141+00:00	sanctoral
9e4c9e4a-d753-5416-b65c-21538f10e70b	3367	Wiro		f2aa370f-fe32-5793-bf4d-911cfbf3621b			2026-04-27T09:21:04.935141+00:00	sanctoral
737a4daf-a60a-5c85-90e2-056743f04e91	3368	Wolfgangus (Translatio)		f2aa370f-fe32-5793-bf4d-911cfbf3621b			2026-04-27T09:21:04.935141+00:00	sanctoral
74f9eaab-275e-5d7f-86bb-3d32216418d9	3369	Wulfranus		f2aa370f-fe32-5793-bf4d-911cfbf3621b			2026-04-27T09:21:04.935141+00:00	sanctoral
b5056048-da90-51f7-88cd-4ad62b6c76b7	3370	Wulfstanus		f2aa370f-fe32-5793-bf4d-911cfbf3621b			2026-04-27T09:21:04.935141+00:00	sanctoral
e6dbf6f3-af6c-5ca9-8542-49f4b1834587	3371	Wunibaldus		f2aa370f-fe32-5793-bf4d-911cfbf3621b			2026-04-27T09:21:04.935141+00:00	sanctoral
efa1eab0-154e-5e42-8e42-7f7c5e2eaed0	3372	Zachaeus		f2aa370f-fe32-5793-bf4d-911cfbf3621b			2026-04-27T09:21:04.935141+00:00	sanctoral
d4b289c1-572e-5ef5-851c-531fee2c68b8	3373	Zeno		f2aa370f-fe32-5793-bf4d-911cfbf3621b			2026-04-27T09:21:04.935141+00:00	sanctoral
ed01c992-d98c-568a-9dc4-57a4c5783bab	3374	Zeno et 10203 martyres		f2aa370f-fe32-5793-bf4d-911cfbf3621b			2026-04-27T09:21:04.935141+00:00	sanctoral
062b0358-f74d-50c8-8889-c136f062e39f	3375	Zeno Veronensis		f2aa370f-fe32-5793-bf4d-911cfbf3621b			2026-04-27T09:21:04.935141+00:00	sanctoral
4a6a72d6-69f2-5c8d-bf37-723e9180328f	3376	Zeno Zagrabiensis		f2aa370f-fe32-5793-bf4d-911cfbf3621b			2026-04-27T09:21:04.935141+00:00	sanctoral
9827de26-f532-513f-b038-b6d73efa76fd	3377	Zenobius		f2aa370f-fe32-5793-bf4d-911cfbf3621b			2026-04-27T09:21:04.935141+00:00	sanctoral
bb95398c-06e2-5574-8c81-c4df88a77256	3378	Zephyrinus		f2aa370f-fe32-5793-bf4d-911cfbf3621b			2026-04-27T09:21:04.935141+00:00	sanctoral
da697a99-5e57-53a2-8b0c-e2b27358a158	3379	Zoa		f2aa370f-fe32-5793-bf4d-911cfbf3621b			2026-04-27T09:21:04.935141+00:00	sanctoral
872ea710-9225-5c21-8af3-af80072ff081	3380	Zoilus		f2aa370f-fe32-5793-bf4d-911cfbf3621b			2026-04-27T09:21:04.935141+00:00	sanctoral
77ed24b8-be6e-508f-ae0e-6d05443387b2	3381	Zosima		f2aa370f-fe32-5793-bf4d-911cfbf3621b			2026-04-27T09:21:04.935141+00:00	sanctoral
9e5afb37-3118-555c-95a4-31050e038143	3382	Zosimus		f2aa370f-fe32-5793-bf4d-911cfbf3621b			2026-04-27T09:21:04.935141+00:00	sanctoral
a1e03b2c-290d-5374-a988-ffefbf8944be	3383	Zoticus		f2aa370f-fe32-5793-bf4d-911cfbf3621b			2026-04-27T09:21:04.935141+00:00	sanctoral
dba01f0a-4e56-5453-875a-15022218457a	3384	5 gaudia BMV		94455347-c618-5325-b1ca-806f21dab510	True		2026-04-27T09:21:04.935141+00:00	temporal
fa4f6a14-c950-56d7-bbc8-8660bd825923	3385	Corpus Christi		94455347-c618-5325-b1ca-806f21dab510	True		2026-04-27T09:21:04.935141+00:00	temporal
e373af40-cf7e-5ce5-91b1-d3a9fc14fb7e	3386	Infra octavas		94455347-c618-5325-b1ca-806f21dab510	True		2026-04-27T09:21:04.935141+00:00	temporal
29ff4e00-c481-5e3e-aa70-236290507292	3387	Trinitas		94455347-c618-5325-b1ca-806f21dab510	True		2026-04-27T09:21:04.935141+00:00	temporal
df3a7931-78d7-576e-89b0-3966be9690b1	3388	Ascensio Domini (Octava)		94455347-c618-5325-b1ca-806f21dab510			2026-04-27T09:21:04.935141+00:00	temporal
032daf11-ed6a-506d-8b95-1dad36334641	3389	Ascensio Domini (Per octavas)		94455347-c618-5325-b1ca-806f21dab510			2026-04-27T09:21:04.935141+00:00	temporal
c7e6a78e-7b02-588e-bbd3-4483d26d5085	3390	Cin		94455347-c618-5325-b1ca-806f21dab510			2026-04-27T09:21:04.935141+00:00	temporal
8af5935d-aece-559d-9b94-4d0e73617f51	3391	Cinerum		94455347-c618-5325-b1ca-806f21dab510			2026-04-27T09:21:04.935141+00:00	temporal
4bc2e3b3-46be-5599-b9d0-e6fc4a09a18b	3392	Corpus Christi (Die 2)		94455347-c618-5325-b1ca-806f21dab510			2026-04-27T09:21:04.935141+00:00	temporal
54cf6c9e-80c9-5200-9d07-e9cef14004f1	3393	Corpus Christi (Die 3)		94455347-c618-5325-b1ca-806f21dab510			2026-04-27T09:21:04.935141+00:00	temporal
685970aa-1c47-5584-bad7-60a7284e4b9f	3394	Corpus Christi (Die 4)		94455347-c618-5325-b1ca-806f21dab510			2026-04-27T09:21:04.935141+00:00	temporal
e720db88-04d3-511c-99e0-381cde4d546b	3395	Corpus Christi (Die 5)		94455347-c618-5325-b1ca-806f21dab510			2026-04-27T09:21:04.935141+00:00	temporal
08250f4b-1488-56f9-9904-78a8ea0dabbc	3396	Corpus Christi (Die 6)		94455347-c618-5325-b1ca-806f21dab510			2026-04-27T09:21:04.935141+00:00	temporal
c61e1c50-7a05-584c-a995-76115d812233	3397	Corpus Christi (Die 7)		94455347-c618-5325-b1ca-806f21dab510			2026-04-27T09:21:04.935141+00:00	temporal
a5121c89-419a-5cb7-acf9-3998cc4c57f6	3398	Corpus Christi (Infra octavas)		94455347-c618-5325-b1ca-806f21dab510			2026-04-27T09:21:04.935141+00:00	temporal
605bff3e-19f8-5498-8141-15711c9d5564	3399	Corpus Christi (Octava)		94455347-c618-5325-b1ca-806f21dab510			2026-04-27T09:21:04.935141+00:00	temporal
8f169dae-b5f8-5c80-94ce-a951d89f5466	3400	Corpus Christi (Vigilia)		94455347-c618-5325-b1ca-806f21dab510			2026-04-27T09:21:04.935141+00:00	temporal
3925b394-b15d-5b07-bf90-794e38bf760f	3401	D.prop		94455347-c618-5325-b1ca-806f21dab510			2026-04-27T09:21:04.935141+00:00	temporal
8df895ae-f9bd-5a95-903b-f02caba437f4	3402	D50		94455347-c618-5325-b1ca-806f21dab510			2026-04-27T09:21:04.935141+00:00	temporal
585ceef3-3e4c-59e6-94d3-a3128966cfa2	3403	D60		94455347-c618-5325-b1ca-806f21dab510			2026-04-27T09:21:04.935141+00:00	temporal
3e9fdd99-5793-5cd8-8829-f6adc198b468	3404	D70		94455347-c618-5325-b1ca-806f21dab510			2026-04-27T09:21:04.935141+00:00	temporal
8e9b1e71-4ab4-5c9d-b170-23d6e7be2e29	3405	de tempore		94455347-c618-5325-b1ca-806f21dab510			2026-04-27T09:21:04.935141+00:00	temporal
31d91f99-aeed-5097-b894-6a3afa45d43b	3406	Deditio urbis Granatae		94455347-c618-5325-b1ca-806f21dab510			2026-04-27T09:21:04.935141+00:00	temporal
bda3e848-9f2e-5d1b-a2e2-0d34b2a8951e	3407	Die2.Corp		94455347-c618-5325-b1ca-806f21dab510			2026-04-27T09:21:04.935141+00:00	temporal
09216fc9-f5d8-5260-93e6-47e12861adf0	3408	Die3.Corp		94455347-c618-5325-b1ca-806f21dab510			2026-04-27T09:21:04.935141+00:00	temporal
2e293ff7-3d92-58bc-bc92-a2c892489772	3409	Die4.Corp		94455347-c618-5325-b1ca-806f21dab510			2026-04-27T09:21:04.935141+00:00	temporal
28ae0c9b-e9f6-54e6-b221-275bfaa559a6	3410	Die5.Corp		94455347-c618-5325-b1ca-806f21dab510			2026-04-27T09:21:04.935141+00:00	temporal
fe71aac6-275c-53a0-851b-17f74f779496	3411	Die6.Corp		94455347-c618-5325-b1ca-806f21dab510			2026-04-27T09:21:04.935141+00:00	temporal
1178b07c-fb75-58d4-95e4-f7a62f7e5543	3412	Die7.Corp		94455347-c618-5325-b1ca-806f21dab510			2026-04-27T09:21:04.935141+00:00	temporal
44f4ff11-569d-56d1-bc8c-688e62949162	3413	Dominica propria		94455347-c618-5325-b1ca-806f21dab510			2026-04-27T09:21:04.935141+00:00	temporal
ab5d248f-5b8b-5789-bee7-6e884130a2c7	3414	Epiphania (Infra octavas)		94455347-c618-5325-b1ca-806f21dab510			2026-04-27T09:21:04.935141+00:00	temporal
41ce5404-ceb9-5e86-a01e-c9761a2cf82f	3415	Oct.Asc		94455347-c618-5325-b1ca-806f21dab510			2026-04-27T09:21:04.935141+00:00	temporal
f5ee6f83-afa7-520a-9ae0-81b114e1332d	3416	Oct.Corp		94455347-c618-5325-b1ca-806f21dab510			2026-04-27T09:21:04.935141+00:00	temporal
77fb9df3-9986-560e-a588-25a25eccb266	3417	Oct.Pent		94455347-c618-5325-b1ca-806f21dab510			2026-04-27T09:21:04.935141+00:00	temporal
23614e78-8e2f-568d-b6dd-fd3cb5a7cc22	3418	Oct.Trin		94455347-c618-5325-b1ca-806f21dab510			2026-04-27T09:21:04.935141+00:00	temporal
d6995d15-8ae3-53e3-9f43-8d5c5c8f9020	3419	Pascha		94455347-c618-5325-b1ca-806f21dab510			2026-04-27T09:21:04.935141+00:00	temporal
d44bf442-641b-5449-9052-62d6e7fe4c01	3420	Pasc.annotinum		94455347-c618-5325-b1ca-806f21dab510			2026-04-27T09:21:04.935141+00:00	temporal
76c21afa-afee-55ab-87ed-ccbd4c525781	3421	Pentecosten		94455347-c618-5325-b1ca-806f21dab510			2026-04-27T09:21:04.935141+00:00	temporal
da61a221-72f0-58a1-b91d-e9ea8fe23da2	3422	Pentecostes (Infra octavas)		94455347-c618-5325-b1ca-806f21dab510			2026-04-27T09:21:04.935141+00:00	temporal
499d99a2-9d2b-583f-8ed2-5c431906db58	3423	Quinquagesima		94455347-c618-5325-b1ca-806f21dab510			2026-04-27T09:21:04.935141+00:00	temporal
67744bde-3ac0-5011-b515-d1a2e21d39ec	3424	Resurrectio Domini (Infra octavas)		94455347-c618-5325-b1ca-806f21dab510			2026-04-27T09:21:04.935141+00:00	temporal
35a9694f-b54a-581a-9c2b-f9774fab6713	3425	Rogat		94455347-c618-5325-b1ca-806f21dab510			2026-04-27T09:21:04.935141+00:00	temporal
f33a7561-4d2e-5d19-8fa6-6d791bd4fd41	3426	Rogationes		94455347-c618-5325-b1ca-806f21dab510			2026-04-27T09:21:04.935141+00:00	temporal
4932b2bf-3aa4-5d00-991d-65dd72900b6e	3427	Septuagesima		94455347-c618-5325-b1ca-806f21dab510			2026-04-27T09:21:04.935141+00:00	temporal
374c0b7b-6abd-5cf1-a9a5-2426dcceb0f5	3428	Sexagesima		94455347-c618-5325-b1ca-806f21dab510			2026-04-27T09:21:04.935141+00:00	temporal
49c17bbd-4a88-58c8-ba4c-8461efef30c6	3429	Trin		94455347-c618-5325-b1ca-806f21dab510			2026-04-27T09:21:04.935141+00:00	temporal
ec88da54-99a6-5c3f-8270-fdc00f97bba1	3430	Trinitas (Octava)		94455347-c618-5325-b1ca-806f21dab510			2026-04-27T09:21:04.935141+00:00	temporal
a394070f-9c3c-5c94-a446-f903d7be88a2	3431	Vig.Asc		94455347-c618-5325-b1ca-806f21dab510			2026-04-27T09:21:04.935141+00:00	temporal
2a8730ec-9e3c-56e7-b4f7-1744f5fc67ef	3432	Vig.Corp		94455347-c618-5325-b1ca-806f21dab510			2026-04-27T09:21:04.935141+00:00	temporal
e942e719-f6f2-5c19-a662-6e9d9f6789ec	3433	Vig.Pent		94455347-c618-5325-b1ca-806f21dab510			2026-04-27T09:21:04.935141+00:00	temporal
7de2472d-a094-58b9-bb06-e844eff7b1e9	3434	30 missae Gregorii papae			True		2026-04-27T09:21:04.935141+00:00	
6d6c3fd3-cab3-5779-856f-c2735693260c	3435	4 virgines			True		2026-04-27T09:21:04.935141+00:00	
b1e93c49-77b7-5fb4-af93-05e0388c9d01	3436	5 dolores BMV			True		2026-04-27T09:21:04.935141+00:00	
179b46db-dee2-59eb-b840-baafa39e158c	3437	7 dona Spiritus Sancti			True		2026-04-27T09:21:04.935141+00:00	
5f38fe59-9662-5e2e-a2a7-fcda681786d5	3438	ad depellandos malignos spiritus			True		2026-04-27T09:21:04.935141+00:00	
ef579411-ece6-5e7c-a91f-a752d7c77472	3439	ad honorem plurimorum martyrum			True		2026-04-27T09:21:04.935141+00:00	
eb10929e-6142-5536-8fb6-183b6d16b44c	3440	ad honorem unius martyris			True		2026-04-27T09:21:04.935141+00:00	
7134e904-a0a0-5fdb-bdaa-9d18b59dcb33	3441	ad idola prohibenda			True		2026-04-27T09:21:04.935141+00:00	
1a2854bf-ba33-52a8-b204-bcad398b2c3b	3442	ad poscenda suffragia sanctorum			True		2026-04-27T09:21:04.935141+00:00	
c7359fa3-a662-5884-86b9-d757f77664fe	3443	ad poscendum donum caritatis			True		2026-04-27T09:21:04.935141+00:00	
8b99b01b-6f88-518e-bcbf-06a4cd279486	3444	ad poscendum donum Dei			True		2026-04-27T09:21:04.935141+00:00	
4e3e2789-fb69-5e9e-98d5-a3993799d268	3445	ad poscendum donum Spiritus Sancti			True		2026-04-27T09:21:04.935141+00:00	
2e8d0e23-5835-5c4d-9cda-34d5759110da	3446	ad sanctum ipsius loci			True		2026-04-27T09:21:04.935141+00:00	
21ef24c6-56f4-54fb-8330-1859ae66b49f	3447	ad veniam peccatorum postulandam et iram Dei effugiendam			True		2026-04-27T09:21:04.935141+00:00	
902cb11d-81c2-57a2-941b-ac7f9dadb50c	3448	angelus custos civitatis			True		2026-04-27T09:21:04.935141+00:00	
8e9ea7dd-1b89-50e6-82e7-671cd842c093	3449	Ansanus			True		2026-04-27T09:21:04.935141+00:00	
af52f1a2-2fac-5758-a4cd-8618f52428cf	3450	Antoninus Florentinus			True		2026-04-27T09:21:04.935141+00:00	
ac59a6bc-c9b1-5a81-a6b0-8b568c1982bb	3451	Arma Christi			True		2026-04-27T09:21:04.935141+00:00	
6601a6ce-96ff-5c28-8efe-e40261287133	3452	BMV			True		2026-04-27T09:21:04.935141+00:00	
774411a8-784e-5590-b871-82868d92966c	3453	commemoratio animarum			True		2026-04-27T09:21:04.935141+00:00	
3f765fc9-44db-52c9-a706-f44dbd9e39c6	3454	commemoratio Christi			True		2026-04-27T09:21:04.935141+00:00	
23500f18-837f-582d-b4d7-9c7dfa5f73f8	3455	commemoratio Iesu			True		2026-04-27T09:21:04.935141+00:00	
997faa0b-9493-5ff9-8d79-f3aa7b7e6396	3456	commemoratio sanctorum			True		2026-04-27T09:21:04.935141+00:00	
0ac60b78-8400-5885-9f96-4adb455ce0be	3457	commemorationes infra annum			True		2026-04-27T09:21:04.935141+00:00	
b33d5198-e93c-5fb9-9589-91b615c6d786	3458	commemorationes infra dies 30			True		2026-04-27T09:21:04.935141+00:00	
5993b7b4-5638-5841-b5da-8665585d9649	3459	continens martyr			True		2026-04-27T09:21:04.935141+00:00	
1cd9d84b-2ca2-5e84-978d-07d494356ada	3460	contra adversarios Ecclesiae			True		2026-04-27T09:21:04.935141+00:00	
e06d8383-ff1e-5822-bfc1-b36a39296037	3461	contra adversitates Ecclesiae			True		2026-04-27T09:21:04.935141+00:00	
0d3c8a66-507d-567b-8888-1911aab08a12	3462	contra contentionem			True		2026-04-27T09:21:04.935141+00:00	
1a10cd52-5f43-5a65-aec5-ad9d4514e877	3463	contra diabolicas illusiones			True		2026-04-27T09:21:04.935141+00:00	
3c55e0a0-c6bc-59c2-9277-4be75ea7f26f	3464	contra episcopos male agentes			True		2026-04-27T09:21:04.935141+00:00	
9cbb2524-e803-5198-b843-086115860d7c	3465	contra famem et tempestatem			True		2026-04-27T09:21:04.935141+00:00	
064f7fdc-8db6-5408-8cc1-54cee58ef0a9	3466	contra febres			True		2026-04-27T09:21:04.935141+00:00	
fd315323-e728-5ddf-b218-34efbb1271b3	3467	contra fulgura			True		2026-04-27T09:21:04.935141+00:00	
d8de1a16-1cab-5917-b9fe-a4803499ed72	3468	contra grandinem			True		2026-04-27T09:21:04.935141+00:00	
d3ff9eec-4e89-58d8-91e9-6ed07d0cd4f1	3469	contra haereticos			True		2026-04-27T09:21:04.935141+00:00	
54901f5e-8250-5337-878c-aaa67829edee	3470	contra hostes			True		2026-04-27T09:21:04.935141+00:00	
7cb5b75b-620b-5a7f-9c3d-9799b3854457	3471	contra immundas cogitationes			True		2026-04-27T09:21:04.935141+00:00	
7dbf4828-1d25-5292-bb9d-b7b3f7255c54	3472	contra immunditiam carnis			True		2026-04-27T09:21:04.935141+00:00	
81e3154d-9686-53d9-ad90-de224d74c22e	3473	contra incendium			True		2026-04-27T09:21:04.935141+00:00	
0a7a960e-8a28-5f67-9146-f87a7fa13961	3474	contra infamiam malorum hominum (Ioseph)			True		2026-04-27T09:21:04.935141+00:00	
f0f5f044-ac93-59cc-b36d-3c8c78ee8381	3475	contra infideles			True		2026-04-27T09:21:04.935141+00:00	
294ea362-742c-5075-8a04-522c79cc7e3c	3476	contra inimicos			True		2026-04-27T09:21:04.935141+00:00	
94ecb5fe-1072-5747-94d9-1d3b70d912ed	3477	contra iudices malos			True		2026-04-27T09:21:04.935141+00:00	
e37b1b6d-369f-5818-9e19-43d5b34f0a07	3478	contra locustas			True		2026-04-27T09:21:04.935141+00:00	
3479a8d7-6a05-5128-8cbc-1d8a0b5ffdba	3479	contra male agentes			True		2026-04-27T09:21:04.935141+00:00	
463d9be3-7e12-5f9e-8a3c-606cec643232	3480	contra morbum caducum			True		2026-04-27T09:21:04.935141+00:00	
0344006d-e512-508c-8cdf-095665135e8d	3481	contra morbum gallicum (Iob)			True		2026-04-27T09:21:04.935141+00:00	
59500fe1-772a-50c2-bfc1-9f5cfc69de9e	3482	contra mortalitatem			True		2026-04-27T09:21:04.935141+00:00	
90dbabfb-e345-56c9-8c9b-8b6562cdeb5a	3483	contra mortalitatem (Sebastianus)			True		2026-04-27T09:21:04.935141+00:00	
5dc2dbee-61c0-506d-bc9c-9f4ea46529c4	3484	contra mortem aeternam			True		2026-04-27T09:21:04.935141+00:00	
94ea0779-06a9-58ec-b71a-9a16c384f8f3	3485	contra mortem improvisam			True		2026-04-27T09:21:04.935141+00:00	
6ec03522-c953-566b-abb4-5e46118450cd	3486	contra obloquentes			True		2026-04-27T09:21:04.935141+00:00	
dbeff6f2-0cea-503f-84d7-3e617360e21c	3487	contra offensores ecclesiarum et pauperum			True		2026-04-27T09:21:04.935141+00:00	
f873d34e-2b05-501c-9cd3-863166edeb31	3488	contra paganos			True		2026-04-27T09:21:04.935141+00:00	
55385669-be75-577a-9edc-238f3aee897c	3489	contra persecutiones			True		2026-04-27T09:21:04.935141+00:00	
c6452706-885e-5aba-853f-2f2a5e78a256	3490	contra persecutores			True		2026-04-27T09:21:04.935141+00:00	
718300af-4f6d-5566-ad56-3327a265a5d5	3491	contra persecutores Ecclesiae			True		2026-04-27T09:21:04.935141+00:00	
6bbda5c0-6165-5599-a89b-5ac149fd2116	3492	contra pestem			True		2026-04-27T09:21:04.935141+00:00	
ef2ed1fb-850e-538c-9064-7bb1806f1c2a	3493	contra pestem animalium			True		2026-04-27T09:21:04.935141+00:00	
8f5cc662-f581-5aea-9fef-b6af07575a81	3494	contra pestem et famem			True		2026-04-27T09:21:04.935141+00:00	
ff79d008-7810-53e7-9206-f73f9e766abb	3495	contra pestem inguinariam			True		2026-04-27T09:21:04.935141+00:00	
d242ccbe-3da9-5cba-9e89-a9793a378352	3496	contra pestilentiam (Gregorius papa-Sebastianus)			True		2026-04-27T09:21:04.935141+00:00	
d528e062-6a10-5b13-81dc-00979d176c16	3497	contra pestilentiam (Rochus)			True		2026-04-27T09:21:04.935141+00:00	
89294d2f-0b90-50fb-820c-0bdab9a290d1	3498	contra pluviam			True		2026-04-27T09:21:04.935141+00:00	
b1fde8fd-b8c0-5cd3-958e-dd6cf89f518a	3499	contra principes malos			True		2026-04-27T09:21:04.935141+00:00	
17ac05ce-6558-5592-9192-474be3e5e6aa	3500	contra raptores Ecclesiae			True		2026-04-27T09:21:04.935141+00:00	
6f55b528-19dc-523d-80cb-2f95e1906dd6	3501	contra Saracenos			True		2026-04-27T09:21:04.935141+00:00	
8950819b-37e7-55bf-8e87-5a8c045640b4	3502	contra sterilitatem			True		2026-04-27T09:21:04.935141+00:00	
dcdd600f-d2e6-57aa-97f8-9b5ee67734d6	3503	contra sterilitatem mulierum			True		2026-04-27T09:21:04.935141+00:00	
f3506a73-d1a4-5a77-908f-8c39bd2913b2	3504	contra sterilitatem terrae			True		2026-04-27T09:21:04.935141+00:00	
211c3358-2a73-5d59-8b42-240fb147ceb1	3505	contra tempestatem			True		2026-04-27T09:21:04.935141+00:00	
9fe8f038-6cd9-5b7f-8045-732adc7c6d37	3506	contra tempestatem (Barbara)			True		2026-04-27T09:21:04.935141+00:00	
838c046e-f73d-5289-8160-e81c5ce05e99	3507	contra tentationes			True		2026-04-27T09:21:04.935141+00:00	
fa589e1e-8563-5736-a91a-ddfe5f8f5486	3508	contra tentationes carnis			True		2026-04-27T09:21:04.935141+00:00	
9a12fc2c-2874-569f-b7be-f2ec69960b1e	3509	contra tentationes cogitationum			True		2026-04-27T09:21:04.935141+00:00	
6d952c50-2957-528c-be3d-d294fc082f4f	3510	contra tentationes daemonum			True		2026-04-27T09:21:04.935141+00:00	
2a3b29f4-36ed-5df0-bb12-96c555038713	3511	contra tentationes diaboli			True		2026-04-27T09:21:04.935141+00:00	
1128dd07-5a7d-578c-8457-4d08b6126b95	3512	contra tentationes inimicorum invisibilium			True		2026-04-27T09:21:04.935141+00:00	
3a52b6f8-16ac-5d2f-8ed1-73a1ae342af1	3513	contra tentationes mentis			True		2026-04-27T09:21:04.935141+00:00	
6403ca82-e85b-5f28-a104-ad08a76feca8	3514	contra terrae motum			True		2026-04-27T09:21:04.935141+00:00	
839d5851-eabb-5b63-8ca0-13a4741df45c	3515	contra Turcos			True		2026-04-27T09:21:04.935141+00:00	
a83c6f85-f0ec-52e3-95bb-da5235bf1ee6	3516	contra tyrannos			True		2026-04-27T09:21:04.935141+00:00	
341c8d0f-2d54-5a72-9d82-03b0c36ec4aa	3517	de angelis			True		2026-04-27T09:21:04.935141+00:00	
4db0d9b4-95a5-5447-acc0-e815edd8fe0c	3518	de angelo proprio			True		2026-04-27T09:21:04.935141+00:00	
14a49555-b29d-5e43-b4d0-7cc6f36863d6	3519	de apostolis			True		2026-04-27T09:21:04.935141+00:00	
a8d1b7dc-f7ea-5c4e-862e-faa930e335b3	3520	de caritate			True		2026-04-27T09:21:04.935141+00:00	
9cb76bd1-0582-5c3a-90fa-7308decc9cdd	3521	de cruce			True		2026-04-27T09:21:04.935141+00:00	
3b51b6e1-df41-55b9-99d9-d3fcdebb53ac	3522	de emundatione cordis			True		2026-04-27T09:21:04.935141+00:00	
d7c3aa42-dc1e-54de-9ca2-49518511892b	3523	de Expectato			True		2026-04-27T09:21:04.935141+00:00	
a6790ec5-44ca-5abc-b750-225997c19c0b	3524	de fide			True		2026-04-27T09:21:04.935141+00:00	
c12e2c54-5720-503f-bd3a-ec73dc6b1e7c	3525	de fide spe caritate			True		2026-04-27T09:21:04.935141+00:00	
879fcc0b-17d8-5e59-9d7c-f57e316c9b32	3526	de humanitate Iesu Christi			True		2026-04-27T09:21:04.935141+00:00	
6a5a25b6-070a-50c8-9fe5-aa20df20d5fe	3527	de incarnatione Domini			True		2026-04-27T09:21:04.935141+00:00	
0ab5c016-3bba-5a2f-9bcf-78576ec0ddbd	3528	de omnibus sanctis			True		2026-04-27T09:21:04.935141+00:00	
e7e07506-3658-5a7d-ad0f-02e16bf2e7f9	3529	de omnibus sanctis in Pascha			True		2026-04-27T09:21:04.935141+00:00	
201c0107-189a-59af-9401-4fd5b5827f2b	3530	de omnibus sanctis in tribulationibus			True		2026-04-27T09:21:04.935141+00:00	
d15cf587-82d4-5b23-9957-16aa6cdcc391	3531	de Passione Domini			True		2026-04-27T09:21:04.935141+00:00	
0c890935-cbc5-56a3-b14e-82880273055c	3532	de Passione et Crucis Domini			True		2026-04-27T09:21:04.935141+00:00	
56e8a479-8272-5fb5-b883-316d2d3ce3f5	3533	de patronis			True		2026-04-27T09:21:04.935141+00:00	
b4a18a22-d15a-539f-b43b-f9aa94258564	3534	de patrono			True		2026-04-27T09:21:04.935141+00:00	
bbd51a28-7fa0-5491-b6ea-3d3cb54e3de0	3535	de poenis Iesu			True		2026-04-27T09:21:04.935141+00:00	
631744b3-2b5e-5561-a464-4087e7e56994	3536	de sacramentis dominicis			True		2026-04-27T09:21:04.935141+00:00	
c706f666-955b-5f45-be03-917093136502	3537	de sanctis quorum exitus agitur			True		2026-04-27T09:21:04.935141+00:00	
8d6bb10c-cc67-595a-ac54-4908efb224d5	3538	de sancto de quo fundata est ecclesia			True		2026-04-27T09:21:04.935141+00:00	
9cf69e87-6e1d-5dee-9483-40ebb5f90516	3539	de Sancto Spiritu			True		2026-04-27T09:21:04.935141+00:00	
cdc4b329-84fe-59ea-80c7-d54fbd2e6aba	3540	de sapientia			True		2026-04-27T09:21:04.935141+00:00	
91281080-b395-59e6-b056-83edc46883f7	3541	de victoria Christianorum			True		2026-04-27T09:21:04.935141+00:00	
521dd679-760f-581a-8f7c-028ad4018cde	3542	Dedicatio (Octava)			True		2026-04-27T09:21:04.935141+00:00	
0ebea418-4f10-54b3-8e29-e7eace5c8110	3543	depositio Christi			True		2026-04-27T09:21:04.935141+00:00	
c426b410-98e5-5da8-91ef-0cf6d5b8dde4	3544	evangelistae quattuor			True		2026-04-27T09:21:04.935141+00:00	
8a9c1466-956e-564b-967f-c1f2693f5c24	3545	Experta BMV			True		2026-04-27T09:21:04.935141+00:00	
82d37a97-a0c8-56d6-80e5-3716010fffbd	3546	facies Iesu			True		2026-04-27T09:21:04.935141+00:00	
fcd9b199-9ca9-5666-aad5-4c93ab47dc78	3547	genealogia Annae			True		2026-04-27T09:21:04.935141+00:00	
d081cfe8-a67c-5ddb-bb88-c46f13861170	3548	Imago Domini			True		2026-04-27T09:21:04.935141+00:00	
d97b8d17-3c8b-5ae4-9a04-7213d0d0d815	3549	in adversitatibus			True		2026-04-27T09:21:04.935141+00:00	
99d83efa-30f5-5ae5-8d17-a1d3df4589ac	3550	in anniversario			True		2026-04-27T09:21:04.935141+00:00	
3b159a89-a622-5988-ae52-b58af83c0d87	3551	in anniversario defuncti episcopi			True		2026-04-27T09:21:04.935141+00:00	
43dc9eb7-0d61-5f46-97cf-607e39a16567	3552	in anniversario depositionis			True		2026-04-27T09:21:04.935141+00:00	
1aa31e10-5860-5a48-b532-49594093f39c	3553	in anniversario plurium			True		2026-04-27T09:21:04.935141+00:00	
c06524d4-acea-5aa4-89ec-3892fad8aa13	3554	in anniversario pontificis			True		2026-04-27T09:21:04.935141+00:00	
101a271a-f896-5577-a383-9f24ce7d20cf	3555	in anniversario pro utroque sexu			True		2026-04-27T09:21:04.935141+00:00	
744d0955-caef-5bff-af4f-d2b459c715fa	3556	in anniversario unius			True		2026-04-27T09:21:04.935141+00:00	
d77c1d72-952f-506a-8b4e-e997eec8d903	3557	in coemeterio			True		2026-04-27T09:21:04.935141+00:00	
c2aa6ee0-cf49-5a7b-b30e-2da442a1e78a	3558	in colloquio			True		2026-04-27T09:21:04.935141+00:00	
3a24ab73-bd83-5b99-b978-eb87f0601a8f	3559	in commemoratione obitus plurimorum			True		2026-04-27T09:21:04.935141+00:00	
6851eb18-386c-5b17-b639-6f458597c708	3560	in commemoratione obitus unius			True		2026-04-27T09:21:04.935141+00:00	
4f3becbb-d57f-527f-b7d5-43569c430d2e	3561	in commemoratione sacerdotis defuncti			True		2026-04-27T09:21:04.935141+00:00	
2cf0511a-541e-556e-a5bf-f544a539e8a5	3562	in commotione gentium			True		2026-04-27T09:21:04.935141+00:00	
23129757-1ac7-5777-a73f-d20e98df6cfe	3563	in conventu iudicum			True		2026-04-27T09:21:04.935141+00:00	
679e40e8-5e6b-53b4-90d9-8e551fa2e9ae	3564	in depositione			True		2026-04-27T09:21:04.935141+00:00	
7309b0f4-a4d8-537b-82ca-f3431d28af42	3565	in depositione episcopi			True		2026-04-27T09:21:04.935141+00:00	
5de97607-55f6-519a-872a-2b9213359781	3566	in depositione sacerdotis			True		2026-04-27T09:21:04.935141+00:00	
b68f2756-edf7-5381-9f10-0a217777fecb	3567	in die animarum			True		2026-04-27T09:21:04.935141+00:00	
e4b966e3-3679-53c6-9b29-3b38fe1be632	3568	in die confessionis			True		2026-04-27T09:21:04.935141+00:00	
775d4ef6-d9bd-593e-8056-4567577706db	3569	in die septimo vel tricesimo			True		2026-04-27T09:21:04.935141+00:00	
7b79b2d3-105c-5825-89d5-d00c00106a7a	3570	in die tertio			True		2026-04-27T09:21:04.935141+00:00	
355ad3cb-5a0a-53f9-be4a-1b9831609b74	3571	in electione episcopi			True		2026-04-27T09:21:04.935141+00:00	
ea55417b-f468-5891-9180-04b78a6b1857	3572	in electione papae			True		2026-04-27T09:21:04.935141+00:00	
2ab87fdb-3036-5868-8d5f-28cef20c9044	3573	in habitaculis			True		2026-04-27T09:21:04.935141+00:00	
2839d21e-7dc4-5b7f-a812-f7fa3bfc7e67	3574	in honore Salvatoris			True		2026-04-27T09:21:04.935141+00:00	
a58e5937-c2a6-59fe-8e8b-0f957dfc6040	3575	in ieiuniis			True		2026-04-27T09:21:04.935141+00:00	
e9401e76-acf9-594b-a17e-becde20e2b9e	3576	in necessitate			True		2026-04-27T09:21:04.935141+00:00	
205ad615-2762-56a3-9063-4b790b438ea7	3577	in necessitate Ecclesiae			True		2026-04-27T09:21:04.935141+00:00	
8b38f1aa-0df4-516c-8249-e9ffed86ca8a	3578	in obitu			True		2026-04-27T09:21:04.935141+00:00	
53e253eb-46a3-5287-97df-a4715f59a7c8	3579	in ordinatione			True		2026-04-27T09:21:04.935141+00:00	
6cc00808-f5e9-578b-b660-e48b751773bf	3580	in ordinatione diaconi			True		2026-04-27T09:21:04.935141+00:00	
4f2f0b36-fece-5d61-ba3c-57cae936efe5	3581	in ordinatione episcopi			True		2026-04-27T09:21:04.935141+00:00	
ef187b17-061f-5560-a28f-db0651aefbd9	3582	in ordinatione presbyteri			True		2026-04-27T09:21:04.935141+00:00	
9702000a-19b6-5a0e-9fbf-2e7609a073a5	3583	in pressuris			True		2026-04-27T09:21:04.935141+00:00	
2359039d-400a-58b1-b647-c07bb90442d2	3584	in septenario			True		2026-04-27T09:21:04.935141+00:00	
74541a26-907b-5a34-af09-4257dd8fe642	3585	in synodo			True		2026-04-27T09:21:04.935141+00:00	
99ab411c-1029-574c-bb99-b1521b018453	3586	in tempore belli			True		2026-04-27T09:21:04.935141+00:00	
bd5b4a7c-96c9-54e0-9e8c-1da24ec855dd	3587	in tempore mortalitatis			True		2026-04-27T09:21:04.935141+00:00	
1749589d-6064-5d98-8a4a-be1803953526	3588	in tribulationibus			True		2026-04-27T09:21:04.935141+00:00	
81eb79c2-2799-549d-9c14-4da06a25509e	3589	in tribulationibus amici			True		2026-04-27T09:21:04.935141+00:00	
83c20266-bee3-5beb-a061-948068c3b82f	3590	in tribulationibus peccatorum			True		2026-04-27T09:21:04.935141+00:00	
4193ae2d-97dc-5b22-9a6d-07916d290f22	3591	in tribulationibus populi			True		2026-04-27T09:21:04.935141+00:00	
3dff5cc5-fb0b-51b9-8b02-cc1bdd45dd9d	3592	Ioachim pater Mariae			True		2026-04-27T09:21:04.935141+00:00	
85d4c46b-2ecd-58c9-b01f-bfcf8afcb7d4	3593	Leonardus			True		2026-04-27T09:21:04.935141+00:00	
72d44f0d-424f-545c-9176-cce2990c5187	3594	Maria del Socorro			True		2026-04-27T09:21:04.935141+00:00	
016c7448-d1ff-54bd-9c08-a8b3019fe27a	3595	misericordia Domini			True		2026-04-27T09:21:04.935141+00:00	
89dd974f-a2c5-5073-8f18-a58422aac917	3596	missa ad eiciendum leprosum			True		2026-04-27T09:21:04.935141+00:00	
978fb25b-b3ca-5b05-b76f-f988b70ca909	3597	missa animarum			True		2026-04-27T09:21:04.935141+00:00	
e4904248-3487-5223-a0ed-6d997c995743	3598	missa communis pro omnibus			True		2026-04-27T09:21:04.935141+00:00	
b03034a8-eefc-5262-9a05-ac5d7e22c52f	3599	missa generalis			True		2026-04-27T09:21:04.935141+00:00	
7087b8b6-5a4c-5141-9efc-a194db461c82	3600	missa generalis (Augustinus Hipponensis)			True		2026-04-27T09:21:04.935141+00:00	
5f26561b-ec7a-565b-9bfa-af78021e263b	3601	missa monachorum			True		2026-04-27T09:21:04.935141+00:00	
a6ef8005-8bd8-5683-bdc1-e97277c92f14	3602	missa omnimoda			True		2026-04-27T09:21:04.935141+00:00	
7e0aba41-6a41-5a88-bccf-6b38e5127c24	3603	mysterium incarnationis			True		2026-04-27T09:21:04.935141+00:00	
6eb100af-b54a-5a12-8595-13796bf7c415	3604	Partus BMV			True		2026-04-27T09:21:04.935141+00:00	
fdea614b-a838-5c2e-8df0-af2abbb13c0e	3605	Pascha annotinum			True		2026-04-27T09:21:04.935141+00:00	
d43581f6-2941-5273-b535-e30c9cd24dea	3606	Planctus BMV			True		2026-04-27T09:21:04.935141+00:00	
45642ceb-3e7e-5d27-a635-1d9741118894	3607	praesules Eduenses			True		2026-04-27T09:21:04.935141+00:00	
3a751665-a547-5373-b428-2d1e1c1e1593	3608	pro abbate			True		2026-04-27T09:21:04.935141+00:00	
9920f022-0e8c-53ab-960f-2f1d972db189	3609	pro abbatissa			True		2026-04-27T09:21:04.935141+00:00	
98953ee3-fa2c-5ece-9133-0174089d8be9	3610	pro affinibus			True		2026-04-27T09:21:04.935141+00:00	
fdb65418-34e1-5b03-af35-c9f09c5691a6	3611	pro afflictis			True		2026-04-27T09:21:04.935141+00:00	
bb0c49a3-c002-5482-9663-05ee64ea4774	3612	pro agape pauperum			True		2026-04-27T09:21:04.935141+00:00	
afbbfc4a-2553-557e-a537-21ac186f242c	3613	pro amica			True		2026-04-27T09:21:04.935141+00:00	
7be8ded4-777a-508b-bccd-f41ac493da4b	3614	pro amicis			True		2026-04-27T09:21:04.935141+00:00	
0f63dccc-2ffc-52c4-bff3-6fabded33442	3615	pro amicis devotis			True		2026-04-27T09:21:04.935141+00:00	
ec1206d1-ea6d-525f-8e43-89dc515e2317	3616	pro amicis specialibus			True		2026-04-27T09:21:04.935141+00:00	
5d374d90-b59e-5ec9-b5ab-0a90f39f7d35	3617	pro amicis viventibus			True		2026-04-27T09:21:04.935141+00:00	
48f09c41-73f5-5f24-969f-6378568e31e5	3618	pro amicis vivis			True		2026-04-27T09:21:04.935141+00:00	
b5f07193-598c-5165-888c-cdc5a768ea4b	3619	pro amico			True		2026-04-27T09:21:04.935141+00:00	
73f3d6a0-4eff-50ab-a2ef-3ecd689e15ae	3620	pro amico devoto			True		2026-04-27T09:21:04.935141+00:00	
409ba68b-9a7f-5acd-a0f9-cccee212cfcb	3621	pro amico familiari			True		2026-04-27T09:21:04.935141+00:00	
fd6f11f4-20b5-5647-9dd6-66738f9e6daf	3622	pro amico in tribulatione			True		2026-04-27T09:21:04.935141+00:00	
dae04117-89ef-5bab-b53e-69ecf260dd37	3623	pro amico incarcerato			True		2026-04-27T09:21:04.935141+00:00	
42c4c418-a193-5472-9799-773e0cf8420c	3624	pro amico infirmo			True		2026-04-27T09:21:04.935141+00:00	
827f5fe2-b864-5156-b00d-63dfc96f2419	3625	pro amico iter agente			True		2026-04-27T09:21:04.935141+00:00	
4409e5e2-f87c-526f-ad3a-d804ce2983ec	3626	pro amico paenitenti			True		2026-04-27T09:21:04.935141+00:00	
b8e5731e-0162-5671-88ec-ace205d3539b	3627	pro amico peccatore			True		2026-04-27T09:21:04.935141+00:00	
3dadf1f4-325f-5aa2-b79b-2359bbaab114	3628	pro amico presbitero			True		2026-04-27T09:21:04.935141+00:00	
7c4741a2-03c3-591a-8ba7-5ebfe60e389e	3629	pro amico tentato			True		2026-04-27T09:21:04.935141+00:00	
1d23dd69-d85c-556d-843d-6465c7f43c7e	3630	pro amico vivo			True		2026-04-27T09:21:04.935141+00:00	
5547e057-bcfb-5613-b0a4-15627e899c6b	3631	pro anima in Purgatorio			True		2026-04-27T09:21:04.935141+00:00	
d301f0a7-ed39-5a57-84b5-71a4c48898c5	3632	Pro animabus in Purgatorio			True		2026-04-27T09:21:04.935141+00:00	
3e811b37-c2e6-58ce-a339-3db101d3468e	3633	pro antistite			True		2026-04-27T09:21:04.935141+00:00	
ddad38e9-3e6a-5e28-9a7f-3eb2b9b8fc71	3634	pro antistite et sibi subiectis			True		2026-04-27T09:21:04.935141+00:00	
1aca0be5-9817-5683-8bcb-e1e7de6506bb	3635	pro archiepiscopo			True		2026-04-27T09:21:04.935141+00:00	
ca839ded-f006-583b-9451-d05aeda34010	3636	pro bellis conterendis			True		2026-04-27T09:21:04.935141+00:00	
e31cf123-3289-524a-949f-d185efc916d8	3637	pro benefactione speciali			True		2026-04-27T09:21:04.935141+00:00	
399fe65a-b91a-5447-b7e5-d0fe3b9c529b	3638	pro benefactore			True		2026-04-27T09:21:04.935141+00:00	
305c6138-8592-5d67-a5c5-fc97734197b4	3639	pro benefactoribus			True		2026-04-27T09:21:04.935141+00:00	
10c0a782-cd91-5ee0-ace9-950fd6a6dcd4	3640	pro benefactoribus vivis			True		2026-04-27T09:21:04.935141+00:00	
50ffd934-f4d1-53b8-ac5c-8de5c7fa453c	3641	pro bonis operibus			True		2026-04-27T09:21:04.935141+00:00	
4e847746-cb45-530c-ba4b-c7402dcc5558	3642	pro captivis			True		2026-04-27T09:21:04.935141+00:00	
2f80f8af-dd4e-5c59-a2d0-e4b05499952f	3643	pro captivo			True		2026-04-27T09:21:04.935141+00:00	
46a79647-64ed-54a7-bf01-f1263e5a98da	3644	pro caritate			True		2026-04-27T09:21:04.935141+00:00	
ba45ce1e-346d-5dcc-b388-c7b529a20f5e	3645	pro castitate			True		2026-04-27T09:21:04.935141+00:00	
86b5b4e6-f824-5d48-bab7-6a9b6dd74b59	3646	pro catechumenis			True		2026-04-27T09:21:04.935141+00:00	
5eee9d64-f0f6-525b-af05-95a0541eb4dc	3647	pro civitate			True		2026-04-27T09:21:04.935141+00:00	
af0e138d-01e7-5d89-ae0d-67e34c1bb31d	3648	pro clericis			True		2026-04-27T09:21:04.935141+00:00	
c3b26949-d767-5cdf-ac38-1ae3db61bcab	3649	pro coenobio			True		2026-04-27T09:21:04.935141+00:00	
98d41256-80d5-568c-bfa1-bccbb96264b6	3650	pro commissis nobis			True		2026-04-27T09:21:04.935141+00:00	
5b0a77c0-aaaf-5b31-ac3c-ed7a9045a69c	3651	pro compunctione			True		2026-04-27T09:21:04.935141+00:00	
563c3e17-9be7-5d78-a402-e430b75d14c3	3652	pro compunctione cordis			True		2026-04-27T09:21:04.935141+00:00	
9877e5f4-98c5-5948-8c59-50c989413409	3653	pro concilio			True		2026-04-27T09:21:04.935141+00:00	
c4d4db39-8c5f-59c5-bb3c-79f9e973d507	3654	pro concordia			True		2026-04-27T09:21:04.935141+00:00	
d9c98186-50bb-5781-a475-8605e452cb32	3655	pro concordia fratrum			True		2026-04-27T09:21:04.935141+00:00	
aeb04510-679a-5bd6-a4ba-47e10b3b5864	3656	pro concordia in congregatione servanda			True		2026-04-27T09:21:04.935141+00:00	
488444ff-f48d-5e56-b046-94d2405d9642	3657	pro confitenti			True		2026-04-27T09:21:04.935141+00:00	
91efa86e-0c2f-543b-8fe8-7d66594c97f3	3658	pro confitentibus			True		2026-04-27T09:21:04.935141+00:00	
4d8e1446-20d6-5fed-b530-ac6b0268b286	3659	pro confratribus			True		2026-04-27T09:21:04.935141+00:00	
65fc5fe6-e745-56bf-8639-9508f6eb392e	3660	pro congregatione			True		2026-04-27T09:21:04.935141+00:00	
a1e47757-60c1-53ac-9de0-50decc81dbdb	3661	pro congregatione Ecclesiae			True		2026-04-27T09:21:04.935141+00:00	
74554205-7aab-5e1e-8092-86fa25a00964	3662	pro conservatione fructuum			True		2026-04-27T09:21:04.935141+00:00	
73388dff-1611-5457-996e-a0b03221f829	3663	pro constituto in carcere			True		2026-04-27T09:21:04.935141+00:00	
fb40096d-96fa-56b8-8a12-21da77b6b04c	3664	pro continentia			True		2026-04-27T09:21:04.935141+00:00	
eb6b1a12-cd1d-5c42-85b6-4d63ecf378c1	3665	pro contritione impetranda			True		2026-04-27T09:21:04.935141+00:00	
33e5f142-98e3-53d1-af13-d730fd882791	3666	pro conversione infidelium			True		2026-04-27T09:21:04.935141+00:00	
5e5d14b4-5c8a-59d2-99a4-c37ea9289781	3667	pro cruciata			True		2026-04-27T09:21:04.935141+00:00	
a2149d04-a23c-52ab-a1a2-91c66eba0b2d	3668	pro cuncto populo catholico			True		2026-04-27T09:21:04.935141+00:00	
7e46e66e-4f68-503c-8b6c-89cc1d9c9543	3669	pro curatis et eorum subditis			True		2026-04-27T09:21:04.935141+00:00	
8e2d2d40-5bbf-5989-8b87-bfa473c79c98	3670	pro daemoniaco			True		2026-04-27T09:21:04.935141+00:00	
223aaea3-3499-5295-aaf6-54268be3deb3	3671	pro defensione Ecclesiae			True		2026-04-27T09:21:04.935141+00:00	
8a469acb-fca3-5796-af68-d8184b2bb6f0	3672	pro defuncta			True		2026-04-27T09:21:04.935141+00:00	
b13a0905-6dd9-5eb9-acc6-52a0d5d50713	3673	pro defuncta famula			True		2026-04-27T09:21:04.935141+00:00	
794791af-7885-5c0f-a4b1-22ab7bd2ea47	3674	pro defuncta laica			True		2026-04-27T09:21:04.935141+00:00	
b27e9e58-cc82-509e-b2a9-41dfa48f7d2d	3675	pro defuncta nuper			True		2026-04-27T09:21:04.935141+00:00	
1bf6ab08-ee09-50d0-8fd2-35199f1e3b06	3676	pro defuncta regina			True		2026-04-27T09:21:04.935141+00:00	
0c3340cd-d718-56e0-80aa-b88c1cfc9759	3677	pro defunctis			True		2026-04-27T09:21:04.935141+00:00	
1f961a12-ae6f-5720-aa98-e500a88184b9	3678	pro defunctis amicis			True		2026-04-27T09:21:04.935141+00:00	
ba01d644-1fb3-5d0f-bcdb-735f246c8923	3679	pro defunctis archiepiscopis			True		2026-04-27T09:21:04.935141+00:00	
892dcc18-d627-53e5-bb31-19b4f8b1fd42	3680	pro defunctis benefactoribus			True		2026-04-27T09:21:04.935141+00:00	
97831530-6474-5ff9-ba02-036355a0f98e	3681	pro defunctis commissis			True		2026-04-27T09:21:04.935141+00:00	
71d69976-58c8-56e1-9dbd-785ab730d09b	3682	pro defunctis consanguineis			True		2026-04-27T09:21:04.935141+00:00	
544638d5-7595-5c14-b809-431b0184c71c	3683	pro defunctis constructoribus			True		2026-04-27T09:21:04.935141+00:00	
82285efe-28ef-5b44-ac92-983fdb9a8ea9	3684	pro defunctis desiderantibus paenitentiam			True		2026-04-27T09:21:04.935141+00:00	
20453119-b1a1-5dd2-9106-35c8138d82b9	3685	pro defunctis eleemosynariis			True		2026-04-27T09:21:04.935141+00:00	
1adb2f6e-7ba4-59c1-bc9c-5ea56d987b8f	3686	pro defunctis episcopis			True		2026-04-27T09:21:04.935141+00:00	
8ee9f4cc-78d2-5262-85cc-19fe038080ec	3687	pro defunctis episcopis et sacerdotibus			True		2026-04-27T09:21:04.935141+00:00	
c885763f-4ab1-5026-89b3-6c6f270d7e9a	3688	pro defunctis familiaribus			True		2026-04-27T09:21:04.935141+00:00	
9b7f4c85-39fe-534e-b505-9af7c00ea29d	3689	pro defunctis famulabus			True		2026-04-27T09:21:04.935141+00:00	
9d88dc59-be46-5948-b631-c5f52297fd0b	3690	pro defunctis famulis			True		2026-04-27T09:21:04.935141+00:00	
e805e32d-184a-5bd5-a553-ca67bee84a80	3691	pro defunctis feminis			True		2026-04-27T09:21:04.935141+00:00	
1a55c33d-35ad-50fb-919c-0658bc4f55a7	3692	pro defunctis feminis familiaribus			True		2026-04-27T09:21:04.935141+00:00	
e70e286e-e7ed-5da1-8ef1-17ce2adb7034	3693	pro defunctis fidelibus			True		2026-04-27T09:21:04.935141+00:00	
95c629c2-0145-559b-9d15-4ea4413fbe93	3694	pro defunctis fratribus			True		2026-04-27T09:21:04.935141+00:00	
9b6d8736-2aa5-503b-a622-a366a805028d	3695	pro defunctis fratribus et benefactoribus			True		2026-04-27T09:21:04.935141+00:00	
8420258a-4635-5872-9286-82658098e808	3696	pro defunctis fundatoribus			True		2026-04-27T09:21:04.935141+00:00	
3d207361-4a51-51be-99b6-f064577e1057	3697	pro defunctis gradus inferioris			True		2026-04-27T09:21:04.935141+00:00	
fb3da7d1-eaf8-5cea-a953-e2c892343b09	3698	pro defunctis in coemeterio sepultis			True		2026-04-27T09:21:04.935141+00:00	
f38ceea5-1241-5978-aded-7f0aa6dafd4e	3699	pro defunctis in congregatione			True		2026-04-27T09:21:04.935141+00:00	
9624a952-d8b9-5f81-8f7d-a179b45cf896	3700	pro defunctis in fraternitate			True		2026-04-27T09:21:04.935141+00:00	
e561c06d-4654-5208-b7b2-f3ce72ca41ba	3701	pro defunctis in locis sacris requiescunt			True		2026-04-27T09:21:04.935141+00:00	
65bc7fea-a5b8-5792-b6d9-fe1a55ef2644	3702	pro defunctis laicis			True		2026-04-27T09:21:04.935141+00:00	
7b9a8fbe-f4d0-5cba-8478-4f6ff12f3748	3703	pro defunctis masculis			True		2026-04-27T09:21:04.935141+00:00	
51d20fd3-eb8d-5bf7-839a-49f504f1b9f1	3704	pro defunctis nobis commendatis			True		2026-04-27T09:21:04.935141+00:00	
2ad4a874-f433-5528-8270-094344f0c410	3705	pro defunctis non consecutis paenitentiam			True		2026-04-27T09:21:04.935141+00:00	
6c3d2cb8-382e-55a9-9647-9d916904c2f0	3706	pro defunctis non valentibus confiteri			True		2026-04-27T09:21:04.935141+00:00	
4a3b8027-427d-53cf-9659-db01d7421a1f	3707	pro defunctis nuper			True		2026-04-27T09:21:04.935141+00:00	
e0faeab0-8e0a-5ca3-946b-0d02f2893eee	3708	pro defunctis nuper baptizatis			True		2026-04-27T09:21:04.935141+00:00	
89e7aaa4-27f8-5e63-a835-54b517fe4d01	3709	pro defunctis omnibus			True		2026-04-27T09:21:04.935141+00:00	
58869a5b-7371-5671-8496-72921a6188e8	3710	pro defunctis ordinatis			True		2026-04-27T09:21:04.935141+00:00	
10b9c2e4-f532-5848-9739-e83eb3710fe9	3711	pro defunctis parentibus			True		2026-04-27T09:21:04.935141+00:00	
95e2aff5-003e-5818-88d7-829346e9ada6	3712	pro defunctis peccatoribus			True		2026-04-27T09:21:04.935141+00:00	
ef2ab581-b000-539b-8a1e-20c4d351006b	3713	pro defunctis qui non sunt confessi			True		2026-04-27T09:21:04.935141+00:00	
0fc92bce-fbb0-5ca0-ac23-d8e98c7563c4	3714	pro defunctis quibus orare tenemur			True		2026-04-27T09:21:04.935141+00:00	
f7b27794-9cea-5f84-b7b6-2a4544c4344d	3715	pro defunctis sacerdotibus			True		2026-04-27T09:21:04.935141+00:00	
68b48c7e-b9d0-57e9-b936-acda7e6fc823	3716	pro defunctis sororibus			True		2026-04-27T09:21:04.935141+00:00	
fd71ca13-ce70-561b-880e-b0fe0560ca17	3717	pro defunctis subito			True		2026-04-27T09:21:04.935141+00:00	
4f965e13-1569-5238-9d12-5e94dc200dcc	3718	pro defunctis viris			True		2026-04-27T09:21:04.935141+00:00	
76bd8cc0-e42f-50ce-be3f-130adac875f0	3719	pro defunctis viris et feminis			True		2026-04-27T09:21:04.935141+00:00	
de8e1333-0f96-57f3-95fa-a9e28e8ced82	3720	pro defunctis viris et mulieribus			True		2026-04-27T09:21:04.935141+00:00	
cb113335-8a2e-5567-9575-82c73cc05697	3721	pro defuncto			True		2026-04-27T09:21:04.935141+00:00	
7db3d63b-d574-5d59-addb-b7664f4d09b1	3722	pro defuncto abbate			True		2026-04-27T09:21:04.935141+00:00	
0c46440e-7d79-520b-bc52-6bcb93414a66	3723	pro defuncto amico			True		2026-04-27T09:21:04.935141+00:00	
2be984b6-f72e-5fac-b33b-261d8a578410	3724	pro defuncto archiepiscopo			True		2026-04-27T09:21:04.935141+00:00	
2e8283af-9b8f-56d2-86a0-811f87cbc91f	3725	pro defuncto corpore posito in ecclesia			True		2026-04-27T09:21:04.935141+00:00	
2d56c372-36cc-5d66-b388-5946c7bb2662	3726	pro defuncto cuius anima dubitatur			True		2026-04-27T09:21:04.935141+00:00	
5fee3f96-1bda-5909-b897-f771c9e20415	3727	pro defuncto dubitato			True		2026-04-27T09:21:04.935141+00:00	
930af8b0-ba31-59ab-82e1-1bacf0e74122	3728	pro defuncto episcopo			True		2026-04-27T09:21:04.935141+00:00	
c9179f2f-cdbc-5b92-a6a8-733552e8fc67	3729	pro defuncto episcopo et papa			True		2026-04-27T09:21:04.935141+00:00	
49bc6407-b484-5b35-aa9c-88a8602771d1	3730	pro defuncto episcopo et sacerdote			True		2026-04-27T09:21:04.935141+00:00	
b4220159-b5a3-59a7-9862-d52933769542	3731	pro defuncto famulo			True		2026-04-27T09:21:04.935141+00:00	
10a1a60a-5381-5350-88a3-09a3e4a41cde	3732	pro defuncto fideli			True		2026-04-27T09:21:04.935141+00:00	
2f8a2ced-2ad3-5961-9088-e3e41e37a58e	3733	pro defuncto fundatore			True		2026-04-27T09:21:04.935141+00:00	
9f7294e5-df1f-5e0e-9434-e39ba61a48bc	3734	pro defuncto imperatore			True		2026-04-27T09:21:04.935141+00:00	
b1d608f3-1e69-5cb6-9fd4-c04b54d02580	3735	pro defuncto laico			True		2026-04-27T09:21:04.935141+00:00	
97d04866-99f6-544f-a799-20d6a0704181	3736	pro defuncto laico et speciali amico			True		2026-04-27T09:21:04.935141+00:00	
f40549f6-3ef1-5e59-9e60-90bf435c7627	3737	pro defuncto masculo			True		2026-04-27T09:21:04.935141+00:00	
f5292de1-4416-5cd1-8c5c-812e1314aa4f	3738	pro defuncto morte praevento			True		2026-04-27T09:21:04.935141+00:00	
f42d9617-b86e-5212-9fc4-0769f77eb3bd	3739	pro defuncto nuper			True		2026-04-27T09:21:04.935141+00:00	
eb9f91d1-a882-53fa-99c5-09a651e8a22d	3740	pro defuncto nuper baptizato			True		2026-04-27T09:21:04.935141+00:00	
4b493dd8-3ab2-5cb6-9e18-24e8707b1ddc	3741	pro defuncto paenitenti			True		2026-04-27T09:21:04.935141+00:00	
b13769f2-d748-59fb-a5bc-0f174519e593	3742	pro defuncto papa			True		2026-04-27T09:21:04.935141+00:00	
650f1244-de44-5c50-9708-2445d9d9037e	3743	pro defuncto praelato			True		2026-04-27T09:21:04.935141+00:00	
7886886b-1138-5684-9113-3a9f3df651cd	3744	pro defuncto praesenti			True		2026-04-27T09:21:04.935141+00:00	
231c173c-3f9d-5186-bf16-a7cccdfba013	3745	pro defuncto rege			True		2026-04-27T09:21:04.935141+00:00	
6978c944-cc7f-58dc-a8b8-8a8a9b35e5b2	3746	pro defuncto sacerdote			True		2026-04-27T09:21:04.935141+00:00	
a95e52c6-95b7-5c3c-b6b4-4c87bf1b19bd	3747	pro defuncto sacerdote curato			True		2026-04-27T09:21:04.935141+00:00	
d15e6a94-8766-56d4-b2f9-c38a51340da7	3748	pro defuncto sine confessione			True		2026-04-27T09:21:04.935141+00:00	
084f669a-2f49-5eef-88e2-9cfa68ec3d89	3749	pro defuncto subito			True		2026-04-27T09:21:04.935141+00:00	
8ebddcc1-c47b-51a0-b828-2eefc2ab1661	3750	pro desolatis animabus			True		2026-04-27T09:21:04.935141+00:00	
51f20de2-70ff-5f59-a16c-39f225d551a3	3751	pro devota femina			True		2026-04-27T09:21:04.935141+00:00	
2110a3b8-3019-53e5-a311-f2478b94f631	3752	pro devotione			True		2026-04-27T09:21:04.935141+00:00	
bb805326-e9f2-529e-9ff3-3afda4e67b07	3753	pro devotis			True		2026-04-27T09:21:04.935141+00:00	
75a4ff89-a270-5a97-8d5c-88f2f757e74c	3754	pro devotis tribulatis			True		2026-04-27T09:21:04.935141+00:00	
7c6281df-ea2b-5c14-9258-5a8336a05011	3755	pro devoto			True		2026-04-27T09:21:04.935141+00:00	
44741da4-1d01-510b-874a-229b17d1bb87	3756	pro devoto viro			True		2026-04-27T09:21:04.935141+00:00	
003c1a67-6b25-5209-a5ce-5d60381c097f	3757	pro digna vita			True		2026-04-27T09:21:04.935141+00:00	
0d4be72c-4f10-565f-929e-17c290de07d5	3758	pro duce			True		2026-04-27T09:21:04.935141+00:00	
1e115f2e-a6d1-5e93-916c-6f5032827708	3759	pro Ecclesia			True		2026-04-27T09:21:04.935141+00:00	
4650b19c-f18f-5044-9c8d-9076a3e05187	3760	pro ecclesia in adversis constituta			True		2026-04-27T09:21:04.935141+00:00	
fa944136-fcea-58c4-b62e-ad9216563f3f	3761	pro ecclesia propria			True		2026-04-27T09:21:04.935141+00:00	
53527fff-aa8f-58c0-8a32-4a38d1f9fb32	3762	pro eleemosynariis			True		2026-04-27T09:21:04.935141+00:00	
fdfea0d1-cf5a-5018-843b-1671e1506e98	3763	pro emendatione vitae			True		2026-04-27T09:21:04.935141+00:00	
6b16a11b-9da4-5c1c-9744-0d9af3b1ef0e	3764	pro eo qui morti propinquus censetur			True		2026-04-27T09:21:04.935141+00:00	
623b3f29-d678-5971-8f3b-ab5e8fa40f60	3765	pro episcopis			True		2026-04-27T09:21:04.935141+00:00	
84543ece-c09f-5b29-bf41-811a48a3d0f2	3766	pro episcopis et abbatibus			True		2026-04-27T09:21:04.935141+00:00	
1b1f555f-7109-5bc4-ab93-a342e16af4e5	3767	pro episcopo			True		2026-04-27T09:21:04.935141+00:00	
984f9675-bf0e-56f2-9ce1-25a22af2a44d	3768	pro episcopo et plebe			True		2026-04-27T09:21:04.935141+00:00	
4fd4f3cb-c20d-5228-ae99-216aa43e799d	3769	pro episcopo et rege			True		2026-04-27T09:21:04.935141+00:00	
3a7ad97e-d6f9-5aa8-8cd6-24e97cd3a61d	3770	pro evitanda ira Dei			True		2026-04-27T09:21:04.935141+00:00	
608de64c-b47a-5638-a1fb-c94238f0a622	3771	pro exercitu			True		2026-04-27T09:21:04.935141+00:00	
2b7c55c2-f641-5532-8dbb-ca88de4ff36b	3772	pro exsulibus animabus			True		2026-04-27T09:21:04.935141+00:00	
8733de3a-e642-5a78-8abf-5cc313df62ca	3773	pro familia			True		2026-04-27T09:21:04.935141+00:00	
e8cad29a-c9bb-560a-9e42-e8d5be071d8b	3774	pro familia ecclesiastica			True		2026-04-27T09:21:04.935141+00:00	
c9f34469-a353-52ad-80b8-caaa0bb17bee	3775	pro familia patroni			True		2026-04-27T09:21:04.935141+00:00	
da031a7b-a990-53aa-b83f-e3356884982a	3776	pro familiari			True		2026-04-27T09:21:04.935141+00:00	
4eaad87a-e3f2-555b-b4a2-1a0ebe764c66	3777	pro familiaribus			True		2026-04-27T09:21:04.935141+00:00	
12f99aa2-3d41-53aa-a25f-bcdc8d4f9d7b	3778	pro familiaribus amicis			True		2026-04-27T09:21:04.935141+00:00	
e924bd9d-a15e-5cba-93fc-14b11a96c70c	3779	pro famula			True		2026-04-27T09:21:04.935141+00:00	
2438bde9-7924-51bd-af84-5f465b398fd6	3780	pro famulabus			True		2026-04-27T09:21:04.935141+00:00	
30e7d204-ff0e-53ba-8b4f-92bc76ac1f34	3781	pro famulis			True		2026-04-27T09:21:04.935141+00:00	
9e9a78f3-1b03-5ffc-82a3-d54aff7266e8	3782	pro famulo			True		2026-04-27T09:21:04.935141+00:00	
93b22715-db24-5e65-aa8d-fc0bf75dc275	3783	pro febricitantibus			True		2026-04-27T09:21:04.935141+00:00	
3e8c6ab4-6519-5d0b-9939-18814e880bdf	3784	pro febricitantibus (Sigismundus)			True		2026-04-27T09:21:04.935141+00:00	
79302702-c8cb-59e8-9119-1b3bb6d47c48	3785	pro femina			True		2026-04-27T09:21:04.935141+00:00	
63615947-df0f-510a-a5a6-7ac7673b1ecf	3786	pro femina (Steph.m)			True		2026-04-27T09:21:04.935141+00:00	
03a11e4c-b15c-5fcc-83ed-c134a29f67a6	3787	pro femina quae est in articulo mortis			True		2026-04-27T09:21:04.935141+00:00	
0c6fb76c-a59c-5417-9600-2a5f56f59917	3788	pro feminis			True		2026-04-27T09:21:04.935141+00:00	
a7690156-3ef1-561d-8b10-09c7da13fdbe	3789	pro fide catholica			True		2026-04-27T09:21:04.935141+00:00	
ec23cce6-1c9c-52dc-baf0-bbc204cf1676	3790	pro fiendo matrimonio			True		2026-04-27T09:21:04.935141+00:00	
197812b6-2e39-5100-bef5-e9ba76b3e4ad	3791	pro fraternitate			True		2026-04-27T09:21:04.935141+00:00	
e1e12670-435d-596f-90b9-8227c6b537a0	3792	pro fratribus			True		2026-04-27T09:21:04.935141+00:00	
06ac73c9-6712-53f5-9fc5-48fef822854e	3793	pro fructibus terrae			True		2026-04-27T09:21:04.935141+00:00	
3b1a5862-72df-5778-b69e-d15886123372	3794	pro frugibus			True		2026-04-27T09:21:04.935141+00:00	
535d4e31-674f-56cc-b6a8-9e15b67bb9e3	3795	pro fundatore			True		2026-04-27T09:21:04.935141+00:00	
c28d3caa-dd09-5188-abe7-2bb353dbde30	3796	pro funere praesente			True		2026-04-27T09:21:04.935141+00:00	
d1529a83-0d43-5dbb-aa82-8f318da8977f	3797	pro furto			True		2026-04-27T09:21:04.935141+00:00	
717a522f-9995-5c0b-a761-59d21a38edeb	3798	pro furto (Gratianus)			True		2026-04-27T09:21:04.935141+00:00	
424026f8-f3fa-5590-943d-a5628f814bcf	3799	pro gratia			True		2026-04-27T09:21:04.935141+00:00	
1c4e50d8-c248-5564-87a5-18c0ded1d36f	3800	pro gratia Sancti Spiritus			True		2026-04-27T09:21:04.935141+00:00	
ae0f4214-bbcf-5f75-9459-c699f6fc6635	3801	pro gratiarum actione			True		2026-04-27T09:21:04.935141+00:00	
fccdd67c-c1ba-5072-b518-2e43e24ceabb	3802	pro herede			True		2026-04-27T09:21:04.935141+00:00	
e7862046-df48-52d4-9dc9-16a4ec2cc3d5	3803	pro his qui mortalitate praeventi sunt			True		2026-04-27T09:21:04.935141+00:00	
45e61767-c87d-5d31-87a5-ccc6979fcdd9	3804	pro humanitate			True		2026-04-27T09:21:04.935141+00:00	
4378b9e2-fd7c-5266-afc6-9bb11a38c779	3805	pro humilitate			True		2026-04-27T09:21:04.935141+00:00	
8f94f48f-5b27-5157-83c1-b478b2071ebf	3806	pro imperatore			True		2026-04-27T09:21:04.935141+00:00	
6817c346-a5ad-5a1b-aff0-771888a33202	3807	pro incolumitate et libertate Ecclesiae			True		2026-04-27T09:21:04.935141+00:00	
cbefcedf-beea-531d-a120-862e457cfd15	3808	pro infirma			True		2026-04-27T09:21:04.935141+00:00	
075f3b7f-c0b1-561e-a5c9-8625146dfcfe	3809	pro infirmis			True		2026-04-27T09:21:04.935141+00:00	
1387abee-c328-5027-83f4-353929151af5	3810	pro infirmo			True		2026-04-27T09:21:04.935141+00:00	
a6ae14b2-bfab-5eda-a09f-7906d54e09bf	3811	pro infirmo in domo			True		2026-04-27T09:21:04.935141+00:00	
2e589aa2-bf2a-5c05-9bef-9ea719000383	3812	pro infirmo in extremis			True		2026-04-27T09:21:04.935141+00:00	
63f9cc8b-fbd1-5fc2-a132-c997c6307418	3813	pro infirmo morti proximo			True		2026-04-27T09:21:04.935141+00:00	
031b6602-afd4-5fea-bde5-1d9d39eca95e	3814	pro inimicis			True		2026-04-27T09:21:04.935141+00:00	
a1cfdb7f-a242-598c-b796-111f367496a2	3815	pro irreligiosis			True		2026-04-27T09:21:04.935141+00:00	
67c3661e-ea41-5602-806a-2726c9a9c93c	3816	pro iter agentibus			True		2026-04-27T09:21:04.935141+00:00	
f3d27c3d-b7ab-513d-95a7-730c2d3be580	3817	pro iter agentibus (Raphael)			True		2026-04-27T09:21:04.935141+00:00	
dd50bbd4-6ed8-52e3-83c6-67c76ba02145	3818	pro iter agentibus (Tres magi)			True		2026-04-27T09:21:04.935141+00:00	
6d8db7d2-effb-5779-87e7-107ed29b25cb	3819	pro iudicibus			True		2026-04-27T09:21:04.935141+00:00	
8e907f9a-7b2a-564b-b464-4af451a1d442	3820	pro laborantibus in partu (Margarita)			True		2026-04-27T09:21:04.935141+00:00	
716c28dc-19d4-5495-8f26-bee12234017f	3821	pro laborantibus in periculis			True		2026-04-27T09:21:04.935141+00:00	
ba832a99-d3c3-50da-bc6a-d39cc7bafcc9	3822	pro lacrimis			True		2026-04-27T09:21:04.935141+00:00	
c8e185cf-3d87-59bb-a6fd-59a55d1b99e6	3823	pro loco			True		2026-04-27T09:21:04.935141+00:00	
4ece8e6a-48ed-5080-a4d2-7907e7b9dc5b	3824	pro misericordia			True		2026-04-27T09:21:04.935141+00:00	
98588e70-75e9-5ca9-aa58-10cf5fcc1b97	3825	pro miseris animabus			True		2026-04-27T09:21:04.935141+00:00	
7a0de7f9-ec28-5922-8571-7a60cf66aca6	3826	pro munditia			True		2026-04-27T09:21:04.935141+00:00	
9b46eeb0-2f1c-5834-bdba-71c34994e92d	3827	pro munitione fidelium			True		2026-04-27T09:21:04.935141+00:00	
6302e3f0-2fc3-5dd0-b9f0-06a6b046a7e5	3828	pro navigantibus			True		2026-04-27T09:21:04.935141+00:00	
ec560b81-b2e7-5ef1-a9f7-90566d760804	3829	pro neophytis			True		2026-04-27T09:21:04.935141+00:00	
162d9691-985d-535f-9758-46375b207935	3830	pro noviter ordinatis			True		2026-04-27T09:21:04.935141+00:00	
7a732f6a-f0df-5bcc-abc5-78e97b03d4dd	3831	pro oblatione			True		2026-04-27T09:21:04.935141+00:00	
baf47446-93b8-524f-a507-1d7cea4d45c4	3832	pro omni causa			True		2026-04-27T09:21:04.935141+00:00	
95153583-4367-5c5c-8d87-d087c307297d	3833	pro omnibus Christianis			True		2026-04-27T09:21:04.935141+00:00	
11716fd6-9206-587d-864a-5041892e1c84	3834	pro omnibus gradibus			True		2026-04-27T09:21:04.935141+00:00	
100d41c3-7b38-5ca3-9085-71342cd2baac	3835	pro omnibus inuriam patientibus			True		2026-04-27T09:21:04.935141+00:00	
c1023480-936a-565c-bb51-f92b7d977714	3836	pro pace			True		2026-04-27T09:21:04.935141+00:00	
129f454b-726e-5e84-9e5d-300aab44ca2a	3837	pro pace Ecclesiae			True		2026-04-27T09:21:04.935141+00:00	
688f3616-6159-5d21-aa08-0d567e2549c7	3838	pro pace regni			True		2026-04-27T09:21:04.935141+00:00	
745850ae-6448-5242-9949-3b2c231dbb63	3839	pro paenitente			True		2026-04-27T09:21:04.935141+00:00	
aa36514b-d585-5008-b4c7-4cc23d6faf69	3840	pro paenitente converso			True		2026-04-27T09:21:04.935141+00:00	
83d6caae-bb9f-50f2-ad34-17406a6a8ea7	3841	pro paenitentia			True		2026-04-27T09:21:04.935141+00:00	
4048b96e-878c-54c2-812d-634ab220de14	3842	pro paenitentibus			True		2026-04-27T09:21:04.935141+00:00	
011c2cbd-1d28-5b5a-b997-20b498fa496a	3843	pro papa			True		2026-04-27T09:21:04.935141+00:00	
dd9de167-a24a-54b3-8c0b-bb02c45fd528	3844	pro parentibus			True		2026-04-27T09:21:04.935141+00:00	
d3be4be4-0f79-5604-af78-ce35b174cce0	3845	pro parvulis			True		2026-04-27T09:21:04.935141+00:00	
e7e9ed16-6fb8-5e93-b67c-75674478aba6	3846	pro pastore			True		2026-04-27T09:21:04.935141+00:00	
8273dea7-ef3f-5bb7-8d13-d5fa93f3691f	3847	pro patientia			True		2026-04-27T09:21:04.935141+00:00	
fd57ef9d-0116-5ad4-815c-85db2ce93107	3848	pro peccatis			True		2026-04-27T09:21:04.935141+00:00	
e8d8681b-810d-56ca-add4-c10f0c2c20d8	3849	pro peccatis (Hieronymus)			True		2026-04-27T09:21:04.935141+00:00	
f2b034b5-9404-5a63-936c-1e2ed29dab6a	3850	pro peccatis plangendis			True		2026-04-27T09:21:04.935141+00:00	
0e0cbaf4-17dd-525b-a9da-de6c517446e8	3851	pro peccatis sacerdotis			True		2026-04-27T09:21:04.935141+00:00	
ffbfa47a-92fa-54f8-8092-7f284335021c	3852	pro peccatore paenitenti			True		2026-04-27T09:21:04.935141+00:00	
cf3da789-e016-5d21-8643-d75ad0040363	3853	pro peccatoribus			True		2026-04-27T09:21:04.935141+00:00	
8bcbc165-2bc8-59bc-bd06-b76caeaa3572	3854	pro pecoribus			True		2026-04-27T09:21:04.935141+00:00	
4303db53-c075-5ba1-8e5d-f6279981f603	3855	pro pluvia			True		2026-04-27T09:21:04.935141+00:00	
9e27af52-807f-5a1c-8b91-2e6e8a08538d	3856	pro pontifice seipso			True		2026-04-27T09:21:04.935141+00:00	
cf557b63-e75b-529f-b04e-f6642e6ab60c	3857	pro populo			True		2026-04-27T09:21:04.935141+00:00	
6a6ffd5d-1e43-5c04-912e-0fbf427c88b2	3858	pro populo commisso			True		2026-04-27T09:21:04.935141+00:00	
ecea1470-21d2-5406-b423-b58af340463d	3859	pro praedicantibus			True		2026-04-27T09:21:04.935141+00:00	
b46d91d1-1e52-5d0a-9c73-b3e3bd26eb42	3860	pro praegnantibus			True		2026-04-27T09:21:04.935141+00:00	
e5f1980a-307f-5599-b7d6-36ef90391e67	3861	pro praegnantibus (BMV)			True		2026-04-27T09:21:04.935141+00:00	
2cb46648-5d99-516b-a2a5-f2ea9a8d3754	3862	pro praelatis			True		2026-04-27T09:21:04.935141+00:00	
74324685-d958-5ff9-8394-fc4381eb1953	3863	pro presbytero nuper ordinato			True		2026-04-27T09:21:04.935141+00:00	
65610382-7b3f-5ec0-b91b-6f15c311a9ba	3864	pro primiciis fruguum			True		2026-04-27T09:21:04.935141+00:00	
2200722a-20f7-502c-ba64-7e6a5c908bcf	3865	pro primogenito			True		2026-04-27T09:21:04.935141+00:00	
8df814b1-57e8-56d5-9aa6-3c849df7d5b0	3866	pro primogenito regis			True		2026-04-27T09:21:04.935141+00:00	
a64e4310-41a1-5ed8-bdcf-25a343edf618	3867	pro principibus			True		2026-04-27T09:21:04.935141+00:00	
a4b06805-473b-5cdf-9403-a640277cfa64	3868	pro pueris			True		2026-04-27T09:21:04.935141+00:00	
0adc9730-e388-55cc-adeb-4da05506a0fa	3869	pro pugnaturo			True		2026-04-27T09:21:04.935141+00:00	
7dcf02ea-cf6e-5753-905c-a0355542be15	3870	pro quacumque causa			True		2026-04-27T09:21:04.935141+00:00	
797c7cba-1f7e-5756-9b21-d4b5aaef72dd	3871	pro quacumque necessitate et re obtinenda			True		2026-04-27T09:21:04.935141+00:00	
e9ae3449-b76f-5694-8d4e-f880aa4192ac	3872	pro rectoribus			True		2026-04-27T09:21:04.935141+00:00	
f228ec53-3ec7-55b7-8a89-398807513716	3873	pro rectoribus Ecclesiae			True		2026-04-27T09:21:04.935141+00:00	
67eb1e2e-c49d-54ec-8428-cbba36089719	3874	pro recuperatione terrae sanctae			True		2026-04-27T09:21:04.935141+00:00	
e2fc5f84-16c5-5e86-a763-9b85ee01149f	3875	pro redeuntibus			True		2026-04-27T09:21:04.935141+00:00	
4da2e16c-da39-5b16-b418-d8a8335022ec	3876	pro refrigerio quiescentium			True		2026-04-27T09:21:04.935141+00:00	
769eb1f3-1161-5436-a4e7-9cdbd886d26c	3877	pro regalibus			True		2026-04-27T09:21:04.935141+00:00	
fc11931f-adf4-56d9-9f01-4cacf08ddcad	3878	pro rege			True		2026-04-27T09:21:04.935141+00:00	
b7471806-027c-5c21-b896-7e25237033a9	3879	pro regina			True		2026-04-27T09:21:04.935141+00:00	
0cc38fb3-0b19-5d85-8da9-1ce2bbcefe5c	3880	pro regionibus Christianorum			True		2026-04-27T09:21:04.935141+00:00	
d0ddbb58-f860-516b-affa-3710b6a12ff5	3881	pro remissione peccatorum			True		2026-04-27T09:21:04.935141+00:00	
7744f4b0-d57b-5589-af16-b241122e776a	3882	pro renuntiantibus saeculo			True		2026-04-27T09:21:04.935141+00:00	
b53d9a73-6303-56e6-920a-2d611302adea	3883	pro requie defunctorum			True		2026-04-27T09:21:04.935141+00:00	
88bf0487-f6d5-5ce1-88ad-87909c341b41	3884	pro sacerdote			True		2026-04-27T09:21:04.935141+00:00	
ed7ce3d6-ec7d-5d17-9066-3c11a9a29185	3885	pro sacerdote seipso			True		2026-04-27T09:21:04.935141+00:00	
9aade594-43da-593a-a9d6-1f451ece1dfd	3886	pro sacerdotibus			True		2026-04-27T09:21:04.935141+00:00	
a183ee72-6308-5535-9f2b-5ea9e23cffb6	3887	pro salute			True		2026-04-27T09:21:04.935141+00:00	
a23a86ee-fb10-5a90-89d1-a14a5d117204	3888	pro salute amici			True		2026-04-27T09:21:04.935141+00:00	
1037978c-ed43-51e5-851f-d3d8b6686e43	3889	pro salute populi			True		2026-04-27T09:21:04.935141+00:00	
3b8fdfe5-4b68-5ee8-8a18-0fda5e996090	3890	pro salute principis			True		2026-04-27T09:21:04.935141+00:00	
0720f108-b567-59d2-90ae-db57f7d4bf3e	3891	pro salute unius viventis			True		2026-04-27T09:21:04.935141+00:00	
6b9decfc-5f2c-5551-b3a6-ac9c6abe5e70	3892	pro salute vivorum			True		2026-04-27T09:21:04.935141+00:00	
e3c11180-6316-5faa-8376-5fdcb9a81a1b	3893	pro salute vivorum et mortuorum			True		2026-04-27T09:21:04.935141+00:00	
4e33f9f5-7b2e-57dc-84cf-a7e5f79bb511	3894	pro sanitate			True		2026-04-27T09:21:04.935141+00:00	
db43163d-d09e-545d-a72e-ad6b4edbbb56	3895	pro sapientia			True		2026-04-27T09:21:04.935141+00:00	
431d346e-0d86-55cf-bd3f-34eb21d10dd3	3896	pro securitate			True		2026-04-27T09:21:04.935141+00:00	
5fd600b4-f037-5012-aa2d-3cfd7210dabd	3897	pro securitate Ecclesiae			True		2026-04-27T09:21:04.935141+00:00	
c2120ae0-1fe3-5b5c-b7b7-d32c9beb70e8	3898	pro sedatione schismatis			True		2026-04-27T09:21:04.935141+00:00	
d4698876-8cb1-52a1-bf96-c4c777618422	3899	pro semina			True		2026-04-27T09:21:04.935141+00:00	
e12a02bd-54c1-5f4d-938c-c964042cbc80	3900	pro serenitate			True		2026-04-27T09:21:04.935141+00:00	
fcf6dca0-6385-523c-b1e5-8ea8a52b5aa7	3901	pro sibi confessis			True		2026-04-27T09:21:04.935141+00:00	
79631995-139f-515e-8dd9-f1ace4478d12	3902	pro somniis			True		2026-04-27T09:21:04.935141+00:00	
f5679ccb-55e3-55d6-a99b-6b130555e0c5	3903	pro sororibus			True		2026-04-27T09:21:04.935141+00:00	
0b5d626f-32f1-50f9-8b70-f82ca8591cc2	3904	pro sponso et sponsa			True		2026-04-27T09:21:04.935141+00:00	
23e23fde-3f09-53ea-9995-e995f070c3f0	3905	pro stabilitate			True		2026-04-27T09:21:04.935141+00:00	
c56e65ac-03f3-5d9c-9894-ec6207a82a06	3906	pro stabilitate Ecclesiae			True		2026-04-27T09:21:04.935141+00:00	
9c134081-572a-5c4f-8813-3e1cdf26d5f4	3907	pro stabilitate loci			True		2026-04-27T09:21:04.935141+00:00	
1df8e232-6ad6-5e26-bd36-93b316565d82	3908	pro statu regis			True		2026-04-27T09:21:04.935141+00:00	
be0ec049-0a2e-575d-a67c-5e35e7155f39	3909	pro subditis			True		2026-04-27T09:21:04.935141+00:00	
ee7afec6-7f57-50f7-9ba7-3b6edd10359e	3910	pro subsidio terrae sanctae			True		2026-04-27T09:21:04.935141+00:00	
b84fc75a-ba03-5eef-ae1c-d8842b18f5fb	3911	pro temptatis tribulatis			True		2026-04-27T09:21:04.935141+00:00	
fe695964-7231-5491-94a3-3dc175fb972c	3912	pro tentatis et tribulatis			True		2026-04-27T09:21:04.935141+00:00	
6f86d8c1-e416-52a1-81bc-830fbbc5ba03	3913	pro terra sancta			True		2026-04-27T09:21:04.935141+00:00	
08df1812-e00d-5d33-8950-b16279de4c1b	3914	pro tranquillitate maris			True		2026-04-27T09:21:04.935141+00:00	
1d2dac96-71e3-5c3c-9193-fc0b1c0df434	3915	pro transeuntibus mare			True		2026-04-27T09:21:04.935141+00:00	
17b4085f-21e0-5f5f-ae06-93fc818f41c6	3916	pro tribulatione ecclesiae			True		2026-04-27T09:21:04.935141+00:00	
36dff3e4-1ce2-5ab2-b747-29598fe15c12	3917	pro unione Christianorum			True		2026-04-27T09:21:04.935141+00:00	
1d1b3c4a-89ea-525b-b4ca-66baa8a19a87	3918	pro unitate Ecclesiae			True		2026-04-27T09:21:04.935141+00:00	
7f6e93dc-2bf2-5279-b89a-96769e5ef1c6	3919	pro utriusque sexus animabus			True		2026-04-27T09:21:04.935141+00:00	
ab5e5bf4-834b-5456-97cd-d6cc564e3f29	3920	pro velandis			True		2026-04-27T09:21:04.935141+00:00	
6a88099b-5745-59af-8fdb-458c871b7e83	3921	pro venia peccatorum			True		2026-04-27T09:21:04.935141+00:00	
b3017061-56a9-58d2-a461-994b361de3f6	3922	pro victoria			True		2026-04-27T09:21:04.935141+00:00	
d8fed5c9-1acf-5d16-9e62-107f1e1da9fe	3923	pro victoria regum			True		2026-04-27T09:21:04.935141+00:00	
4558a584-97c1-5298-8839-4fd3c5fae116	3924	pro viris			True		2026-04-27T09:21:04.935141+00:00	
32ed5bc9-df7b-5a9c-a284-ccbcd9805dd8	3925	pro viro			True		2026-04-27T09:21:04.935141+00:00	
f51c19e4-aef0-58a2-8513-c66664651d6b	3926	pro virtutibus adipiscendis			True		2026-04-27T09:21:04.935141+00:00	
f0d2f5af-f795-53ab-8113-22780e6a7fac	3927	pro vivis et defunctis			True		2026-04-27T09:21:04.935141+00:00	
ee089983-9546-5731-9069-55eec79d02ba	3928	pro voto vel petitione			True		2026-04-27T09:21:04.935141+00:00	
ab640be6-143e-5f21-a8db-d63645298350	3929	Quando Ioseph voluit dimittere Mariam			True		2026-04-27T09:21:04.935141+00:00	
47a9b9d9-fac6-5b14-9a4a-2435855b0a6b	3930	Reconciliatio ecclesiae			True		2026-04-27T09:21:04.935141+00:00	
a503e9ea-4b02-5118-8daf-723828203257	3931	Reinoldus			True		2026-04-27T09:21:04.935141+00:00	
fea0c4c1-4c0d-51eb-b39b-210ce70fe591	3932	Sanctificatio BMV			True		2026-04-27T09:21:04.935141+00:00	
dfcc4983-cf07-505a-b407-b0d60684f139	3933	sede apostolica vacante			True		2026-04-27T09:21:04.935141+00:00	
d65c5d26-e81c-54f2-ae7e-8a8ef947e063	3934	tres Mariae			True		2026-04-27T09:21:04.935141+00:00	
fe82c43e-810a-5ee8-9bf1-af481f2bb6ae	3935	tribulatio BMV			True		2026-04-27T09:21:04.935141+00:00	
2dd75dab-4b1f-50f1-862c-4c386331a53f	3936	amico					2026-04-27T09:21:04.935141+00:00	
2948464e-8b64-5ec4-b51a-be24d9d95604	3937	Mastidia					2026-04-27T09:21:04.935141+00:00	
3106f6b7-dc02-57c4-a813-17b2a4821c5a	3938	papa					2026-04-27T09:21:04.935141+00:00	
9866633c-8ff9-558e-8d92-485a0fef2e31	3939	pro petente orationem fieri pro se					2026-04-27T09:21:04.935141+00:00	
49df5405-f206-59b9-b3ec-fedaa9599367	3940	Orationes in uigilias domini		94455347-c618-5325-b1ca-806f21dab510			2026-04-27T09:21:04.935141+00:00	temporal
b70c9d1f-4c61-571c-b9ec-f64da1f42344	3941	Natale Domini		94455347-c618-5325-b1ca-806f21dab510			2026-04-27T09:21:04.935141+00:00	temporal
52b6766c-d274-56ba-8bbc-501030ecb76a	3942	De Nocte ad Sanctam Anastasiam		94455347-c618-5325-b1ca-806f21dab510			2026-04-27T09:21:04.935141+00:00	temporal
99cb9ee9-4c2a-5249-b18d-b5c6200d0108	3943	Aliae orationes de natale domini		94455347-c618-5325-b1ca-806f21dab510			2026-04-27T09:21:04.935141+00:00	temporal
21282b2f-3162-5881-a829-44d752424975	3944	Octabas domini		94455347-c618-5325-b1ca-806f21dab510			2026-04-27T09:21:04.935141+00:00	temporal
a65cd1e2-9686-5f63-a0d2-bb31ddaa3b81	3945	Feria IIII Caput Ieiunii		94455347-c618-5325-b1ca-806f21dab510			2026-04-27T09:21:04.935141+00:00	temporal
f72a1a05-1a3a-5782-abae-de161c585556	3946	Feria V infra Quinquagesima		94455347-c618-5325-b1ca-806f21dab510			2026-04-27T09:21:04.935141+00:00	temporal
2879f7e1-3a7c-5f37-b612-a39ae2825304	3947	Feria VI infra Quinquagesima		94455347-c618-5325-b1ca-806f21dab510			2026-04-27T09:21:04.935141+00:00	temporal
3349a22c-6ea6-5a0f-990f-992c1d46021e	3948	Quadragesima		94455347-c618-5325-b1ca-806f21dab510			2026-04-27T09:21:04.935141+00:00	temporal
3af322ad-8717-54fa-9898-b741f2cc926e	3949	Feria II ebdomada I		94455347-c618-5325-b1ca-806f21dab510			2026-04-27T09:21:04.935141+00:00	temporal
98dce7b3-7dfc-592d-87b1-2be0680b376c	3950	Feria III ebdomada I		94455347-c618-5325-b1ca-806f21dab510			2026-04-27T09:21:04.935141+00:00	temporal
01f0ba1c-be14-5556-bf8b-352e7093670c	3951	Feria IIII ebdomada I		94455347-c618-5325-b1ca-806f21dab510			2026-04-27T09:21:04.935141+00:00	temporal
179c3380-ca68-5ea1-b398-412d757a1b80	3952	Feria V ebdomada I		94455347-c618-5325-b1ca-806f21dab510			2026-04-27T09:21:04.935141+00:00	temporal
f77b424f-802c-5e8b-8543-175490585188	3953	Feria VI ebdomada I		94455347-c618-5325-b1ca-806f21dab510			2026-04-27T09:21:04.935141+00:00	temporal
19a10500-1d34-55a3-b9cf-bb0172f560bb	3954	Sabbato in XII Lectiones (mensis Martius)		94455347-c618-5325-b1ca-806f21dab510			2026-04-27T09:21:04.935141+00:00	temporal
33211916-b267-5581-b40f-9e49372c8c7f	3955	Dominica II		94455347-c618-5325-b1ca-806f21dab510			2026-04-27T09:21:04.935141+00:00	temporal
d63d177d-4994-5a12-bb75-eaa12edb3c48	3956	Feria II ebdomada II		94455347-c618-5325-b1ca-806f21dab510			2026-04-27T09:21:04.935141+00:00	temporal
e43c3623-e766-50b6-923d-18b926c8e977	3957	Feria III ebdomada II		94455347-c618-5325-b1ca-806f21dab510			2026-04-27T09:21:04.935141+00:00	temporal
3f04ae92-7afa-553e-b4a8-3ff00d829de0	3958	Feria IIII ebdomada II		94455347-c618-5325-b1ca-806f21dab510			2026-04-27T09:21:04.935141+00:00	temporal
b1a45c52-a7dc-59a2-addf-73ab05d6031e	3959	Feria V ebdomada II		94455347-c618-5325-b1ca-806f21dab510			2026-04-27T09:21:04.935141+00:00	temporal
756da3c8-2e87-5318-8b10-a2a100371db3	3960	Feria VI ebdomada II		94455347-c618-5325-b1ca-806f21dab510			2026-04-27T09:21:04.935141+00:00	temporal
7938dbb0-c0c2-518e-aa7a-36e43fed0688	3961	Sabbato ebdomada II		94455347-c618-5325-b1ca-806f21dab510			2026-04-27T09:21:04.935141+00:00	temporal
51571068-cb24-533f-b571-c52ee7c244a4	3962	Dominica III		94455347-c618-5325-b1ca-806f21dab510			2026-04-27T09:21:04.935141+00:00	temporal
2b2931eb-5fa3-525b-bc1c-82fdce1fc8f5	3963	Feria II ebdomada III		94455347-c618-5325-b1ca-806f21dab510			2026-04-27T09:21:04.935141+00:00	temporal
c211f658-25b8-55b5-aa15-f13410afd6db	3964	Feria III ebdomada III		94455347-c618-5325-b1ca-806f21dab510			2026-04-27T09:21:04.935141+00:00	temporal
7e18ae54-29c8-5ede-b1c4-6b67c493603e	3965	Feria IIII ebdomada III		94455347-c618-5325-b1ca-806f21dab510			2026-04-27T09:21:04.935141+00:00	temporal
545877ab-92d1-5b05-802b-3826909cb06f	3966	Feria V ebdomada III		94455347-c618-5325-b1ca-806f21dab510			2026-04-27T09:21:04.935141+00:00	temporal
0cc2df8f-d55b-58ee-8d8a-6ca8eccebeb4	3967	Feria VI ebdomada III		94455347-c618-5325-b1ca-806f21dab510			2026-04-27T09:21:04.935141+00:00	temporal
d3e480f5-faad-528f-828a-dbecbab18290	3968	Sabbato ebdomada III		94455347-c618-5325-b1ca-806f21dab510			2026-04-27T09:21:04.935141+00:00	temporal
1a1ff8f5-37cc-5397-947c-298ea98a441d	3969	Dominica IIII		94455347-c618-5325-b1ca-806f21dab510			2026-04-27T09:21:04.935141+00:00	temporal
d8dadf3d-bfef-5c21-a680-94f78ec34a88	3970	Feria II ebdomada IIII		94455347-c618-5325-b1ca-806f21dab510			2026-04-27T09:21:04.935141+00:00	temporal
600fbe58-4620-501a-8b83-f5e250d0da00	3971	Feria III ebdomada IIII		94455347-c618-5325-b1ca-806f21dab510			2026-04-27T09:21:04.935141+00:00	temporal
32727543-82d0-57e6-a6b9-a14a0404a358	3972	Feria V ebdomada IIII		94455347-c618-5325-b1ca-806f21dab510			2026-04-27T09:21:04.935141+00:00	temporal
19f43441-acdd-5779-8cc2-7dbea2963dde	3973	Sabbato ebdomada IIII		94455347-c618-5325-b1ca-806f21dab510			2026-04-27T09:21:04.935141+00:00	temporal
78169850-9fa1-5516-bc29-3de8e0de95f6	3974	Dominica V de Passione		94455347-c618-5325-b1ca-806f21dab510			2026-04-27T09:21:04.935141+00:00	temporal
d0f15400-9b4d-5e74-ab11-453431a832e7	3975	Feria II ebdomada V		94455347-c618-5325-b1ca-806f21dab510			2026-04-27T09:21:04.935141+00:00	temporal
7fa8b9e3-3e83-5965-b48a-690b2cc5aa5d	3976	Feria III ebdomada V		94455347-c618-5325-b1ca-806f21dab510			2026-04-27T09:21:04.935141+00:00	temporal
32a20a96-f701-55fb-92c5-012d1f4a55bc	3977	Feria IIII ebdomada V		94455347-c618-5325-b1ca-806f21dab510			2026-04-27T09:21:04.935141+00:00	temporal
378401af-7f34-5853-b87c-231cc3805563	3978	Feria VI ebdomada V		94455347-c618-5325-b1ca-806f21dab510			2026-04-27T09:21:04.935141+00:00	temporal
28597853-06c3-5ad1-b4da-f760f9c5ba8e	3979	Sabbato ebdomada V		94455347-c618-5325-b1ca-806f21dab510			2026-04-27T09:21:04.935141+00:00	temporal
d785a7dc-5961-55bf-8396-529abf62b2a5	3980	Dominica in Palmas		94455347-c618-5325-b1ca-806f21dab510			2026-04-27T09:21:04.935141+00:00	temporal
494a273f-bff7-5020-9e4a-71e6e88a51db	3981	Feria II ebdomada VI		94455347-c618-5325-b1ca-806f21dab510			2026-04-27T09:21:04.935141+00:00	temporal
e1a3e622-86f1-5ac5-8a51-edf3a8856464	3982	Feria III ebdomada VI		94455347-c618-5325-b1ca-806f21dab510			2026-04-27T09:21:04.935141+00:00	temporal
400a9a11-7a4a-5462-bbce-d02234c8c646	3983	Feria IIII ebdomada VI		94455347-c618-5325-b1ca-806f21dab510			2026-04-27T09:21:04.935141+00:00	temporal
87ffc523-6877-5638-8126-f6aab4452112	3984	Feria V in cena domini		94455347-c618-5325-b1ca-806f21dab510			2026-04-27T09:21:04.935141+00:00	temporal
ba7e5778-386d-5acb-b825-58602d1b3f9b	3985	Feria VI in parasceve		94455347-c618-5325-b1ca-806f21dab510			2026-04-27T09:21:04.935141+00:00	temporal
76e7c0a1-830e-5933-822c-e62f44f9573b	3986	Sabbato Sancto		94455347-c618-5325-b1ca-806f21dab510			2026-04-27T09:21:04.935141+00:00	temporal
bf6682f6-725a-565e-b219-a58f3a3186ee	3987	Feria II in albas		94455347-c618-5325-b1ca-806f21dab510			2026-04-27T09:21:04.935141+00:00	temporal
ad4db8bd-2e35-56af-8c19-99fa09869542	3988	Feria III in albas		94455347-c618-5325-b1ca-806f21dab510			2026-04-27T09:21:04.935141+00:00	temporal
bb751368-3257-5972-b700-20872f2d40f6	3989	Feria IIII in albas		94455347-c618-5325-b1ca-806f21dab510			2026-04-27T09:21:04.935141+00:00	temporal
3859af29-a90f-50af-a6e1-70e7e9a7bfb6	3990	Feria V in albas		94455347-c618-5325-b1ca-806f21dab510			2026-04-27T09:21:04.935141+00:00	temporal
fbf63caf-7169-558c-a664-f572e0b7c0d5	3991	Feria VI in albas		94455347-c618-5325-b1ca-806f21dab510			2026-04-27T09:21:04.935141+00:00	temporal
93eb73e2-6f6e-5d56-85d3-3123f6430885	3992	Sabbato in albas		94455347-c618-5325-b1ca-806f21dab510			2026-04-27T09:21:04.935141+00:00	temporal
62d29e22-20ad-5bb8-b718-4e0ca7728be6	3993	Die Dominica post albas		94455347-c618-5325-b1ca-806f21dab510			2026-04-27T09:21:04.935141+00:00	temporal
7020b670-9f7f-508b-a7d2-39ae61d61c1a	3994	Aliae orationes paschales		94455347-c618-5325-b1ca-806f21dab510			2026-04-27T09:21:04.935141+00:00	temporal
a586e3cd-36ca-5b2c-b068-0ed03793634f	3995	Laetania Maiore		94455347-c618-5325-b1ca-806f21dab510			2026-04-27T09:21:04.935141+00:00	temporal
4c8ee064-1102-5de3-8f27-4ee6ed501069	3996	Sabbato in uigilia pentecosten		94455347-c618-5325-b1ca-806f21dab510			2026-04-27T09:21:04.935141+00:00	temporal
6cec303f-332c-550f-b1bc-8a2180f1e5fa	3997	Dominica in Pentecosten		94455347-c618-5325-b1ca-806f21dab510			2026-04-27T09:21:04.935141+00:00	temporal
955d18c3-52d5-5a9d-baaa-9cb01707e2d8	3998	Feria II post pentecosten		94455347-c618-5325-b1ca-806f21dab510			2026-04-27T09:21:04.935141+00:00	temporal
a7aa3b42-a9de-50a9-b64d-274ebc533260	3999	Feria III post pentecosten		94455347-c618-5325-b1ca-806f21dab510			2026-04-27T09:21:04.935141+00:00	temporal
e4230354-b302-5ab3-8810-911f533a6adc	4000	Feria IIII post pentecosten		94455347-c618-5325-b1ca-806f21dab510			2026-04-27T09:21:04.935141+00:00	temporal
a01ae090-4ccb-5a4c-9755-eadb19f8aa5d	4001	Feria V post pentecosten		94455347-c618-5325-b1ca-806f21dab510			2026-04-27T09:21:04.935141+00:00	temporal
0e9134a7-508d-505e-99da-7191ff9cfa4b	4002	Feria VI post pentecosten		94455347-c618-5325-b1ca-806f21dab510			2026-04-27T09:21:04.935141+00:00	temporal
3913ef73-dcbd-5c20-a4aa-65f104cddbab	4003	Sabbato in xii lectiones (mensis Iunii)		94455347-c618-5325-b1ca-806f21dab510			2026-04-27T09:21:04.935141+00:00	temporal
a9b43443-a081-5912-8763-d647b425dc48	4004	Mensis Septembris. Orationes die dominico ad sanctum petrum		94455347-c618-5325-b1ca-806f21dab510			2026-04-27T09:21:04.935141+00:00	temporal
262d05e3-a113-51da-ae02-a4d7be374c40	4005	Feria IIII mensis septembris		94455347-c618-5325-b1ca-806f21dab510			2026-04-27T09:21:04.935141+00:00	temporal
b4aa0062-5830-5463-9ba5-732e5434bfe1	4006	Feria VI mensis septembris		94455347-c618-5325-b1ca-806f21dab510			2026-04-27T09:21:04.935141+00:00	temporal
36de4ee8-5884-5597-b515-0839005c62f0	4007	Sabbato in xii lectiones (mensis septembris)		94455347-c618-5325-b1ca-806f21dab510			2026-04-27T09:21:04.935141+00:00	temporal
a177bd2a-d5a1-548e-b9da-d3a6a577ef4b	4008	Die dominica uacat mensis septembris		94455347-c618-5325-b1ca-806f21dab510			2026-04-27T09:21:04.935141+00:00	temporal
651f7ba0-b5a0-5bcc-8617-a9097f232518	4009	Dominica I de aduentu		94455347-c618-5325-b1ca-806f21dab510			2026-04-27T09:21:04.935141+00:00	temporal
28f55be9-3d53-5d59-9aac-5bbe74b38684	4010	Dominica II de aduentu		94455347-c618-5325-b1ca-806f21dab510			2026-04-27T09:21:04.935141+00:00	temporal
59891769-ee45-5d42-93e5-6f24c4ef1192	4011	Dominica III de aduentu		94455347-c618-5325-b1ca-806f21dab510			2026-04-27T09:21:04.935141+00:00	temporal
bd21f15b-5008-57dd-9776-d237b6249321	4012	Feria III mensis decembris		94455347-c618-5325-b1ca-806f21dab510			2026-04-27T09:21:04.935141+00:00	temporal
33dc3df7-2b3c-5df6-8582-4246da0cceee	4013	Feria VI mensis decembris		94455347-c618-5325-b1ca-806f21dab510			2026-04-27T09:21:04.935141+00:00	temporal
2a29b685-67f7-51a7-9c08-abdada3ffed5	4014	Sabbato in xii lectiones mensis decembris		94455347-c618-5325-b1ca-806f21dab510			2026-04-27T09:21:04.935141+00:00	temporal
e6403123-4dca-5170-93fc-8d1995e9d989	4015	Dominica IIII de aduentu		94455347-c618-5325-b1ca-806f21dab510			2026-04-27T09:21:04.935141+00:00	temporal
b77c1be0-a6cc-59b5-9c3f-0161c02b09e0	4016	Aliae orationes de aduentu		94455347-c618-5325-b1ca-806f21dab510			2026-04-27T09:21:04.935141+00:00	temporal
254e09b6-9469-56c9-a13f-9cf2fe621565	4017	Dominica I post natale domini		94455347-c618-5325-b1ca-806f21dab510			2026-04-27T09:21:04.935141+00:00	temporal
d2314a5b-b105-5deb-b0b1-96e2676c5f07	4018	Dominica II post natale domini		94455347-c618-5325-b1ca-806f21dab510			2026-04-27T09:21:04.935141+00:00	temporal
ab2d5f76-0dda-5433-a224-130d124ddc5f	4019	Dominica I post epiphania		94455347-c618-5325-b1ca-806f21dab510			2026-04-27T09:21:04.935141+00:00	temporal
c6b1b7b7-5bab-5ced-b947-5f70e38d9fc5	4020	Dominica II post epiphania		94455347-c618-5325-b1ca-806f21dab510			2026-04-27T09:21:04.935141+00:00	temporal
a9ecb6b4-ccbb-5675-b5a8-5bd334e8a900	4021	Dominica III post epiphania		94455347-c618-5325-b1ca-806f21dab510			2026-04-27T09:21:04.935141+00:00	temporal
ff078fc5-20db-57c0-894c-1082e5ca7cee	4022	Dominica IIII post epiphania		94455347-c618-5325-b1ca-806f21dab510			2026-04-27T09:21:04.935141+00:00	temporal
a8c6086f-7fac-556c-962a-fd4dda8a2bcd	4023	Dominica V post epiphania		94455347-c618-5325-b1ca-806f21dab510			2026-04-27T09:21:04.935141+00:00	temporal
e1fe8207-37f5-527a-91c1-91cbff88ca36	4024	Dominica VI post epiphania		94455347-c618-5325-b1ca-806f21dab510			2026-04-27T09:21:04.935141+00:00	temporal
c9529261-b8da-55f9-8716-027de282a5b5	4025	Dominica I post octauas paschae		94455347-c618-5325-b1ca-806f21dab510			2026-04-27T09:21:04.935141+00:00	temporal
6f2b3c1c-d0e1-5203-88d0-5e827a7e99be	4026	Dominica II post octauas paschae		94455347-c618-5325-b1ca-806f21dab510			2026-04-27T09:21:04.935141+00:00	temporal
13b71672-aff7-5965-b766-b17daffe5894	4027	Dominica III post octauas paschae		94455347-c618-5325-b1ca-806f21dab510			2026-04-27T09:21:04.935141+00:00	temporal
46dda003-4574-5fa0-9899-6da09df9c3c2	4028	Dominica IIII post octauas paschae		94455347-c618-5325-b1ca-806f21dab510			2026-04-27T09:21:04.935141+00:00	temporal
92598010-13c8-55c4-bda1-eef95cbfcb97	4029	Dominica post ascensionem domini		94455347-c618-5325-b1ca-806f21dab510			2026-04-27T09:21:04.935141+00:00	temporal
26459c1c-8739-57d4-9d73-acfdb91fa791	4030	Dominica I post pentecosten		94455347-c618-5325-b1ca-806f21dab510			2026-04-27T09:21:04.935141+00:00	temporal
1e0110da-f662-5f4b-b367-b12ab3ccb425	4031	Dominica II post pentecosten		94455347-c618-5325-b1ca-806f21dab510			2026-04-27T09:21:04.935141+00:00	temporal
3cdd4c04-f522-539f-8db5-020775180d8a	4032	Dominica III post pentecosten		94455347-c618-5325-b1ca-806f21dab510			2026-04-27T09:21:04.935141+00:00	temporal
5c34969e-038d-5488-87ed-ffb1ce100db0	4033	Dominica IIII post pentecosten		94455347-c618-5325-b1ca-806f21dab510			2026-04-27T09:21:04.935141+00:00	temporal
d9c0c000-a22a-5e68-94b0-9ae71d1c71c7	4034	Dominica V post pentecosten		94455347-c618-5325-b1ca-806f21dab510			2026-04-27T09:21:04.935141+00:00	temporal
d5b81fff-152e-5187-ba0c-a66e468fafd7	4035	Dominica VI post pentecosten		94455347-c618-5325-b1ca-806f21dab510			2026-04-27T09:21:04.935141+00:00	temporal
377b4472-0281-5568-bd47-bc7bac592f6d	4036	Dominica VII post pentecosten		94455347-c618-5325-b1ca-806f21dab510			2026-04-27T09:21:04.935141+00:00	temporal
232467da-d3bb-54da-a09a-8444bf5b6e1f	4037	Dominica VIII post pentecosten		94455347-c618-5325-b1ca-806f21dab510			2026-04-27T09:21:04.935141+00:00	temporal
282a60c7-081b-5ea5-8f42-a4e9f705f295	4038	Dominica VIIII post pentecosten		94455347-c618-5325-b1ca-806f21dab510			2026-04-27T09:21:04.935141+00:00	temporal
6574fe5b-224b-5486-b2b5-102a5ae3edd3	4039	Dominica X post pentecosten		94455347-c618-5325-b1ca-806f21dab510			2026-04-27T09:21:04.935141+00:00	temporal
f94003ec-8e4a-5596-9905-62751cd035e6	4040	Dominica XI post pentecosten		94455347-c618-5325-b1ca-806f21dab510			2026-04-27T09:21:04.935141+00:00	temporal
ddf2dc90-9339-5b8c-8d98-d0a5fe357f49	4041	Dominica XII post pentecosten		94455347-c618-5325-b1ca-806f21dab510			2026-04-27T09:21:04.935141+00:00	temporal
a79bfabc-6c0e-5d27-b7f8-e06ed22a20de	4042	Dominica XIII post pentecosten		94455347-c618-5325-b1ca-806f21dab510			2026-04-27T09:21:04.935141+00:00	temporal
67d8fe58-5131-5c3f-bf82-ab9a4b4a74ca	4043	Dominica XIIII post pentecosten		94455347-c618-5325-b1ca-806f21dab510			2026-04-27T09:21:04.935141+00:00	temporal
d941b243-ebbf-589f-9248-1447412fd52d	4044	Dominica XV post pentecosten		94455347-c618-5325-b1ca-806f21dab510			2026-04-27T09:21:04.935141+00:00	temporal
18c7ddc4-7750-5b22-860d-7e7d952d5570	4045	Dominica XVI post pentecosten		94455347-c618-5325-b1ca-806f21dab510			2026-04-27T09:21:04.935141+00:00	temporal
a3ccd751-f659-558b-91c4-798d1b70807c	4046	Dominica XVII post pentecosten		94455347-c618-5325-b1ca-806f21dab510			2026-04-27T09:21:04.935141+00:00	temporal
81d8a9a2-2bf1-59ec-8dc6-e0c73ff5a3eb	4047	Dominica XVIII post pentecosten		94455347-c618-5325-b1ca-806f21dab510			2026-04-27T09:21:04.935141+00:00	temporal
36497e5a-3848-5a4b-ab0f-37cdfad4008d	4048	Dominica XVIIII post pentecosten		94455347-c618-5325-b1ca-806f21dab510			2026-04-27T09:21:04.935141+00:00	temporal
54aa1717-0e6f-5173-951a-7a74f5511245	4049	Dominica XX post pentecosten		94455347-c618-5325-b1ca-806f21dab510			2026-04-27T09:21:04.935141+00:00	temporal
244b61b4-2ca6-51c6-8f3e-f5c21b0af786	4050	Dominica XXI post pentecosten		94455347-c618-5325-b1ca-806f21dab510			2026-04-27T09:21:04.935141+00:00	temporal
64fb7ede-8a48-5a68-ab2d-034a687aaae7	4051	Dominica XXII post pentecosten		94455347-c618-5325-b1ca-806f21dab510			2026-04-27T09:21:04.935141+00:00	temporal
b052b392-d9ee-5edc-b5b0-aed4963bbb48	4052	Dominica XXIII post pentecosten		94455347-c618-5325-b1ca-806f21dab510			2026-04-27T09:21:04.935141+00:00	temporal
e7d83564-c4f7-5249-87b5-1b4d85cdada3	4053	Dominica XXIIII post pentecosten		94455347-c618-5325-b1ca-806f21dab510			2026-04-27T09:21:04.935141+00:00	temporal
dbf45683-f6f3-520e-ad60-e667abf653db	4054	Dominica XXV post pentecosten		94455347-c618-5325-b1ca-806f21dab510			2026-04-27T09:21:04.935141+00:00	temporal
94480e38-4630-5c3b-a749-5efd649bdb0c	4055	Dominica XXVI post pentecosten		94455347-c618-5325-b1ca-806f21dab510			2026-04-27T09:21:04.935141+00:00	temporal
85048d13-6dd7-5e4f-a300-3402676260a0	4056	Dominica XXVII post pentecosten		94455347-c618-5325-b1ca-806f21dab510			2026-04-27T09:21:04.935141+00:00	temporal
09c75205-5b4d-5b19-a7c6-dc1f02d5696e	4057	Sabbato in quinquagesima		94455347-c618-5325-b1ca-806f21dab510			2026-04-27T09:21:04.935141+00:00	temporal
8a97a2d1-115c-5b80-8d69-9c57a9af7200	4058	Uigilia Epiphaniae		94455347-c618-5325-b1ca-806f21dab510			2026-04-27T09:21:04.935141+00:00	temporal
2edde1d8-a29c-56e3-a5b4-ed791bbd4899	4059	Octauas Epiphaniae		94455347-c618-5325-b1ca-806f21dab510			2026-04-27T09:21:04.935141+00:00	temporal
0baa638e-f95d-534b-bb5e-5c81ac525289	4060	I. Ad capillos tondendum		a021510e-7d2c-5de5-ba7d-556be5fcbcff			2026-04-27T09:21:04.935141+00:00	pontifical
0956f2eb-fdec-58fd-880b-96e685123d72	4061	II. Oratio ad puerum tonsurandum		a021510e-7d2c-5de5-ba7d-556be5fcbcff			2026-04-27T09:21:04.935141+00:00	pontifical
ed4eaf8f-1106-5d58-aa75-fb8fa545870f	4062	III. Prefatio ad clericum faciendum		a021510e-7d2c-5de5-ba7d-556be5fcbcff			2026-04-27T09:21:04.935141+00:00	pontifical
2e3fd9e2-9173-546b-8859-2c635357b428	4063	IV. Oratio ad barbam tondendam		a021510e-7d2c-5de5-ba7d-556be5fcbcff			2026-04-27T09:21:04.935141+00:00	pontifical
e9c91e85-72d2-5a2c-a000-78efeffe70ed	4064	V. Denuntiatio mensis primi		a021510e-7d2c-5de5-ba7d-556be5fcbcff			2026-04-27T09:21:04.935141+00:00	pontifical
2bd8e8a5-24fd-5b4c-9c7a-54e8d5c5ecd3	4065	VI. Item invitatio plebis de		a021510e-7d2c-5de5-ba7d-556be5fcbcff			2026-04-27T09:21:04.935141+00:00	pontifical
11f27d02-8ef9-58d1-94a3-2f650fb05a3f	4066	VII. De quatuor temporibus		a021510e-7d2c-5de5-ba7d-556be5fcbcff			2026-04-27T09:21:04.935141+00:00	pontifical
8e6ad0e5-72d7-549d-b5a7-6caca9c73b78	4067	VIII. Item de quattuor temporibus		a021510e-7d2c-5de5-ba7d-556be5fcbcff			2026-04-27T09:21:04.935141+00:00	pontifical
28405a93-997a-5e75-b855-615d1b1b3de0	4068	IX. Caput de canone Calcedonense		a021510e-7d2c-5de5-ba7d-556be5fcbcff			2026-04-27T09:21:04.935141+00:00	pontifical
1ab62a23-df5f-5d73-81d9-2426b86341e9	4069	X. Capitulum sancti Gregorii		a021510e-7d2c-5de5-ba7d-556be5fcbcff			2026-04-27T09:21:04.935141+00:00	pontifical
78e818df-6886-5bfc-bb3a-375d01ae7098	4070	XI. Capitulum Zosimi papae		a021510e-7d2c-5de5-ba7d-556be5fcbcff			2026-04-27T09:21:04.935141+00:00	pontifical
df242a74-ef8a-5e5c-90a2-63d8463d8d52	4071	XII. Capitulum Leonis papae		a021510e-7d2c-5de5-ba7d-556be5fcbcff			2026-04-27T09:21:04.935141+00:00	pontifical
4070438e-ecef-55f8-b503-9cc687b12b31	4072	XIII. Capitulum Clementis papae de		a021510e-7d2c-5de5-ba7d-556be5fcbcff			2026-04-27T09:21:04.935141+00:00	pontifical
88583527-6a79-58b2-91e2-2c6af80ec55c	4073	XIV. De officiis vii graduum part 1		a021510e-7d2c-5de5-ba7d-556be5fcbcff			2026-04-27T09:21:04.935141+00:00	pontifical
79e0d3e0-77bd-5e74-b5a8-9e79a8b85d45	4074	XIV. De officiis vii graduum part 2		a021510e-7d2c-5de5-ba7d-556be5fcbcff			2026-04-27T09:21:04.935141+00:00	pontifical
0f0f8439-f326-5aa0-af30-ba2780211673	4075	XIV. De officiis vii graduum part 3		a021510e-7d2c-5de5-ba7d-556be5fcbcff			2026-04-27T09:21:04.935141+00:00	pontifical
277f455a-82c5-563e-81a0-795878ef6688	4076	XIV. De officiis vii graduum part 4		a021510e-7d2c-5de5-ba7d-556be5fcbcff			2026-04-27T09:21:04.935141+00:00	pontifical
93000166-7bb0-5497-9ca6-e3669a2310dd	4077	XIV. De officiis vii graduum part 5		a021510e-7d2c-5de5-ba7d-556be5fcbcff			2026-04-27T09:21:04.935141+00:00	pontifical
3fcd8f61-d355-5aa7-a753-2b062caaa437	4078	XIV. De officiis vii graduum part 6		a021510e-7d2c-5de5-ba7d-556be5fcbcff			2026-04-27T09:21:04.935141+00:00	pontifical
f1f7cbfc-dead-50da-ba5e-a844f0d2f411	4079	XIV. De officiis vii graduum part 7		a021510e-7d2c-5de5-ba7d-556be5fcbcff			2026-04-27T09:21:04.935141+00:00	pontifical
62e52ce3-f9ac-5bf0-bcd6-0044b65c44bc	4080	XV. Ordo qualiter in romana part 1		a021510e-7d2c-5de5-ba7d-556be5fcbcff			2026-04-27T09:21:04.935141+00:00	pontifical
d5f31901-e962-579e-a296-df24db66b4bd	4081	XV. Ordo qualiter in romana part 2		a021510e-7d2c-5de5-ba7d-556be5fcbcff			2026-04-27T09:21:04.935141+00:00	pontifical
8a63ffde-d26c-51b1-8885-4ed8234272aa	4082	XV. Ordo qualiter in romana part 3		a021510e-7d2c-5de5-ba7d-556be5fcbcff			2026-04-27T09:21:04.935141+00:00	pontifical
0c945f5b-3b2d-5d03-8bf1-08455253aa13	4083	XV. Ordo qualiter in romana part 4		a021510e-7d2c-5de5-ba7d-556be5fcbcff			2026-04-27T09:21:04.935141+00:00	pontifical
4c6f2ca6-e573-5633-aa68-77583767f30e	4084	XV. Ordo qualiter in romana part 5		a021510e-7d2c-5de5-ba7d-556be5fcbcff			2026-04-27T09:21:04.935141+00:00	pontifical
c8c029bb-b836-5707-9b21-b1924f9c9977	4085	XV. Ordo qualiter in romana part 6		a021510e-7d2c-5de5-ba7d-556be5fcbcff			2026-04-27T09:21:04.935141+00:00	pontifical
2d9e93f4-9ef2-542f-b381-18b537d9572f	4086	XVI. Ordo qualiter in romana part 1		a021510e-7d2c-5de5-ba7d-556be5fcbcff			2026-04-27T09:21:04.935141+00:00	pontifical
5be4054b-eae9-5e06-b924-957c073453dc	4087	XVI. Ordo qualiter in romana part 2		a021510e-7d2c-5de5-ba7d-556be5fcbcff			2026-04-27T09:21:04.935141+00:00	pontifical
e86b29dc-6f50-5abd-b9e6-92864bf110b5	4088	XVI. Ordo qualiter in romana part 3		a021510e-7d2c-5de5-ba7d-556be5fcbcff			2026-04-27T09:21:04.935141+00:00	pontifical
16b2dff6-f0b5-5952-a675-960206631dbc	4089	XVI. Ordo qualiter in romana part 4		a021510e-7d2c-5de5-ba7d-556be5fcbcff			2026-04-27T09:21:04.935141+00:00	pontifical
229b8732-942d-5e98-8791-e33f057baeb4	4090	XVII. Orationes pro ipsis ad missam		a021510e-7d2c-5de5-ba7d-556be5fcbcff			2026-04-27T09:21:04.935141+00:00	pontifical
8b8c20aa-ed3d-5270-a4c3-5a294b40f041	4091	XVIII. Item missa in natali		a021510e-7d2c-5de5-ba7d-556be5fcbcff			2026-04-27T09:21:04.935141+00:00	pontifical
713c17de-2658-5bd4-ac25-f5ee5df00c28	4092	XIX. Item in natali consecrationis		a021510e-7d2c-5de5-ba7d-556be5fcbcff			2026-04-27T09:21:04.935141+00:00	pontifical
d69e2113-585c-5092-98ba-4b049a40dd0b	4093	XX. Consecratio sacrae virginis		a021510e-7d2c-5de5-ba7d-556be5fcbcff			2026-04-27T09:21:04.935141+00:00	pontifical
eadd49a4-ecd0-558c-9575-498398a5102b	4094	XXI. Item missa in natali virginum		a021510e-7d2c-5de5-ba7d-556be5fcbcff			2026-04-27T09:21:04.935141+00:00	pontifical
bb89602c-00bf-5879-b8af-1d2c34bebad9	4095	XXII. Ordinatio abbatissae canonicam		a021510e-7d2c-5de5-ba7d-556be5fcbcff			2026-04-27T09:21:04.935141+00:00	pontifical
45088fb5-22ad-561b-ae3a-a03a732fe4cf	4096	XXIII. Consecratio virginum quae a		a021510e-7d2c-5de5-ba7d-556be5fcbcff			2026-04-27T09:21:04.935141+00:00	pontifical
0b9a7fb8-b994-5b5e-a284-ce52620a6fdd	4097	XXIV. Ad diaconam faciendam		a021510e-7d2c-5de5-ba7d-556be5fcbcff			2026-04-27T09:21:04.935141+00:00	pontifical
6434af85-22c9-5e15-9cc1-e56e126b55fd	4098	XXV. Consecratio viduae que fuerit		a021510e-7d2c-5de5-ba7d-556be5fcbcff			2026-04-27T09:21:04.935141+00:00	pontifical
2c173807-6615-5e83-ae33-d31a67bb44a3	4099	XXVI. Ordinatio abbatis		a021510e-7d2c-5de5-ba7d-556be5fcbcff			2026-04-27T09:21:04.935141+00:00	pontifical
5ed036a9-bf66-5cbd-ba90-e945657a4a03	4100	XXVII. Missa pro abbate		a021510e-7d2c-5de5-ba7d-556be5fcbcff			2026-04-27T09:21:04.935141+00:00	pontifical
7c0c5324-ff42-5765-b866-d1f04e40d895	4101	XXVIII. Ordo ad faciendum monachum		a021510e-7d2c-5de5-ba7d-556be5fcbcff			2026-04-27T09:21:04.935141+00:00	pontifical
0e011ee5-a95f-56bc-9589-2581b14486a3	4102	XXIX. Ordinatio monachi		a021510e-7d2c-5de5-ba7d-556be5fcbcff			2026-04-27T09:21:04.935141+00:00	pontifical
84f653c0-4d35-5038-8819-e2a8d1d599af	4103	XXX. Aliae orationes pro monachis		a021510e-7d2c-5de5-ba7d-556be5fcbcff			2026-04-27T09:21:04.935141+00:00	pontifical
8058a152-6fe6-5034-b3a2-4c2273f94ef6	4104	XXXI. Orationes et preces pro		a021510e-7d2c-5de5-ba7d-556be5fcbcff			2026-04-27T09:21:04.935141+00:00	pontifical
36d26801-c0ea-51b1-b8f1-0d3ad4f26be5	4105	XXXII. Ordinatio abbatisse monasticam		a021510e-7d2c-5de5-ba7d-556be5fcbcff			2026-04-27T09:21:04.935141+00:00	pontifical
1544bae0-9cfc-5bcb-a3a5-d7bcb952d177	4106	XXXIII. Ordo romanus ad dedicandam		a021510e-7d2c-5de5-ba7d-556be5fcbcff			2026-04-27T09:21:04.935141+00:00	pontifical
4fc897eb-2866-59b2-93e4-a809dc17ca88	4107	XXXIV. Item benedictio basilicae		a021510e-7d2c-5de5-ba7d-556be5fcbcff			2026-04-27T09:21:04.935141+00:00	pontifical
70d47e38-5a44-5545-af4d-3ef928d81e0a	4108	XXXV. Quid significent duodecim		a021510e-7d2c-5de5-ba7d-556be5fcbcff			2026-04-27T09:21:04.935141+00:00	pontifical
cd48f7dd-6e60-5989-8e3f-12309b73b24e	4109	XXXVI. Canon de aedificanda aecclesia		a021510e-7d2c-5de5-ba7d-556be5fcbcff			2026-04-27T09:21:04.935141+00:00	pontifical
276ea845-a4b7-57c5-94c1-36d5c3806d8b	4110	XXXVII. De oratorio		a021510e-7d2c-5de5-ba7d-556be5fcbcff			2026-04-27T09:21:04.935141+00:00	pontifical
ae9d3340-0f86-5f9a-889a-39c8ac94cae9	4111	XXXVIII. Denuntiatio cum reliquiae		a021510e-7d2c-5de5-ba7d-556be5fcbcff			2026-04-27T09:21:04.935141+00:00	pontifical
c1302a9e-9f83-5481-8669-3ef0b7a046a4	4112	XXXIX. [Preparatio episcopi ad		a021510e-7d2c-5de5-ba7d-556be5fcbcff			2026-04-27T09:21:04.935141+00:00	pontifical
55ffeb31-28ab-5702-9bf5-3d8d7ead235f	4113	XL. Ordo ad benedicendam ecclesiam part 1		a021510e-7d2c-5de5-ba7d-556be5fcbcff			2026-04-27T09:21:04.935141+00:00	pontifical
e1c5cfd7-93ac-5490-b2b2-039b6b90662b	4114	XL. Ordo ad benedicendam ecclesiam part 2		a021510e-7d2c-5de5-ba7d-556be5fcbcff			2026-04-27T09:21:04.935141+00:00	pontifical
0ce82846-30ec-5901-8d23-b8e090648954	4115	XL. Ordo ad benedicendam ecclesiam part 3		a021510e-7d2c-5de5-ba7d-556be5fcbcff			2026-04-27T09:21:04.935141+00:00	pontifical
42320c62-94c9-5941-bae8-5045bc25e28c	4116	XLI. Orationes ad missam in		a021510e-7d2c-5de5-ba7d-556be5fcbcff			2026-04-27T09:21:04.935141+00:00	pontifical
d2bdcf98-f1e3-530f-948e-b1a379328410	4117	XLII. Item alia missa		a021510e-7d2c-5de5-ba7d-556be5fcbcff			2026-04-27T09:21:04.935141+00:00	pontifical
f478264d-9ab5-507c-949b-08302e2ba49e	4118	XLIII. In dedicatione novae ecclesiae		a021510e-7d2c-5de5-ba7d-556be5fcbcff			2026-04-27T09:21:04.935141+00:00	pontifical
9e421143-8767-5f3a-9847-e9d26c3489ce	4119	XLIV. Missa in dedicatione basilice		a021510e-7d2c-5de5-ba7d-556be5fcbcff			2026-04-27T09:21:04.935141+00:00	pontifical
6f2709e3-882a-580b-9eda-cf53335660e7	4120	XLV. Missa pro dedicatione loci		a021510e-7d2c-5de5-ba7d-556be5fcbcff			2026-04-27T09:21:04.935141+00:00	pontifical
c19bd6e0-1818-5a65-9297-d57b45644511	4121	XLVI. Missa in agenda conditoris		a021510e-7d2c-5de5-ba7d-556be5fcbcff			2026-04-27T09:21:04.935141+00:00	pontifical
80cb8ad1-9514-5268-8b96-6feab46e01aa	4122	XLVII. In dedicatione altaris		a021510e-7d2c-5de5-ba7d-556be5fcbcff			2026-04-27T09:21:04.935141+00:00	pontifical
f3cced5d-b5c6-568b-acbd-201fe115cd41	4123	XLVIII. Benedictio super munus quod		a021510e-7d2c-5de5-ba7d-556be5fcbcff			2026-04-27T09:21:04.935141+00:00	pontifical
e718c5dc-5d85-5846-805d-dcde229dbfb1	4124	XLIX. Missa in anniversario		a021510e-7d2c-5de5-ba7d-556be5fcbcff			2026-04-27T09:21:04.935141+00:00	pontifical
dc18b2bb-b1e6-5679-837f-456612907ffd	4125	L. Reconciliatio violate		a021510e-7d2c-5de5-ba7d-556be5fcbcff			2026-04-27T09:21:04.935141+00:00	pontifical
3a39a398-582a-5ed7-9440-6542f2cd7e4f	4126	LI. Ordo ad benedicendum		a021510e-7d2c-5de5-ba7d-556be5fcbcff			2026-04-27T09:21:04.935141+00:00	pontifical
a6b646fc-02b4-57f0-810d-2f59c9210a1f	4127	LII. Ordo in dedicationi		a021510e-7d2c-5de5-ba7d-556be5fcbcff			2026-04-27T09:21:04.935141+00:00	pontifical
9c216843-c6f1-5d10-98dd-138133e1d665	4128	LIII. Missa in dedicatione		a021510e-7d2c-5de5-ba7d-556be5fcbcff			2026-04-27T09:21:04.935141+00:00	pontifical
21713d9a-6e83-5967-9e98-02556ae72fb8	4129	LIV. Consecratio cymiterii		a021510e-7d2c-5de5-ba7d-556be5fcbcff			2026-04-27T09:21:04.935141+00:00	pontifical
fdb8f819-0d68-5312-9ba3-8cd2792731fe	4130	LV. Consecratio loculi vel		a021510e-7d2c-5de5-ba7d-556be5fcbcff			2026-04-27T09:21:04.935141+00:00	pontifical
47d0a6c0-4127-5409-b7a6-bbcd456d19cc	4131	LVI. Decretum quod clerus et		a021510e-7d2c-5de5-ba7d-556be5fcbcff			2026-04-27T09:21:04.935141+00:00	pontifical
6db44379-0fa2-568d-a55a-cecf8a1d81a5	4132	LVII. Item subscriptio episcoporum		a021510e-7d2c-5de5-ba7d-556be5fcbcff			2026-04-27T09:21:04.935141+00:00	pontifical
44eac105-b9ab-5f80-8d62-65e3666d5f22	4133	LVIII. Ex concilio Africano quarto		a021510e-7d2c-5de5-ba7d-556be5fcbcff			2026-04-27T09:21:04.935141+00:00	pontifical
31889f02-f38d-55c1-82bd-692d7a6bd207	4134	LIX. Epistola vocatoria		a021510e-7d2c-5de5-ba7d-556be5fcbcff			2026-04-27T09:21:04.935141+00:00	pontifical
71e35742-66fa-5b01-bf07-1447e03a78a7	4135	LX. Qualiter episcopus debeat		a021510e-7d2c-5de5-ba7d-556be5fcbcff			2026-04-27T09:21:04.935141+00:00	pontifical
4f8d901d-4c47-55f1-a4dd-5f62db684330	4136	LXI. Qua die ordinetur episcopus		a021510e-7d2c-5de5-ba7d-556be5fcbcff			2026-04-27T09:21:04.935141+00:00	pontifical
df702d7e-a823-5c42-9903-68bc662e416d	4137	LXII. Ordinatio episcopi		a021510e-7d2c-5de5-ba7d-556be5fcbcff			2026-04-27T09:21:04.935141+00:00	pontifical
b3f513d2-b4aa-588f-8ab9-cf97435db0f1	4138	LXIII. Qualiter episcopus in romana		a021510e-7d2c-5de5-ba7d-556be5fcbcff			2026-04-27T09:21:04.935141+00:00	pontifical
71a721e1-16ef-50cf-a14f-3397759996b1	4139	LXIV. Orationes istae dicendae sunt		a021510e-7d2c-5de5-ba7d-556be5fcbcff			2026-04-27T09:21:04.935141+00:00	pontifical
342de059-3cc3-59fd-ae92-f5c8ac64c6ec	4140	LXV. Formata episcopo danda		a021510e-7d2c-5de5-ba7d-556be5fcbcff			2026-04-27T09:21:04.935141+00:00	pontifical
af865d3c-82e2-553d-be46-280aa37c3e41	4141	LXVI. Edictum quod dat pontifex		a021510e-7d2c-5de5-ba7d-556be5fcbcff			2026-04-27T09:21:04.935141+00:00	pontifical
93f7fe66-b547-515a-b6ad-27480629f57c	4142	LXVII. Missa in ordinatione episcopi		a021510e-7d2c-5de5-ba7d-556be5fcbcff			2026-04-27T09:21:04.935141+00:00	pontifical
8f622288-111d-59cb-9071-92e756058ac5	4143	LXVIII. Missa episcopi pro se in die		a021510e-7d2c-5de5-ba7d-556be5fcbcff			2026-04-27T09:21:04.935141+00:00	pontifical
73bda921-7829-5c39-b85f-4d85f79d25c7	4144	LXIX. In natalicio episcopi, si		a021510e-7d2c-5de5-ba7d-556be5fcbcff			2026-04-27T09:21:04.935141+00:00	pontifical
0139a644-dd01-5334-ad4f-0f4b666a21fa	4145	LXX. Item alia missa in natalicio		a021510e-7d2c-5de5-ba7d-556be5fcbcff			2026-04-27T09:21:04.935141+00:00	pontifical
e35bac4b-49da-54a5-942b-d67449041813	4146	LXXI. Ordo qualiter ordinetur		a021510e-7d2c-5de5-ba7d-556be5fcbcff			2026-04-27T09:21:04.935141+00:00	pontifical
eed9b1a7-8e0e-56cc-9fac-3f8b3dc11167	4147	LXXII. Incipit ordo ad regem		a021510e-7d2c-5de5-ba7d-556be5fcbcff			2026-04-27T09:21:04.935141+00:00	pontifical
ab61557b-3ade-5a42-a380-38355c33f727	4148	LXXIII. Sequitur ordo missarum, si in		a021510e-7d2c-5de5-ba7d-556be5fcbcff			2026-04-27T09:21:04.935141+00:00	pontifical
36f734e4-976f-5bea-baa5-d7c8b843e0fa	4149	LXXIV. Item alia missa pro rege		a021510e-7d2c-5de5-ba7d-556be5fcbcff			2026-04-27T09:21:04.935141+00:00	pontifical
be4877d5-1b25-557b-bfa6-436cf1c59b0d	4150	LXXV. Incipit ordo romanus ad		a021510e-7d2c-5de5-ba7d-556be5fcbcff			2026-04-27T09:21:04.935141+00:00	pontifical
ef8b7ef4-1df5-5080-992b-076ebed35324	4151	LXXVI. Item benedictio ad ordinandum		a021510e-7d2c-5de5-ba7d-556be5fcbcff			2026-04-27T09:21:04.935141+00:00	pontifical
6cf0699a-7cb5-56c2-a348-c9745fb73d7b	4152	LXXVII. Missa pro imperatore		a021510e-7d2c-5de5-ba7d-556be5fcbcff			2026-04-27T09:21:04.935141+00:00	pontifical
fc7790ee-5343-5cbf-9ce1-f94a4b789e2a	4153	LXXVIII. Benedictio reginae		a021510e-7d2c-5de5-ba7d-556be5fcbcff			2026-04-27T09:21:04.935141+00:00	pontifical
b78d2635-3645-531f-b648-52b9611ea5c8	4154	LXXIX. Ordo romanus qualiter		a021510e-7d2c-5de5-ba7d-556be5fcbcff			2026-04-27T09:21:04.935141+00:00	pontifical
e2fe77d4-f005-5e99-8da9-9cf1da270a5c	4155	LXXX. Item ordo qualiter agatur		a021510e-7d2c-5de5-ba7d-556be5fcbcff			2026-04-27T09:21:04.935141+00:00	pontifical
43db262f-5347-5dfb-b47e-765ea59bfa9e	4156	LXXXI. Expositio octo vestium Aaron		a021510e-7d2c-5de5-ba7d-556be5fcbcff			2026-04-27T09:21:04.935141+00:00	pontifical
12e13f9e-3618-5270-bb73-1dc44ece6d1a	4157	LXXXII. Incipit sermo de eadem re		a021510e-7d2c-5de5-ba7d-556be5fcbcff			2026-04-27T09:21:04.935141+00:00	pontifical
a164b0b9-65f6-5b04-83f6-36bc4534a146	4158	LXXXIII. Alius sermo		a021510e-7d2c-5de5-ba7d-556be5fcbcff			2026-04-27T09:21:04.935141+00:00	pontifical
3319fe1d-d5c1-515e-9e8a-4adab824fc47	4159	LXXXIV. Sermo tertius		a021510e-7d2c-5de5-ba7d-556be5fcbcff			2026-04-27T09:21:04.935141+00:00	pontifical
02161c93-08d7-5e08-9ee9-6cf9e1e3a3c5	4160	LXXXV. Qualiter episcopus		a021510e-7d2c-5de5-ba7d-556be5fcbcff			2026-04-27T09:21:04.935141+00:00	pontifical
6951cebd-1e57-56fc-ad43-8f6047de6910	4161	LXXXVI. Item alia excommunicationis		a021510e-7d2c-5de5-ba7d-556be5fcbcff			2026-04-27T09:21:04.935141+00:00	pontifical
5ec58bc2-58b1-57ed-8322-c59ea2f29104	4162	LXXXVII. Item alia excommunicatio		a021510e-7d2c-5de5-ba7d-556be5fcbcff			2026-04-27T09:21:04.935141+00:00	pontifical
9af366a5-948a-5878-80d0-4a0777fb7c9b	4163	LXXXVIII. Item alia terribilior		a021510e-7d2c-5de5-ba7d-556be5fcbcff			2026-04-27T09:21:04.935141+00:00	pontifical
cdf13980-02e7-5e2b-adac-7feafb0de5ac	4164	LXXXIX. Excommunicatio brevis		a021510e-7d2c-5de5-ba7d-556be5fcbcff			2026-04-27T09:21:04.935141+00:00	pontifical
0102e3a3-2d04-51d5-84a4-4ba9eb3036b3	4165	XC. Excommunicatio Leonis papae		a021510e-7d2c-5de5-ba7d-556be5fcbcff			2026-04-27T09:21:04.935141+00:00	pontifical
2a3a8d69-7e42-5fb9-ac6f-6bdba152e71f	4166	XCI. Qualiter episcopus reconciliet		a021510e-7d2c-5de5-ba7d-556be5fcbcff			2026-04-27T09:21:04.935141+00:00	pontifical
ca020b56-7cf2-5396-8fe0-0e5a1500c586	4167	XCII. Ordo processionis ad ecclesiam		a021510e-7d2c-5de5-ba7d-556be5fcbcff			2026-04-27T09:21:04.935141+00:00	pontifical
797ad9bb-d16d-5f50-85ad-7ed845094594	4168	XCIII. Ordo missae a sancto Petro		a021510e-7d2c-5de5-ba7d-556be5fcbcff			2026-04-27T09:21:04.935141+00:00	pontifical
5d353a14-4034-5d95-9297-29b3293581f5	4169	XCIV. Incipit expositio totius		a021510e-7d2c-5de5-ba7d-556be5fcbcff			2026-04-27T09:21:04.935141+00:00	pontifical
280d8ea5-98aa-5440-99c8-2b5fe7a54a7a	4170	XCV. Item alia expositio totius		a021510e-7d2c-5de5-ba7d-556be5fcbcff			2026-04-27T09:21:04.935141+00:00	pontifical
7b2f09f6-ff53-5f7b-b7a0-f41d602be60c	4171	XCVI. Ex Concilio Toletano V Cap.		a021510e-7d2c-5de5-ba7d-556be5fcbcff			2026-04-27T09:21:04.935141+00:00	pontifical
76f60ed3-9080-5076-a2e0-70e33f994f56	4172	XCVII. Hic incipit qualiter quaedam		a021510e-7d2c-5de5-ba7d-556be5fcbcff			2026-04-27T09:21:04.935141+00:00	pontifical
da9c016e-41fe-5ce6-950a-0d2c4520adb1	4173	XCVIII. Ordo processionis, si quando		a021510e-7d2c-5de5-ba7d-556be5fcbcff			2026-04-27T09:21:04.935141+00:00	pontifical
0724414c-83fa-52e5-97f1-7b989de94242	4174	XCIX. In Christi nomine incipit ordo		a021510e-7d2c-5de5-ba7d-556be5fcbcff			2026-04-27T09:21:04.935141+00:00	pontifical
83826809-877e-5f16-be98-d225dda6eb05	4175	C. Hec sunt quae a romana sede		a021510e-7d2c-5de5-ba7d-556be5fcbcff			2026-04-27T09:21:04.935141+00:00	pontifical
61a3dfa4-4c42-5edd-8df2-39481d04abbb	4176	CI. [OR XXII frag.: De		a021510e-7d2c-5de5-ba7d-556be5fcbcff			2026-04-27T09:21:04.935141+00:00	pontifical
b5fc82f6-88fc-5a6f-803f-7e1edfc562db	4177	CII. [OR III frag.: supplement to		a021510e-7d2c-5de5-ba7d-556be5fcbcff			2026-04-27T09:21:04.935141+00:00	pontifical
aa152429-e0b8-504a-a0f2-17830da579b3	4178	CIII. [OR XII: Ordo antiphonarum,		a021510e-7d2c-5de5-ba7d-556be5fcbcff			2026-04-27T09:21:04.935141+00:00	pontifical
d8d54f3b-203d-5a9f-b410-e2f22bc3624e	4179	CIV. De gradibus romanae ecclesiae part 1		a021510e-7d2c-5de5-ba7d-556be5fcbcff			2026-04-27T09:21:04.935141+00:00	pontifical
101dd7ec-cc9c-594b-b361-a5e63c2e3b32	4180	CIV. De gradibus romanae ecclesiae part 2		a021510e-7d2c-5de5-ba7d-556be5fcbcff			2026-04-27T09:21:04.935141+00:00	pontifical
632b42cf-3de2-515f-a057-b37f776b5b32	4181	CIV. De gradibus romanae ecclesiae part 3		a021510e-7d2c-5de5-ba7d-556be5fcbcff			2026-04-27T09:21:04.935141+00:00	pontifical
307e4c18-6f58-5f34-a5ce-dc09d19b13f7	4182	CIV. De gradibus romanae ecclesiae part 4		a021510e-7d2c-5de5-ba7d-556be5fcbcff			2026-04-27T09:21:04.935141+00:00	pontifical
cb0e07f8-e816-55fe-b3f6-cbd416d1e603	4183	CV. Exorcismus salis ad spargendum		a021510e-7d2c-5de5-ba7d-556be5fcbcff			2026-04-27T09:21:04.935141+00:00	pontifical
adddf18f-5ec2-5845-9774-4c226adf4247	4184	CVI. Benedictio aquae ad		a021510e-7d2c-5de5-ba7d-556be5fcbcff			2026-04-27T09:21:04.935141+00:00	pontifical
6f6d56f9-8046-5dd7-9807-3d4ace4dda10	4185	CVII. Ex authentico libro		a021510e-7d2c-5de5-ba7d-556be5fcbcff			2026-04-27T09:21:04.935141+00:00	pontifical
ba5e15cf-fc61-52e9-bce2-8ed299cb36a9	4186	CVIII. Item benedictio aquae ad albas		a021510e-7d2c-5de5-ba7d-556be5fcbcff			2026-04-27T09:21:04.935141+00:00	pontifical
fcfb6e11-a3e3-5b21-9bda-5b6628a707b5	4187	CIX. Ordo ad baptizandum infirmum		a021510e-7d2c-5de5-ba7d-556be5fcbcff			2026-04-27T09:21:04.935141+00:00	pontifical
f27121bc-1728-5f6c-b883-e31d19c16fa9	4188	CX. Ordo ad catecuminum ex pagano		a021510e-7d2c-5de5-ba7d-556be5fcbcff			2026-04-27T09:21:04.935141+00:00	pontifical
9c8edd31-92b5-5b6b-8f3d-4bac71f98eaa	4189	CXI. De verbis grecis baptisterii		a021510e-7d2c-5de5-ba7d-556be5fcbcff			2026-04-27T09:21:04.935141+00:00	pontifical
552239fd-709b-5967-97a0-65ec79143e72	4190	CXII. Sancti Athanasii Alexandrini		a021510e-7d2c-5de5-ba7d-556be5fcbcff			2026-04-27T09:21:04.935141+00:00	pontifical
3875dc9e-5d78-5c06-a52f-f7ba857ac7bc	4191	CXIII. Incipit simbolum apostolorum		a021510e-7d2c-5de5-ba7d-556be5fcbcff			2026-04-27T09:21:04.935141+00:00	pontifical
1b51d903-2905-5846-8bd8-a66ac3aab951	4192	CXIV. Impositio manuum super		a021510e-7d2c-5de5-ba7d-556be5fcbcff			2026-04-27T09:21:04.935141+00:00	pontifical
021bb811-1774-5e4b-9a28-e467387c2c52	4193	CXV. Ad succurrendum his qui a part 1		a021510e-7d2c-5de5-ba7d-556be5fcbcff			2026-04-27T09:21:04.935141+00:00	pontifical
667586dc-55a4-55cf-9c9e-8ee2b74b2b47	4194	CXV. Ad succurrendum his qui a part 2		a021510e-7d2c-5de5-ba7d-556be5fcbcff			2026-04-27T09:21:04.935141+00:00	pontifical
c584f38c-db86-55fc-ad82-c17fd4c020bc	4195	CXVI. Item orationes et exorcismi		a021510e-7d2c-5de5-ba7d-556be5fcbcff			2026-04-27T09:21:04.935141+00:00	pontifical
5bb43708-5521-53d8-a2ee-ad7f4a513c36	4196	CXVII. Item exorcismus unde supra		a021510e-7d2c-5de5-ba7d-556be5fcbcff			2026-04-27T09:21:04.935141+00:00	pontifical
a68d7c27-534a-573a-b966-fb67ed425a2b	4197	CXVIII. Exorcismus sancti Ambrosii part 1		a021510e-7d2c-5de5-ba7d-556be5fcbcff			2026-04-27T09:21:04.935141+00:00	pontifical
4a60fe5b-6417-57a6-b915-9958577ce010	4198	CXVIII. Exorcismus sancti Ambrosii part 2		a021510e-7d2c-5de5-ba7d-556be5fcbcff			2026-04-27T09:21:04.935141+00:00	pontifical
6d7e96e3-0d7a-5208-93d3-af0e6398facb	4199	CXIX. Exorcismus sancti Martini		a021510e-7d2c-5de5-ba7d-556be5fcbcff			2026-04-27T09:21:04.935141+00:00	pontifical
19872adc-0eac-534b-89cc-532418aed2c7	4200	CXX. De ieiunio daemoniacis		a021510e-7d2c-5de5-ba7d-556be5fcbcff			2026-04-27T09:21:04.935141+00:00	pontifical
5e43fd94-0fcd-5f80-a3f9-0abef16b0ea6	4201	CXXI. Missa super daemoniacum		a021510e-7d2c-5de5-ba7d-556be5fcbcff			2026-04-27T09:21:04.935141+00:00	pontifical
d8c2b793-af98-5e7a-92e2-2b25e50ce4b4	4202	CXXII. Item alia missa		a021510e-7d2c-5de5-ba7d-556be5fcbcff			2026-04-27T09:21:04.935141+00:00	pontifical
7dccc527-debd-5200-acdf-564591a06892	4203	CXXIII. Oratio super liberatum a		a021510e-7d2c-5de5-ba7d-556be5fcbcff			2026-04-27T09:21:04.935141+00:00	pontifical
73412e2e-dd23-5dad-a623-6ebdda8f5043	4204	CXXIV. Reconciliatio rebaptizati ab		a021510e-7d2c-5de5-ba7d-556be5fcbcff			2026-04-27T09:21:04.935141+00:00	pontifical
2233087e-30e8-54a1-adde-3d783e005330	4205	CXXV. Oratio super eos qui		a021510e-7d2c-5de5-ba7d-556be5fcbcff			2026-04-27T09:21:04.935141+00:00	pontifical
8b803a23-3ed9-55a9-9ee6-08ce56765458	4206	CXXVI. Benedictio cum impositione		a021510e-7d2c-5de5-ba7d-556be5fcbcff			2026-04-27T09:21:04.935141+00:00	pontifical
845266f9-4532-55ca-8b6b-99efe7ddfe54	4207	CXXVII. Reconcilio cum impositione		a021510e-7d2c-5de5-ba7d-556be5fcbcff			2026-04-27T09:21:04.935141+00:00	pontifical
f2af1423-37c3-58a3-a20d-de85ca3cb605	4208	CXXVIII. Pro fratribus in viam		a021510e-7d2c-5de5-ba7d-556be5fcbcff			2026-04-27T09:21:04.935141+00:00	pontifical
92b6b459-551d-59e9-b042-58330a993ddc	4209	CXXIX. Item benedictiones pro iter		a021510e-7d2c-5de5-ba7d-556be5fcbcff			2026-04-27T09:21:04.935141+00:00	pontifical
8155dfbb-68e8-5c0a-a9e0-7f87b52bafdf	4210	CXXX. Pro redeuntibus de itinere		a021510e-7d2c-5de5-ba7d-556be5fcbcff			2026-04-27T09:21:04.935141+00:00	pontifical
9c82adac-1eb4-5159-8b77-36dc6438d7db	4211	CXXXI. Pro supervenientibus fratribus		a021510e-7d2c-5de5-ba7d-556be5fcbcff			2026-04-27T09:21:04.935141+00:00	pontifical
a5f498da-d8ab-5c18-ab0c-3aebe3552744	4212	CXXXII. Pro salute unius vivi		a021510e-7d2c-5de5-ba7d-556be5fcbcff			2026-04-27T09:21:04.935141+00:00	pontifical
cec0e55f-78ed-5544-a3cf-4da73dd984aa	4213	CXXXIII. Pro una femina		a021510e-7d2c-5de5-ba7d-556be5fcbcff			2026-04-27T09:21:04.935141+00:00	pontifical
1f7737b1-6579-5061-b65d-ec18fd7c6500	4214	CXXXIV. Pro salute vivorum		a021510e-7d2c-5de5-ba7d-556be5fcbcff			2026-04-27T09:21:04.935141+00:00	pontifical
275d9520-95d5-546f-a888-56d953ee2888	4215	CXXXV. Pro infirmo		a021510e-7d2c-5de5-ba7d-556be5fcbcff			2026-04-27T09:21:04.935141+00:00	pontifical
f9c8c065-f2fd-57c6-ad20-4431e88a19dd	4216	CXXXVI. Qualiter sacerdotes suscipere		a021510e-7d2c-5de5-ba7d-556be5fcbcff			2026-04-27T09:21:04.935141+00:00	pontifical
e838d1d7-302b-5e29-b7ca-5471f6cab3d5	4217	CXXXVII. Missa post confessionem		a021510e-7d2c-5de5-ba7d-556be5fcbcff			2026-04-27T09:21:04.935141+00:00	pontifical
34e3ee0c-e6c5-57bb-8d0b-05bc0a20681c	4218	CXXXVIII. Missa pro infirmo de cuius		a021510e-7d2c-5de5-ba7d-556be5fcbcff			2026-04-27T09:21:04.935141+00:00	pontifical
1c7959fe-4d34-5e5d-aba4-2dc8737ce511	4219	CXXXIX. Ordo ad visitandum et		a021510e-7d2c-5de5-ba7d-556be5fcbcff			2026-04-27T09:21:04.935141+00:00	pontifical
92112f6e-e3fd-5fde-b278-9be1ce6969aa	4220	CXL. Missa pro infirmo		a021510e-7d2c-5de5-ba7d-556be5fcbcff			2026-04-27T09:21:04.935141+00:00	pontifical
19ddea9c-225f-5303-8de2-3b8406c841be	4221	CXLI. Oratio pro reddita sanitate		a021510e-7d2c-5de5-ba7d-556be5fcbcff			2026-04-27T09:21:04.935141+00:00	pontifical
afd3f235-a244-5267-926c-0115b2afca14	4222	CXLII. Item ad consignandum hominem		a021510e-7d2c-5de5-ba7d-556be5fcbcff			2026-04-27T09:21:04.935141+00:00	pontifical
836bc486-c86d-51ba-abec-dbbd92b7521c	4223	CXLIII. Ordo ad unguendum infirmum		a021510e-7d2c-5de5-ba7d-556be5fcbcff			2026-04-27T09:21:04.935141+00:00	pontifical
2b786396-43ab-54f5-a025-c40f43b054f2	4224	CXLIV. Item ordo poenitentis ad		a021510e-7d2c-5de5-ba7d-556be5fcbcff			2026-04-27T09:21:04.935141+00:00	pontifical
df4d1bc3-f8b4-564e-ad23-7ba0b90acf42	4225	CXLV. Item reconciliatio penitentis		a021510e-7d2c-5de5-ba7d-556be5fcbcff			2026-04-27T09:21:04.935141+00:00	pontifical
f956cfdd-5b62-514b-9e07-e64e06fe4647	4226	CXLVI. Mox subsequitur missa quam		a021510e-7d2c-5de5-ba7d-556be5fcbcff			2026-04-27T09:21:04.935141+00:00	pontifical
fcdaf607-de06-5613-b484-8bb13bbcce98	4227	CXLVII. Item alia missa		a021510e-7d2c-5de5-ba7d-556be5fcbcff			2026-04-27T09:21:04.935141+00:00	pontifical
d5187b48-c1fe-58aa-84d5-f506d0081466	4228	CXLVIII. Missa pro infirmo qui proximus		a021510e-7d2c-5de5-ba7d-556be5fcbcff			2026-04-27T09:21:04.935141+00:00	pontifical
744e4be0-a603-56d3-bb91-a88df478e697	4229	CXLIX. In nomine domini incipit		a021510e-7d2c-5de5-ba7d-556be5fcbcff			2026-04-27T09:21:04.935141+00:00	pontifical
1a8452c0-25d3-53bb-b866-57d17294d993	4230	CL. Missa in die depositionis		a021510e-7d2c-5de5-ba7d-556be5fcbcff			2026-04-27T09:21:04.935141+00:00	pontifical
1d567107-a7fa-5e5f-8fb3-ded9a9368695	4231	CLI. Missa pro defuncto		a021510e-7d2c-5de5-ba7d-556be5fcbcff			2026-04-27T09:21:04.935141+00:00	pontifical
137ab1d3-0293-528d-8575-9ae9becffac1	4232	CLII. Missa in cimiteriis		a021510e-7d2c-5de5-ba7d-556be5fcbcff			2026-04-27T09:21:04.935141+00:00	pontifical
86524d59-09ad-5008-9d88-54962371086c	4233	CLIII. Missa pro episcopo defuncto		a021510e-7d2c-5de5-ba7d-556be5fcbcff			2026-04-27T09:21:04.935141+00:00	pontifical
60340d16-6cbb-519c-ab5a-7953fea4424f	4234	CLIV. Missa pro sacerdote defuncto		a021510e-7d2c-5de5-ba7d-556be5fcbcff			2026-04-27T09:21:04.935141+00:00	pontifical
ecb15679-7c8d-56c8-a073-b9b27c220ad8	4235	CLV. Missa unius defuncti		a021510e-7d2c-5de5-ba7d-556be5fcbcff			2026-04-27T09:21:04.935141+00:00	pontifical
50efb424-1f6b-511f-8d62-96dbe496edb4	4236	CLVI. Alia missa unius defuncti		a021510e-7d2c-5de5-ba7d-556be5fcbcff			2026-04-27T09:21:04.935141+00:00	pontifical
da92915b-248b-505f-8660-0259275eb307	4237	CLVII. Missa pro congregatione		a021510e-7d2c-5de5-ba7d-556be5fcbcff			2026-04-27T09:21:04.935141+00:00	pontifical
4ff13ca6-d6a1-58e0-8b1c-f3bf8e767ad5	4238	CLVIII. Missa plurimorum defunctorum		a021510e-7d2c-5de5-ba7d-556be5fcbcff			2026-04-27T09:21:04.935141+00:00	pontifical
c2aacbd1-e5e8-545a-bbd2-f4ac0fb2422b	4239	CLIX. Item alia missa		a021510e-7d2c-5de5-ba7d-556be5fcbcff			2026-04-27T09:21:04.935141+00:00	pontifical
d582c621-8c40-548e-856e-d284e5076db4	4240	CLX. Missa in die depositionis		a021510e-7d2c-5de5-ba7d-556be5fcbcff			2026-04-27T09:21:04.935141+00:00	pontifical
cad81109-d4a0-5d89-8c14-625f9f1e444e	4241	CLXI. Missa in anniversario unius		a021510e-7d2c-5de5-ba7d-556be5fcbcff			2026-04-27T09:21:04.935141+00:00	pontifical
35afc57e-ba60-53d3-a8d3-cf63e840208d	4242	CLXII. Missa in anniversario		a021510e-7d2c-5de5-ba7d-556be5fcbcff			2026-04-27T09:21:04.935141+00:00	pontifical
72cdd2c6-1473-522a-a326-ab868397dfbe	4243	CLXIII. Missa pro episcopo defuncto		a021510e-7d2c-5de5-ba7d-556be5fcbcff			2026-04-27T09:21:04.935141+00:00	pontifical
9720a197-51a8-58a8-8861-2cb3fde8acfb	4244	CLXIV. Missa pro sacerdote defuncto		a021510e-7d2c-5de5-ba7d-556be5fcbcff			2026-04-27T09:21:04.935141+00:00	pontifical
432092e6-a06d-5682-8ab8-a9fa27ff5f19	4245	CLXV. Missa pro defuncta femina		a021510e-7d2c-5de5-ba7d-556be5fcbcff			2026-04-27T09:21:04.935141+00:00	pontifical
6470d37f-4f9a-5041-a98b-27465926fbd9	4246	CLXVI. Missa plurimorum defunctorum		a021510e-7d2c-5de5-ba7d-556be5fcbcff			2026-04-27T09:21:04.935141+00:00	pontifical
bf07c73e-0848-5fae-8d71-88f4560e5f6f	4247	CLXVII. In agenda conditoris		a021510e-7d2c-5de5-ba7d-556be5fcbcff			2026-04-27T09:21:04.935141+00:00	pontifical
dbc54bae-ae7d-5f2c-86bc-50e3482f3cb2	4248	CLXVIII. In vigilia defunctorum sermo		a021510e-7d2c-5de5-ba7d-556be5fcbcff			2026-04-27T09:21:04.935141+00:00	pontifical
2e86240d-669c-5129-ab56-93d4f0c0abff	4249	CLXIX. Item lectiones sancti Gregorii		a021510e-7d2c-5de5-ba7d-556be5fcbcff			2026-04-27T09:21:04.935141+00:00	pontifical
c82d0ca9-a96f-541c-9b6d-35d53e3dd559	4250	CLXX. Sermo beati Cecilii Cypriani		a021510e-7d2c-5de5-ba7d-556be5fcbcff			2026-04-27T09:21:04.935141+00:00	pontifical
a8ec71b2-6258-59d8-b2f1-81e4973e6d92	4251	CLXXI. Oratio cum in aliquod opus		a021510e-7d2c-5de5-ba7d-556be5fcbcff			2026-04-27T09:21:04.935141+00:00	pontifical
e67206ad-a98c-5cae-b631-267009315df5	4252	CLXXII. Oratio cum absolvuntur		a021510e-7d2c-5de5-ba7d-556be5fcbcff			2026-04-27T09:21:04.935141+00:00	pontifical
86d62170-a00b-59a5-b2af-bacb3257877a	4253	CLXXIII. Oratio ad mandatum		a021510e-7d2c-5de5-ba7d-556be5fcbcff			2026-04-27T09:21:04.935141+00:00	pontifical
ed8e05f0-61c6-5fc4-8f8e-bce8ee3b429c	4254	CLXXIV. Oratio super eos qui ipsum		a021510e-7d2c-5de5-ba7d-556be5fcbcff			2026-04-27T09:21:04.935141+00:00	pontifical
630adb1a-402d-515d-b240-91a474b04d1c	4255	CLXXV. Oratio super ebdomadarios de		a021510e-7d2c-5de5-ba7d-556be5fcbcff			2026-04-27T09:21:04.935141+00:00	pontifical
93d88722-d72a-50fd-9f6b-89eb61dd9392	4256	CLXXVI. Oratio pro his qui		a021510e-7d2c-5de5-ba7d-556be5fcbcff			2026-04-27T09:21:04.935141+00:00	pontifical
25207f65-0274-5fdd-a04f-5bd95d8407d1	4257	CLXXVII. Oratio pro ebdomadario lectore		a021510e-7d2c-5de5-ba7d-556be5fcbcff			2026-04-27T09:21:04.935141+00:00	pontifical
25aca6bf-2adf-5c89-ba70-42c1f73db654	4258	CLXXVIII. Oratio in monasterio		a021510e-7d2c-5de5-ba7d-556be5fcbcff			2026-04-27T09:21:04.935141+00:00	pontifical
feb877e4-c968-5d5b-a157-fd859b35fc5e	4259	CLXXIX. Oratio in atrio		a021510e-7d2c-5de5-ba7d-556be5fcbcff			2026-04-27T09:21:04.935141+00:00	pontifical
edcc13e6-30e9-565f-8b21-21522942febc	4260	CLXXX. Benedictio salis communis		a021510e-7d2c-5de5-ba7d-556be5fcbcff			2026-04-27T09:21:04.935141+00:00	pontifical
21279760-8525-50e5-9316-2a7513c42e88	4261	CLXXXI. Incipit maior benediccio salis		a021510e-7d2c-5de5-ba7d-556be5fcbcff			2026-04-27T09:21:04.935141+00:00	pontifical
0e672235-9fcb-5454-a86f-17b1b5fbc770	4262	CLXXXII. Benedictio salis ad oculorum		a021510e-7d2c-5de5-ba7d-556be5fcbcff			2026-04-27T09:21:04.935141+00:00	pontifical
3528c893-1b14-53a1-a361-42db54924bd2	4263	CLXXXIII. Incipit maior benedictio salis		a021510e-7d2c-5de5-ba7d-556be5fcbcff			2026-04-27T09:21:04.935141+00:00	pontifical
0f733ca4-06d8-522a-8f87-d53b8edb11d5	4264	CLXXXIV. Benedictio panis et salis ad		a021510e-7d2c-5de5-ba7d-556be5fcbcff			2026-04-27T09:21:04.935141+00:00	pontifical
d085de9a-b186-588b-85c9-369d039adc1e	4265	CLXXXV. Exorcismus salis et aquae		a021510e-7d2c-5de5-ba7d-556be5fcbcff			2026-04-27T09:21:04.935141+00:00	pontifical
4cb65a2e-2a22-5bee-861e-8b387883526d	4266	CLXXXVI. Missa pro tempestate		a021510e-7d2c-5de5-ba7d-556be5fcbcff			2026-04-27T09:21:04.935141+00:00	pontifical
d195c610-caad-564d-9bf8-b37d95619274	4267	CLXXXVII. Contra grandines		a021510e-7d2c-5de5-ba7d-556be5fcbcff			2026-04-27T09:21:04.935141+00:00	pontifical
ac4aa0ac-41b0-5bd7-8ad5-8b50090edba2	4268	CLXXXVIII. Benedictio aquae cum ligno		a021510e-7d2c-5de5-ba7d-556be5fcbcff			2026-04-27T09:21:04.935141+00:00	pontifical
03f9174f-5368-524f-9e9c-8a81ffcee450	4269	CLXXXIX. Oratio ad visitandos fratres		a021510e-7d2c-5de5-ba7d-556be5fcbcff			2026-04-27T09:21:04.935141+00:00	pontifical
ec49aa6d-7348-5706-a1ee-9c1c677dc90e	4270	CXC. Benedictio domus		a021510e-7d2c-5de5-ba7d-556be5fcbcff			2026-04-27T09:21:04.935141+00:00	pontifical
2f960b5f-ab34-589f-902d-10404679b6ca	4271	CXCI. Item benedictio domus		a021510e-7d2c-5de5-ba7d-556be5fcbcff			2026-04-27T09:21:04.935141+00:00	pontifical
116f767f-990c-52d7-9abb-515c53a5ea8f	4272	CXCII. Benedictio loci ubi iacueris		a021510e-7d2c-5de5-ba7d-556be5fcbcff			2026-04-27T09:21:04.935141+00:00	pontifical
b348cad3-6287-5f3f-a34f-b3cb11395f33	4273	CXCIII. Oratio in domo ancillarum dei		a021510e-7d2c-5de5-ba7d-556be5fcbcff			2026-04-27T09:21:04.935141+00:00	pontifical
25f1fa14-f9ea-5d7a-b0d9-b5097b3fe544	4274	CXCIV. Oratio in sacrario		a021510e-7d2c-5de5-ba7d-556be5fcbcff			2026-04-27T09:21:04.935141+00:00	pontifical
8aa3eb21-d89c-5343-94e9-ba261765d5b7	4275	CXCV. In cymiterio		a021510e-7d2c-5de5-ba7d-556be5fcbcff			2026-04-27T09:21:04.935141+00:00	pontifical
6b9abf91-4af8-5a88-ada8-36081130d897	4276	CXCVI. Oratio in vestiario		a021510e-7d2c-5de5-ba7d-556be5fcbcff			2026-04-27T09:21:04.935141+00:00	pontifical
945a01fb-9ac7-53a8-8519-0b4e2ae74aa6	4277	CXCVII. In scriptorio		a021510e-7d2c-5de5-ba7d-556be5fcbcff			2026-04-27T09:21:04.935141+00:00	pontifical
7aef0e25-dc3c-5903-94a2-253baed2b125	4278	CXCVIII. In dormitorio		a021510e-7d2c-5de5-ba7d-556be5fcbcff			2026-04-27T09:21:04.935141+00:00	pontifical
63107a8c-4434-5e02-b7cc-dad5f3c3dcbb	4279	CXCIX. In refectorio		a021510e-7d2c-5de5-ba7d-556be5fcbcff			2026-04-27T09:21:04.935141+00:00	pontifical
44c16420-04bd-550b-89b8-8553a87824ab	4280	CC. In cellario		a021510e-7d2c-5de5-ba7d-556be5fcbcff			2026-04-27T09:21:04.935141+00:00	pontifical
bc68dd1e-e0f8-5f02-a41b-f4721ad4666a	4281	CCI. In coquina		a021510e-7d2c-5de5-ba7d-556be5fcbcff			2026-04-27T09:21:04.935141+00:00	pontifical
3dc2b11a-6356-5e19-9df2-0a90730283b3	4282	CCII. In hospitali		a021510e-7d2c-5de5-ba7d-556be5fcbcff			2026-04-27T09:21:04.935141+00:00	pontifical
1a3a0cd4-b7fa-517b-889f-1ab98ec11146	4283	CCIII. In pirali vel caminata		a021510e-7d2c-5de5-ba7d-556be5fcbcff			2026-04-27T09:21:04.935141+00:00	pontifical
3e3faea4-ca52-58c8-919f-6015b9347770	4284	CCIV. In domo infirmorum		a021510e-7d2c-5de5-ba7d-556be5fcbcff			2026-04-27T09:21:04.935141+00:00	pontifical
321b322f-aa1a-5859-a607-d3f62ed5911d	4285	CCV. In area nova		a021510e-7d2c-5de5-ba7d-556be5fcbcff			2026-04-27T09:21:04.935141+00:00	pontifical
48e74231-4df0-51d8-8db0-97eb5679d10e	4286	CCVI. In horreo vel granario		a021510e-7d2c-5de5-ba7d-556be5fcbcff			2026-04-27T09:21:04.935141+00:00	pontifical
a663154b-838a-5d1d-8a53-7e5213254c03	4287	CCVII. In pistrino		a021510e-7d2c-5de5-ba7d-556be5fcbcff			2026-04-27T09:21:04.935141+00:00	pontifical
5f408edc-0570-559e-8e72-86d0ba6b8a56	4288	CCVIII. In lardario		a021510e-7d2c-5de5-ba7d-556be5fcbcff			2026-04-27T09:21:04.935141+00:00	pontifical
66966670-8937-5efb-b3d5-55d22b492662	4289	CCIX. In potionario		a021510e-7d2c-5de5-ba7d-556be5fcbcff			2026-04-27T09:21:04.935141+00:00	pontifical
d2bf1106-6f26-5d9f-a0b0-874064b9aff3	4290	CCX. In introitu basilicae (		a021510e-7d2c-5de5-ba7d-556be5fcbcff			2026-04-27T09:21:04.935141+00:00	pontifical
2a051e3d-b88d-5d17-b759-b73673fc7d20	4291	CCXI. Oratio post introitum		a021510e-7d2c-5de5-ba7d-556be5fcbcff			2026-04-27T09:21:04.935141+00:00	pontifical
4e15c747-414c-5d9a-8eca-87a0acf50c76	4292	CCXII. Benedictio super capsellas et		a021510e-7d2c-5de5-ba7d-556be5fcbcff			2026-04-27T09:21:04.935141+00:00	pontifical
2f4abd19-12d2-5382-b922-a4047fce83b7	4293	CCXIII. Benedictio seminum		a021510e-7d2c-5de5-ba7d-556be5fcbcff			2026-04-27T09:21:04.935141+00:00	pontifical
6aea29ba-c82f-5de9-a864-b4c6de5a5c76	4294	CCXIV. Benedictio aque pro segetibus		a021510e-7d2c-5de5-ba7d-556be5fcbcff			2026-04-27T09:21:04.935141+00:00	pontifical
1f7a3352-e51d-5c6a-b1d1-391bc2ecd8fb	4295	CCXV. Benedictio in campo sive in		a021510e-7d2c-5de5-ba7d-556be5fcbcff			2026-04-27T09:21:04.935141+00:00	pontifical
40a837f8-0e81-5935-9317-f0b339530d22	4296	CCXVI. Item benedictio frugum in agro		a021510e-7d2c-5de5-ba7d-556be5fcbcff			2026-04-27T09:21:04.935141+00:00	pontifical
b42f9df2-650b-548a-bf6e-c938fa576f19	4297	CCXVII. Benedictio primitiarum		a021510e-7d2c-5de5-ba7d-556be5fcbcff			2026-04-27T09:21:04.935141+00:00	pontifical
2cfff97f-39e6-52ee-9f9a-7bd57cc56d72	4298	CCXVIII. Benedictio holerum		a021510e-7d2c-5de5-ba7d-556be5fcbcff			2026-04-27T09:21:04.935141+00:00	pontifical
935259b8-1665-5d8d-82bb-12054cccdc85	4299	CCXIX. Ad omnia quae volueris		a021510e-7d2c-5de5-ba7d-556be5fcbcff			2026-04-27T09:21:04.935141+00:00	pontifical
8a8e78c0-8ca0-5adb-9465-ee64d4a8249d	4300	CCXX. Benedictio casei in sabbato		a021510e-7d2c-5de5-ba7d-556be5fcbcff			2026-04-27T09:21:04.935141+00:00	pontifical
24d50a28-1740-5639-a6b0-8a73a538ba53	4301	CCXXI. Benedictio pomorum in		a021510e-7d2c-5de5-ba7d-556be5fcbcff			2026-04-27T09:21:04.935141+00:00	pontifical
1ce8afe1-5d52-5e36-b945-660eab80a6e9	4302	CCXXII. Ad fructum nove arboris		a021510e-7d2c-5de5-ba7d-556be5fcbcff			2026-04-27T09:21:04.935141+00:00	pontifical
634e2230-f0f4-5a70-88e0-d8746c7e98c8	4303	CCXXIII. Benedictio ad fruges novas		a021510e-7d2c-5de5-ba7d-556be5fcbcff			2026-04-27T09:21:04.935141+00:00	pontifical
d38094c1-7842-5b62-88d0-682ebfb70ac6	4304	CCXXIV. Benedictio panis		a021510e-7d2c-5de5-ba7d-556be5fcbcff			2026-04-27T09:21:04.935141+00:00	pontifical
038288b1-3443-5938-a475-a7cc0c7ddde6	4305	CCXXV. Benedictio panis ad eulogias		a021510e-7d2c-5de5-ba7d-556be5fcbcff			2026-04-27T09:21:04.935141+00:00	pontifical
c32e6bb9-da29-58c5-b0d8-b02e8d193ad8	4306	CCXXVI. Benedictio uvae vel fabe		a021510e-7d2c-5de5-ba7d-556be5fcbcff			2026-04-27T09:21:04.935141+00:00	pontifical
d00b68dc-e4f0-59b5-ae6a-f2f57b44dcc9	4307	CCXXVII. Benedictio vini novi		a021510e-7d2c-5de5-ba7d-556be5fcbcff			2026-04-27T09:21:04.935141+00:00	pontifical
9cf7c1b4-549a-5ee0-a392-a7b89bd1278e	4308	CCXXVIII. Ad agape		a021510e-7d2c-5de5-ba7d-556be5fcbcff			2026-04-27T09:21:04.935141+00:00	pontifical
f2f846cf-f827-5979-8771-990fc2e22134	4309	CCXXIX. Oratio ante cibum		a021510e-7d2c-5de5-ba7d-556be5fcbcff			2026-04-27T09:21:04.935141+00:00	pontifical
9ab71ee0-fc32-539e-9e99-5985dd4684b5	4310	CCXXX. Orationes super mensam		a021510e-7d2c-5de5-ba7d-556be5fcbcff			2026-04-27T09:21:04.935141+00:00	pontifical
0ae0b066-774e-56c5-a84c-b6b187389f90	4311	CCXXXI. Benedictio putei novi		a021510e-7d2c-5de5-ba7d-556be5fcbcff			2026-04-27T09:21:04.935141+00:00	pontifical
a01353de-4ebd-5fc8-b948-7f5893edc520	4312	CCXXXII. Benedictio fontis ubi aliqua		a021510e-7d2c-5de5-ba7d-556be5fcbcff			2026-04-27T09:21:04.935141+00:00	pontifical
e81af342-b4b4-5329-89ca-d81cd66e48c5	4313	CCXXXIII. Super vascula in antiquis		a021510e-7d2c-5de5-ba7d-556be5fcbcff			2026-04-27T09:21:04.935141+00:00	pontifical
3c2a2478-f6c2-592b-af8c-4a4050b1cf6a	4314	CCXXXIV. Benedictio quorumlibet vasorum		a021510e-7d2c-5de5-ba7d-556be5fcbcff			2026-04-27T09:21:04.935141+00:00	pontifical
ea5a53de-2a05-5068-9d8e-38da7169c10f	4315	CCXXXV. Oratio pro antidoto sumendo		a021510e-7d2c-5de5-ba7d-556be5fcbcff			2026-04-27T09:21:04.935141+00:00	pontifical
d2e0d5d5-5885-5f24-b44e-7b642bae6b35	4316	CCXXXVI. Oratio pro diminutione		a021510e-7d2c-5de5-ba7d-556be5fcbcff			2026-04-27T09:21:04.935141+00:00	pontifical
2801ca5d-d3ab-5b72-8eaa-60a43b77f4fd	4317	CCXXXVII. Oratio ad lavacrum		a021510e-7d2c-5de5-ba7d-556be5fcbcff			2026-04-27T09:21:04.935141+00:00	pontifical
e641b278-8d37-5bec-b941-ac9adb65b225	4318	CCXXXVIII. Benedictio incensi vel		a021510e-7d2c-5de5-ba7d-556be5fcbcff			2026-04-27T09:21:04.935141+00:00	pontifical
7bfe271b-4cde-5975-9cca-ad9efeb03997	4319	CCXXXIX. Benedictio saponis		a021510e-7d2c-5de5-ba7d-556be5fcbcff			2026-04-27T09:21:04.935141+00:00	pontifical
c18c7510-d044-51b7-ba7e-fe341eb8fe12	4320	CCXL. Oratio in navi		a021510e-7d2c-5de5-ba7d-556be5fcbcff			2026-04-27T09:21:04.935141+00:00	pontifical
270bd7f2-8e07-5eb9-afa3-19a1a9e480c0	4321	CCXLI. Benedictio retium ad capiendos		a021510e-7d2c-5de5-ba7d-556be5fcbcff			2026-04-27T09:21:04.935141+00:00	pontifical
9f200ccd-0a1a-5da1-ab99-03beb4c76904	4322	CCXLII. Benedictio civitatis contra		a021510e-7d2c-5de5-ba7d-556be5fcbcff			2026-04-27T09:21:04.935141+00:00	pontifical
c90b48bc-61f1-5800-899f-4907018f8d06	4323	CCXLIII. Benedictio vexilli bellici		a021510e-7d2c-5de5-ba7d-556be5fcbcff			2026-04-27T09:21:04.935141+00:00	pontifical
f32195b8-43e4-5796-afec-bf1e42b9a893	4324	CCXLIV. Benedictio ensis noviter		a021510e-7d2c-5de5-ba7d-556be5fcbcff			2026-04-27T09:21:04.935141+00:00	pontifical
41dd363f-62a3-57b8-92d1-e8a61896d6ac	4325	CCXLV. Oratio pro exercitu		a021510e-7d2c-5de5-ba7d-556be5fcbcff			2026-04-27T09:21:04.935141+00:00	pontifical
03f0af9e-a768-5325-9b0f-a349ed5ef39f	4326	CCXLVI. Iudicium ferri ferventis		a021510e-7d2c-5de5-ba7d-556be5fcbcff			2026-04-27T09:21:04.935141+00:00	pontifical
1c2c135e-f3b9-594a-bd2a-5689445cc347	4327	CCXLVII. De iuditio aquae ferventis		a021510e-7d2c-5de5-ba7d-556be5fcbcff			2026-04-27T09:21:04.935141+00:00	pontifical
dd7457a1-5aaf-5986-b472-156d2dc4cdd6	4328	CCXLVIII. Benedictio aquae fluentis ad		a021510e-7d2c-5de5-ba7d-556be5fcbcff			2026-04-27T09:21:04.935141+00:00	pontifical
8a711e50-0ad6-53b1-a5a9-6c14e6a2ff36	4329	CCXLIX. Exorcismus et benedictio panis		a021510e-7d2c-5de5-ba7d-556be5fcbcff			2026-04-27T09:21:04.935141+00:00	pontifical
0ab0c039-1e45-50cd-b412-3d9ae455d2e1	4330	CCL. Iudicium panis et casei		a021510e-7d2c-5de5-ba7d-556be5fcbcff			2026-04-27T09:21:04.935141+00:00	pontifical
7ec61b14-8dc8-5a9b-b6e5-d7100ffeb5eb	4331	CCLI. Item iudicium panis et casei		a021510e-7d2c-5de5-ba7d-556be5fcbcff			2026-04-27T09:21:04.935141+00:00	pontifical
5e0d7148-64c5-59e5-8d85-a4100fa5c771	4332	CCLII. Benedictio aque frigide ad		a021510e-7d2c-5de5-ba7d-556be5fcbcff			2026-04-27T09:21:04.935141+00:00	pontifical
a69815af-7b2a-5929-a3e0-44e60c97e0ef	4333	CCLIII. [Ad sponsas benedicendas		a021510e-7d2c-5de5-ba7d-556be5fcbcff			2026-04-27T09:21:04.935141+00:00	pontifical
1362f467-db78-5233-9e4a-000957e39e8e	4334	CCLIV. Item actio nuptialis ad		a021510e-7d2c-5de5-ba7d-556be5fcbcff			2026-04-27T09:21:04.935141+00:00	pontifical
b06c8ded-6d36-5a17-b608-4c92487831e5	4335	CCLV. Oratio in natali genuino		a021510e-7d2c-5de5-ba7d-556be5fcbcff			2026-04-27T09:21:04.935141+00:00	pontifical
d5cd12c0-5ced-5b1b-9912-1b5ccd1f211c	4336	CCLVI. Oratio pro parturiente		a021510e-7d2c-5de5-ba7d-556be5fcbcff			2026-04-27T09:21:04.935141+00:00	pontifical
4f68dab6-400e-5b21-baf2-7006018a7112	4337	CCLVII. Oratio ad missam pro		a021510e-7d2c-5de5-ba7d-556be5fcbcff			2026-04-27T09:21:04.935141+00:00	pontifical
414899d4-5db2-565f-8af1-c8a3988018c8	4338	CCLVIII. Item pro sterilitate mulierum		a021510e-7d2c-5de5-ba7d-556be5fcbcff			2026-04-27T09:21:04.935141+00:00	pontifical
f4e2d6e6-7c0f-5d14-8c9e-0313548b1eb5	4339	XIV. De officiis vii graduum		a021510e-7d2c-5de5-ba7d-556be5fcbcff			2026-04-27T09:21:04.935141+00:00	pontifical
d83255bd-d15b-51e4-9d7b-60da20e589bb	4340	XV. Ordo qualiter in romana		a021510e-7d2c-5de5-ba7d-556be5fcbcff			2026-04-27T09:21:04.935141+00:00	pontifical
0946a56f-a135-5d3e-90ce-a74be9b3dca9	4341	XVI. Ordo qualiter in romana		a021510e-7d2c-5de5-ba7d-556be5fcbcff			2026-04-27T09:21:04.935141+00:00	pontifical
5b79744d-db4a-58b4-aaf5-3e8b237147df	4342	XL. Ordo ad benedicendam ecclesiam		a021510e-7d2c-5de5-ba7d-556be5fcbcff			2026-04-27T09:21:04.935141+00:00	pontifical
7c47c6c0-9d75-5eb3-832f-e3bc403642df	4343	CIV. De gradibus romanae ecclesiae		a021510e-7d2c-5de5-ba7d-556be5fcbcff			2026-04-27T09:21:04.935141+00:00	pontifical
e9b51c9d-eae5-5e38-97a9-e435e32b36f0	4344	CXV. Ad succurrendum his qui a		a021510e-7d2c-5de5-ba7d-556be5fcbcff			2026-04-27T09:21:04.935141+00:00	pontifical
78910a54-a94f-5180-b4c2-d411c2ba9638	4345	CXVIII. Exorcismus sancti Ambrosii		a021510e-7d2c-5de5-ba7d-556be5fcbcff			2026-04-27T09:21:04.935141+00:00	pontifical
07251f9f-64b1-5a69-9043-31e9369ade08	4346	I. Ad capillos tondendum part 1		a021510e-7d2c-5de5-ba7d-556be5fcbcff			2026-04-27T09:21:04.935141+00:00	pontifical
242c019a-cb84-5c36-b3c2-a34ab18385d6	4347	I. Ad capillos tondendum part 2		a021510e-7d2c-5de5-ba7d-556be5fcbcff			2026-04-27T09:21:04.935141+00:00	pontifical
ab5e7ed8-eff8-53f1-94f0-6267a4b745ce	4348	I. Ad capillos tondendum part 3		a021510e-7d2c-5de5-ba7d-556be5fcbcff			2026-04-27T09:21:04.935141+00:00	pontifical
e2a55944-8610-58d0-98fd-85fbf755fba7	4349	I. Ad capillos tondendum part 4		a021510e-7d2c-5de5-ba7d-556be5fcbcff			2026-04-27T09:21:04.935141+00:00	pontifical
671ba235-68b4-559d-a915-426668347ad7	4350	I. Ad capillos tondendum part 5		a021510e-7d2c-5de5-ba7d-556be5fcbcff			2026-04-27T09:21:04.935141+00:00	pontifical
41475367-81d4-5eca-bcc7-8faf7d320371	4351	I. Ad capillos tondendum part 6		a021510e-7d2c-5de5-ba7d-556be5fcbcff			2026-04-27T09:21:04.935141+00:00	pontifical
27229366-3ff5-5a45-a575-c807e1ad680d	4352	II. Oratio ad puerum tonsurandum part 1		a021510e-7d2c-5de5-ba7d-556be5fcbcff			2026-04-27T09:21:04.935141+00:00	pontifical
048c7593-ba49-5ff0-b025-df1c119cd76e	4353	II. Oratio ad puerum tonsurandum part 2		a021510e-7d2c-5de5-ba7d-556be5fcbcff			2026-04-27T09:21:04.935141+00:00	pontifical
94ea6266-85ff-55e4-9a5e-a307b9e6b11a	4354	II. Oratio ad puerum tonsurandum part 3		a021510e-7d2c-5de5-ba7d-556be5fcbcff			2026-04-27T09:21:04.935141+00:00	pontifical
cac04cc8-e272-5613-9f22-25b8fc851c7e	4355	II. Oratio ad puerum tonsurandum part 4		a021510e-7d2c-5de5-ba7d-556be5fcbcff			2026-04-27T09:21:04.935141+00:00	pontifical
62ac9c55-a74a-5cab-b349-30abc653efce	4356	III. Prefatio ad clericum faciendum part 1		a021510e-7d2c-5de5-ba7d-556be5fcbcff			2026-04-27T09:21:04.935141+00:00	pontifical
aefd99b5-ffa9-5298-96e4-2c0e49eead48	4357	III. Prefatio ad clericum faciendum part 2		a021510e-7d2c-5de5-ba7d-556be5fcbcff			2026-04-27T09:21:04.935141+00:00	pontifical
f20c3a76-9d6b-50ea-b74b-52e92acc398b	4358	III. Prefatio ad clericum faciendum part 3		a021510e-7d2c-5de5-ba7d-556be5fcbcff			2026-04-27T09:21:04.935141+00:00	pontifical
3f508df6-355d-5f48-b761-93fbf1ba7718	4359	III. Prefatio ad clericum faciendum part 4		a021510e-7d2c-5de5-ba7d-556be5fcbcff			2026-04-27T09:21:04.935141+00:00	pontifical
63f0d055-aab7-5f4e-883a-dd156a1acf82	4360	III. Prefatio ad clericum faciendum part 5		a021510e-7d2c-5de5-ba7d-556be5fcbcff			2026-04-27T09:21:04.935141+00:00	pontifical
e2760df6-3ca0-50b1-9717-447e2c87931b	4361	III. Prefatio ad clericum faciendum part 6		a021510e-7d2c-5de5-ba7d-556be5fcbcff			2026-04-27T09:21:04.935141+00:00	pontifical
8179a3aa-3b0d-5c57-88b2-631d5269f859	4362	III. Prefatio ad clericum faciendum part 7		a021510e-7d2c-5de5-ba7d-556be5fcbcff			2026-04-27T09:21:04.935141+00:00	pontifical
0ec8feb6-b5d9-527c-9876-430ac3eebef2	4363	V. Denuntiatio mensis primi part 1		a021510e-7d2c-5de5-ba7d-556be5fcbcff			2026-04-27T09:21:04.935141+00:00	pontifical
d1fc9c2f-8059-518c-82af-b2926ec515b0	4364	V. Denuntiatio mensis primi part 2		a021510e-7d2c-5de5-ba7d-556be5fcbcff			2026-04-27T09:21:04.935141+00:00	pontifical
e7020e75-f569-5a3c-995d-c665e40a98c2	4365	V. Denuntiatio mensis primi part 3		a021510e-7d2c-5de5-ba7d-556be5fcbcff			2026-04-27T09:21:04.935141+00:00	pontifical
5ccd5e28-f999-5d29-851d-874685e4e88f	4366	V. Denuntiatio mensis primi part 4		a021510e-7d2c-5de5-ba7d-556be5fcbcff			2026-04-27T09:21:04.935141+00:00	pontifical
a9fa6983-678c-5004-ac15-b66fc6de0418	4367	V. Denuntiatio mensis primi part 5		a021510e-7d2c-5de5-ba7d-556be5fcbcff			2026-04-27T09:21:04.935141+00:00	pontifical
d239f6ed-a7d6-5deb-8b37-c0a3de4a6dd0	4368	V. Denuntiatio mensis primi part 6		a021510e-7d2c-5de5-ba7d-556be5fcbcff			2026-04-27T09:21:04.935141+00:00	pontifical
3adaa0a5-f0b3-5161-9633-1a93bc10f875	4369	VI. Item invitatio plebis de part 1		a021510e-7d2c-5de5-ba7d-556be5fcbcff			2026-04-27T09:21:04.935141+00:00	pontifical
94b88823-b545-5bed-b7fe-bb7f43e4f24d	4370	VI. Item invitatio plebis de part 2		a021510e-7d2c-5de5-ba7d-556be5fcbcff			2026-04-27T09:21:04.935141+00:00	pontifical
becfc99e-132d-56da-acea-54c2a99c5c00	4371	VI. Item invitatio plebis de part 3		a021510e-7d2c-5de5-ba7d-556be5fcbcff			2026-04-27T09:21:04.935141+00:00	pontifical
b01e9d37-eea6-5311-9724-835e09deb564	4372	VI. Item invitatio plebis de part 4		a021510e-7d2c-5de5-ba7d-556be5fcbcff			2026-04-27T09:21:04.935141+00:00	pontifical
ce002976-378b-513b-a8dc-7bfacf140368	4373	VI. Item invitatio plebis de part 5		a021510e-7d2c-5de5-ba7d-556be5fcbcff			2026-04-27T09:21:04.935141+00:00	pontifical
92fddc15-8a9d-5e38-8881-d5ed3fadcfc2	4374	VI. Item invitatio plebis de part 6		a021510e-7d2c-5de5-ba7d-556be5fcbcff			2026-04-27T09:21:04.935141+00:00	pontifical
0f2d6162-e6e9-52dd-8eab-be3c9d4c2b5d	4375	VI. Item invitatio plebis de part 7		a021510e-7d2c-5de5-ba7d-556be5fcbcff			2026-04-27T09:21:04.935141+00:00	pontifical
692e8c5b-63f5-55bb-9c63-59cc692af562	4376	VII. De quatuor temporibus part 1		a021510e-7d2c-5de5-ba7d-556be5fcbcff			2026-04-27T09:21:04.935141+00:00	pontifical
a8734c2e-7cf0-54d7-bd30-74ffe8535f8d	4377	VII. De quatuor temporibus part 2		a021510e-7d2c-5de5-ba7d-556be5fcbcff			2026-04-27T09:21:04.935141+00:00	pontifical
5a8896a2-1f44-5bdf-aa47-52813375bf1f	4378	VII. De quatuor temporibus part 3		a021510e-7d2c-5de5-ba7d-556be5fcbcff			2026-04-27T09:21:04.935141+00:00	pontifical
5f289f53-e975-57a1-b638-776e7a5adf22	4379	VII. De quatuor temporibus part 4		a021510e-7d2c-5de5-ba7d-556be5fcbcff			2026-04-27T09:21:04.935141+00:00	pontifical
5454f895-4e45-5279-8e6d-b9fea547f61b	4380	VII. De quatuor temporibus part 5		a021510e-7d2c-5de5-ba7d-556be5fcbcff			2026-04-27T09:21:04.935141+00:00	pontifical
f004a8db-c530-559b-83ab-9fe72c64d30a	4381	VII. De quatuor temporibus part 6		a021510e-7d2c-5de5-ba7d-556be5fcbcff			2026-04-27T09:21:04.935141+00:00	pontifical
b63c92e6-480b-5788-9d67-58890ac9cfd0	4382	VIII. Item de quattuor temporibus part 1		a021510e-7d2c-5de5-ba7d-556be5fcbcff			2026-04-27T09:21:04.935141+00:00	pontifical
4eda799a-ddef-5086-af11-92939d15938d	4383	VIII. Item de quattuor temporibus part 2		a021510e-7d2c-5de5-ba7d-556be5fcbcff			2026-04-27T09:21:04.935141+00:00	pontifical
e03b81bb-df96-578d-8232-facfb061290d	4384	VIII. Item de quattuor temporibus part 3		a021510e-7d2c-5de5-ba7d-556be5fcbcff			2026-04-27T09:21:04.935141+00:00	pontifical
e1153f1d-d1f8-549b-b729-6785577db503	4385	VIII. Item de quattuor temporibus part 4		a021510e-7d2c-5de5-ba7d-556be5fcbcff			2026-04-27T09:21:04.935141+00:00	pontifical
79770fd2-cbd8-5265-87fb-8321f7d08fd7	4386	VIII. Item de quattuor temporibus part 5		a021510e-7d2c-5de5-ba7d-556be5fcbcff			2026-04-27T09:21:04.935141+00:00	pontifical
d6f07dd2-a7fd-599d-a70c-55a24d763840	4387	VIII. Item de quattuor temporibus part 6		a021510e-7d2c-5de5-ba7d-556be5fcbcff			2026-04-27T09:21:04.935141+00:00	pontifical
13fa934a-46d9-5ab4-b3ac-a673298906db	4388	X. Capitulum sancti Gregorii part 1		a021510e-7d2c-5de5-ba7d-556be5fcbcff			2026-04-27T09:21:04.935141+00:00	pontifical
20deed3c-3fbd-5e07-b560-9bb3d703fd39	4389	X. Capitulum sancti Gregorii part 2		a021510e-7d2c-5de5-ba7d-556be5fcbcff			2026-04-27T09:21:04.935141+00:00	pontifical
8bbdc728-ddfc-5cb5-ba62-722aaf99554a	4390	X. Capitulum sancti Gregorii part 3		a021510e-7d2c-5de5-ba7d-556be5fcbcff			2026-04-27T09:21:04.935141+00:00	pontifical
e1f9ad48-4d48-5847-8441-7758936f7c93	4391	X. Capitulum sancti Gregorii part 4		a021510e-7d2c-5de5-ba7d-556be5fcbcff			2026-04-27T09:21:04.935141+00:00	pontifical
9ea699b7-b67d-5bed-8f70-86cdd18b5496	4392	X. Capitulum sancti Gregorii part 5		a021510e-7d2c-5de5-ba7d-556be5fcbcff			2026-04-27T09:21:04.935141+00:00	pontifical
bced9314-40f7-5e4a-a224-d77895231995	4393	X. Capitulum sancti Gregorii part 6		a021510e-7d2c-5de5-ba7d-556be5fcbcff			2026-04-27T09:21:04.935141+00:00	pontifical
6b66f3d6-34ad-5765-a2cb-0af34649db30	4394	XI. Capitulum Zosimi papae part 1		a021510e-7d2c-5de5-ba7d-556be5fcbcff			2026-04-27T09:21:04.935141+00:00	pontifical
36613ced-8c06-561e-b072-93ff2861b8c5	4395	XI. Capitulum Zosimi papae part 2		a021510e-7d2c-5de5-ba7d-556be5fcbcff			2026-04-27T09:21:04.935141+00:00	pontifical
44d7ad8a-a3f2-5521-842f-e6a230a19dd0	4396	XI. Capitulum Zosimi papae part 3		a021510e-7d2c-5de5-ba7d-556be5fcbcff			2026-04-27T09:21:04.935141+00:00	pontifical
30060c99-175b-557e-b64b-74314dd8fcc0	4397	XI. Capitulum Zosimi papae part 4		a021510e-7d2c-5de5-ba7d-556be5fcbcff			2026-04-27T09:21:04.935141+00:00	pontifical
bdf8fe5a-8753-5ecf-b8c4-ba0985695120	4398	XI. Capitulum Zosimi papae part 5		a021510e-7d2c-5de5-ba7d-556be5fcbcff			2026-04-27T09:21:04.935141+00:00	pontifical
e23f9d34-a9e8-52c0-9819-89926e74bd55	4399	XI. Capitulum Zosimi papae part 6		a021510e-7d2c-5de5-ba7d-556be5fcbcff			2026-04-27T09:21:04.935141+00:00	pontifical
fbeb35ff-70f1-5886-9727-d855c1215515	4400	XI. Capitulum Zosimi papae part 7		a021510e-7d2c-5de5-ba7d-556be5fcbcff			2026-04-27T09:21:04.935141+00:00	pontifical
c04369c5-e957-5aeb-a436-0185539c9c5c	4401	XII. Capitulum Leonis papae part 1		a021510e-7d2c-5de5-ba7d-556be5fcbcff			2026-04-27T09:21:04.935141+00:00	pontifical
dc02ab4f-8267-5a40-bc88-1c7d9e1d9e65	4402	XII. Capitulum Leonis papae part 2		a021510e-7d2c-5de5-ba7d-556be5fcbcff			2026-04-27T09:21:04.935141+00:00	pontifical
ee117c00-fc27-5e98-a18a-6e6747496483	4403	XII. Capitulum Leonis papae part 3		a021510e-7d2c-5de5-ba7d-556be5fcbcff			2026-04-27T09:21:04.935141+00:00	pontifical
7a223ebf-ff82-578a-b7b4-2f10edd0ddc2	4404	XII. Capitulum Leonis papae part 4		a021510e-7d2c-5de5-ba7d-556be5fcbcff			2026-04-27T09:21:04.935141+00:00	pontifical
83e997cc-850c-5dc5-9282-d303ce37f89e	4405	XII. Capitulum Leonis papae part 5		a021510e-7d2c-5de5-ba7d-556be5fcbcff			2026-04-27T09:21:04.935141+00:00	pontifical
93b8d823-fd49-510a-b0f1-b36b11262b14	4406	XII. Capitulum Leonis papae part 6		a021510e-7d2c-5de5-ba7d-556be5fcbcff			2026-04-27T09:21:04.935141+00:00	pontifical
c5e501fc-fdb4-5458-8649-fa0dd8cf088a	4407	XII. Capitulum Leonis papae part 7		a021510e-7d2c-5de5-ba7d-556be5fcbcff			2026-04-27T09:21:04.935141+00:00	pontifical
69fda427-a6ef-5a71-a39b-e6bfbc742627	4408	XIII. Capitulum Clementis papae de part 1		a021510e-7d2c-5de5-ba7d-556be5fcbcff			2026-04-27T09:21:04.935141+00:00	pontifical
dc825c05-2118-51b1-96b8-a17e8b92380e	4409	XIII. Capitulum Clementis papae de part 2		a021510e-7d2c-5de5-ba7d-556be5fcbcff			2026-04-27T09:21:04.935141+00:00	pontifical
0e848baa-b1dc-5c9c-b56a-593a97f6f8ea	4410	XIII. Capitulum Clementis papae de part 3		a021510e-7d2c-5de5-ba7d-556be5fcbcff			2026-04-27T09:21:04.935141+00:00	pontifical
1e8114d8-1c64-5d98-a48f-32e66bd2cf3d	4411	XIII. Capitulum Clementis papae de part 4		a021510e-7d2c-5de5-ba7d-556be5fcbcff			2026-04-27T09:21:04.935141+00:00	pontifical
eb60a742-e748-558e-9d3b-7d2c0ee6a08e	4412	XIII. Capitulum Clementis papae de part 5		a021510e-7d2c-5de5-ba7d-556be5fcbcff			2026-04-27T09:21:04.935141+00:00	pontifical
6f92982b-19bd-5f7b-8d3e-824278f8aea3	4413	XIII. Capitulum Clementis papae de part 6		a021510e-7d2c-5de5-ba7d-556be5fcbcff			2026-04-27T09:21:04.935141+00:00	pontifical
a783f37c-aaf7-59c2-b090-e55f6d9c5067	4414	XIII. Capitulum Clementis papae de part 7		a021510e-7d2c-5de5-ba7d-556be5fcbcff			2026-04-27T09:21:04.935141+00:00	pontifical
bc201778-7423-513a-ac20-8a2ada1e9f68	4415	XVII. Orationes pro ipsis ad missam part 1		a021510e-7d2c-5de5-ba7d-556be5fcbcff			2026-04-27T09:21:04.935141+00:00	pontifical
08fe6a4c-44a3-549a-b94b-58ba16778256	4416	XVII. Orationes pro ipsis ad missam part 2		a021510e-7d2c-5de5-ba7d-556be5fcbcff			2026-04-27T09:21:04.935141+00:00	pontifical
2af92ac0-73f9-500f-be15-d755e0a37c4a	4417	XVII. Orationes pro ipsis ad missam part 3		a021510e-7d2c-5de5-ba7d-556be5fcbcff			2026-04-27T09:21:04.935141+00:00	pontifical
e89a053a-44f3-51bd-954a-0b6adca79bae	4418	XVII. Orationes pro ipsis ad missam part 4		a021510e-7d2c-5de5-ba7d-556be5fcbcff			2026-04-27T09:21:04.935141+00:00	pontifical
d4b13c98-0548-5339-9225-ce798c88ecee	4419	XVII. Orationes pro ipsis ad missam part 5		a021510e-7d2c-5de5-ba7d-556be5fcbcff			2026-04-27T09:21:04.935141+00:00	pontifical
44e53a3c-db7a-5ab9-b18a-e3b233073ace	4420	XVII. Orationes pro ipsis ad missam part 6		a021510e-7d2c-5de5-ba7d-556be5fcbcff			2026-04-27T09:21:04.935141+00:00	pontifical
4e7f6dca-71ec-5a53-84fd-bb8e89c45043	4421	XVII. Orationes pro ipsis ad missam part 7		a021510e-7d2c-5de5-ba7d-556be5fcbcff			2026-04-27T09:21:04.935141+00:00	pontifical
cb34d730-f28a-506e-9c33-463b0c21595e	4422	XVIII. Item missa in natali part 1		a021510e-7d2c-5de5-ba7d-556be5fcbcff			2026-04-27T09:21:04.935141+00:00	pontifical
0fe3a092-ca45-5e6d-8fd5-4d5310329474	4423	XVIII. Item missa in natali part 2		a021510e-7d2c-5de5-ba7d-556be5fcbcff			2026-04-27T09:21:04.935141+00:00	pontifical
4a0fdfc5-8afc-5fde-b772-bb97e0528b57	4424	XVIII. Item missa in natali part 3		a021510e-7d2c-5de5-ba7d-556be5fcbcff			2026-04-27T09:21:04.935141+00:00	pontifical
74256556-a332-53ac-a48e-6dec9c0c7ab9	4425	XVIII. Item missa in natali part 4		a021510e-7d2c-5de5-ba7d-556be5fcbcff			2026-04-27T09:21:04.935141+00:00	pontifical
8b9df610-6fe1-5fe6-a1ce-ad544ca643c3	4426	XVIII. Item missa in natali part 5		a021510e-7d2c-5de5-ba7d-556be5fcbcff			2026-04-27T09:21:04.935141+00:00	pontifical
c4214b4a-2e0a-5175-901e-83655315c78f	4427	XVIII. Item missa in natali part 6		a021510e-7d2c-5de5-ba7d-556be5fcbcff			2026-04-27T09:21:04.935141+00:00	pontifical
9e1de613-20fb-5af9-90b0-6649154c6d32	4428	XIX. Item in natali consecrationis part 1		a021510e-7d2c-5de5-ba7d-556be5fcbcff			2026-04-27T09:21:04.935141+00:00	pontifical
17a75766-e1fb-5a67-8f2c-a750bb95fa96	4429	XIX. Item in natali consecrationis part 2		a021510e-7d2c-5de5-ba7d-556be5fcbcff			2026-04-27T09:21:04.935141+00:00	pontifical
10580997-ddbb-5c78-b52f-9a02a9fc6fa0	4430	XIX. Item in natali consecrationis part 3		a021510e-7d2c-5de5-ba7d-556be5fcbcff			2026-04-27T09:21:04.935141+00:00	pontifical
4dd176c4-e529-5f95-8c18-4900d776903c	4431	XIX. Item in natali consecrationis part 4		a021510e-7d2c-5de5-ba7d-556be5fcbcff			2026-04-27T09:21:04.935141+00:00	pontifical
15ba3895-fb3c-519b-bf47-89eefd77fea2	4432	XXI. Item missa in natali virginum part 1		a021510e-7d2c-5de5-ba7d-556be5fcbcff			2026-04-27T09:21:04.935141+00:00	pontifical
877125a4-864f-5f05-b954-6bc2cd7e813e	4433	XXI. Item missa in natali virginum part 2		a021510e-7d2c-5de5-ba7d-556be5fcbcff			2026-04-27T09:21:04.935141+00:00	pontifical
d3a813b4-03c5-500b-bedb-80a4d10ca6d0	4434	XXI. Item missa in natali virginum part 3		a021510e-7d2c-5de5-ba7d-556be5fcbcff			2026-04-27T09:21:04.935141+00:00	pontifical
52ab928a-fd20-525a-859d-fe92cf7166e1	4435	XXI. Item missa in natali virginum part 4		a021510e-7d2c-5de5-ba7d-556be5fcbcff			2026-04-27T09:21:04.935141+00:00	pontifical
c75da5a6-855d-5505-9cb5-4c844ac8c366	4436	XXI. Item missa in natali virginum part 5		a021510e-7d2c-5de5-ba7d-556be5fcbcff			2026-04-27T09:21:04.935141+00:00	pontifical
1ee7b4aa-9400-53de-9431-f342615c279d	4437	XXI. Item missa in natali virginum part 6		a021510e-7d2c-5de5-ba7d-556be5fcbcff			2026-04-27T09:21:04.935141+00:00	pontifical
1c8009ce-a7e5-597a-81d2-93fafd88af73	4438	XXI. Item missa in natali virginum part 7		a021510e-7d2c-5de5-ba7d-556be5fcbcff			2026-04-27T09:21:04.935141+00:00	pontifical
83de528d-6387-5c28-a8bd-ef9dfc3432d3	4439	XXII. Ordinatio abbatissae canonicam part 1		a021510e-7d2c-5de5-ba7d-556be5fcbcff			2026-04-27T09:21:04.935141+00:00	pontifical
e61d0aff-a809-552e-8ea4-05a93c025e61	4440	XXII. Ordinatio abbatissae canonicam part 2		a021510e-7d2c-5de5-ba7d-556be5fcbcff			2026-04-27T09:21:04.935141+00:00	pontifical
85ce0ce2-15aa-5f55-bd3d-df5c8fd4e101	4441	XXII. Ordinatio abbatissae canonicam part 3		a021510e-7d2c-5de5-ba7d-556be5fcbcff			2026-04-27T09:21:04.935141+00:00	pontifical
f7af10cc-ecf4-5048-808f-de80c5cdebe7	4442	XXII. Ordinatio abbatissae canonicam part 4		a021510e-7d2c-5de5-ba7d-556be5fcbcff			2026-04-27T09:21:04.935141+00:00	pontifical
98b512a7-95ae-5afa-bcb8-bb7c95267877	4443	XXII. Ordinatio abbatissae canonicam part 5		a021510e-7d2c-5de5-ba7d-556be5fcbcff			2026-04-27T09:21:04.935141+00:00	pontifical
84c9693d-f1c6-5c36-8c0f-152c670982be	4444	XXII. Ordinatio abbatissae canonicam part 6		a021510e-7d2c-5de5-ba7d-556be5fcbcff			2026-04-27T09:21:04.935141+00:00	pontifical
ad0091e3-ae38-509e-82e0-0c7ed0a9fc71	4445	XXIII. Consecratio virginum quae a part 1		a021510e-7d2c-5de5-ba7d-556be5fcbcff			2026-04-27T09:21:04.935141+00:00	pontifical
2f6f4b5b-0855-5fd1-8fda-0ae2e5c64f8a	4446	XXIII. Consecratio virginum quae a part 2		a021510e-7d2c-5de5-ba7d-556be5fcbcff			2026-04-27T09:21:04.935141+00:00	pontifical
7a221e2b-bc2d-5e40-91da-9f7c8636bbf2	4447	XXIII. Consecratio virginum quae a part 3		a021510e-7d2c-5de5-ba7d-556be5fcbcff			2026-04-27T09:21:04.935141+00:00	pontifical
c3b94cf5-8cac-514b-b486-5b948bb9f787	4448	XXIII. Consecratio virginum quae a part 4		a021510e-7d2c-5de5-ba7d-556be5fcbcff			2026-04-27T09:21:04.935141+00:00	pontifical
794717ca-2cdc-5456-9efe-50767e17b8f9	4449	XXIII. Consecratio virginum quae a part 5		a021510e-7d2c-5de5-ba7d-556be5fcbcff			2026-04-27T09:21:04.935141+00:00	pontifical
826205c5-3ecb-5349-b1c5-f2ec63c3076f	4450	XXIII. Consecratio virginum quae a part 6		a021510e-7d2c-5de5-ba7d-556be5fcbcff			2026-04-27T09:21:04.935141+00:00	pontifical
f6023498-7fba-5316-b09e-7593324b0978	4451	XXXI. Orationes et preces pro part 1		a021510e-7d2c-5de5-ba7d-556be5fcbcff			2026-04-27T09:21:04.935141+00:00	pontifical
83cc32fd-3197-5e0c-9b52-c2c41a5303d7	4452	XXXI. Orationes et preces pro part 2		a021510e-7d2c-5de5-ba7d-556be5fcbcff			2026-04-27T09:21:04.935141+00:00	pontifical
cdf25fda-02f4-5458-a3cd-1ca716fd685c	4453	XXXI. Orationes et preces pro part 3		a021510e-7d2c-5de5-ba7d-556be5fcbcff			2026-04-27T09:21:04.935141+00:00	pontifical
85b6df17-4c36-5dce-be0c-0d91321f46e1	4454	XXXI. Orationes et preces pro part 4		a021510e-7d2c-5de5-ba7d-556be5fcbcff			2026-04-27T09:21:04.935141+00:00	pontifical
a29ba185-8084-57d5-a5d5-48a8a9cd897c	4455	XXXI. Orationes et preces pro part 5		a021510e-7d2c-5de5-ba7d-556be5fcbcff			2026-04-27T09:21:04.935141+00:00	pontifical
fedc237a-cf5c-5a42-a521-6c81d4f09a1f	4456	XXXI. Orationes et preces pro part 6		a021510e-7d2c-5de5-ba7d-556be5fcbcff			2026-04-27T09:21:04.935141+00:00	pontifical
f35ea50b-43c9-529e-8620-f81706146c49	4457	XXXI. Orationes et preces pro part 7		a021510e-7d2c-5de5-ba7d-556be5fcbcff			2026-04-27T09:21:04.935141+00:00	pontifical
8e08742c-5365-55b0-a1d5-50166dd4536e	4458	XXXII. Ordinatio abbatisse monasticam part 1		a021510e-7d2c-5de5-ba7d-556be5fcbcff			2026-04-27T09:21:04.935141+00:00	pontifical
a47aff2c-30c0-5367-ab65-c70e72b305d8	4459	XXXII. Ordinatio abbatisse monasticam part 2		a021510e-7d2c-5de5-ba7d-556be5fcbcff			2026-04-27T09:21:04.935141+00:00	pontifical
0e0beecd-3dcc-58df-a940-a4899aa03079	4460	XXXII. Ordinatio abbatisse monasticam part 3		a021510e-7d2c-5de5-ba7d-556be5fcbcff			2026-04-27T09:21:04.935141+00:00	pontifical
f5737afd-3bb9-5037-a90e-5bfd9995189f	4461	XXXII. Ordinatio abbatisse monasticam part 4		a021510e-7d2c-5de5-ba7d-556be5fcbcff			2026-04-27T09:21:04.935141+00:00	pontifical
aa4b4c3a-021c-5cfb-b355-befa2cdbe0a9	4462	XXXII. Ordinatio abbatisse monasticam part 5		a021510e-7d2c-5de5-ba7d-556be5fcbcff			2026-04-27T09:21:04.935141+00:00	pontifical
61073aae-cb3e-5a97-83ec-6cec2718db2a	4463	XXXII. Ordinatio abbatisse monasticam part 6		a021510e-7d2c-5de5-ba7d-556be5fcbcff			2026-04-27T09:21:04.935141+00:00	pontifical
18fc30f0-5b29-57f2-bb91-5b5aa79d0f47	4464	XXXIII. Ordo romanus ad dedicandam part 1		a021510e-7d2c-5de5-ba7d-556be5fcbcff			2026-04-27T09:21:04.935141+00:00	pontifical
506aec85-8b80-518a-b339-2bb49678ce77	4465	XXXIII. Ordo romanus ad dedicandam part 2		a021510e-7d2c-5de5-ba7d-556be5fcbcff			2026-04-27T09:21:04.935141+00:00	pontifical
47dabd49-a5b6-5d15-9881-3f19af08013d	4466	XXXIII. Ordo romanus ad dedicandam part 3		a021510e-7d2c-5de5-ba7d-556be5fcbcff			2026-04-27T09:21:04.935141+00:00	pontifical
225e68ca-b5de-5d33-88a5-a13a0fa39b64	4467	XXXIII. Ordo romanus ad dedicandam part 4		a021510e-7d2c-5de5-ba7d-556be5fcbcff			2026-04-27T09:21:04.935141+00:00	pontifical
c89dc331-413a-528f-a920-a42af3d01907	4468	XXXIV. Item benedictio basilicae part 1		a021510e-7d2c-5de5-ba7d-556be5fcbcff			2026-04-27T09:21:04.935141+00:00	pontifical
5285b3f3-4635-5a7c-b5a4-e9edb93883bf	4469	XXXIV. Item benedictio basilicae part 2		a021510e-7d2c-5de5-ba7d-556be5fcbcff			2026-04-27T09:21:04.935141+00:00	pontifical
e404ba75-d6db-5371-9b6f-e9fbf71e0e0b	4470	XXXIV. Item benedictio basilicae part 3		a021510e-7d2c-5de5-ba7d-556be5fcbcff			2026-04-27T09:21:04.935141+00:00	pontifical
2afc7ff7-2e72-5c45-9074-092014bab62d	4471	XXXV. Quid significent duodecim part 1		a021510e-7d2c-5de5-ba7d-556be5fcbcff			2026-04-27T09:21:04.935141+00:00	pontifical
e40eedd9-f2d5-51c7-b34e-b916fd23842f	4472	XXXV. Quid significent duodecim part 2		a021510e-7d2c-5de5-ba7d-556be5fcbcff			2026-04-27T09:21:04.935141+00:00	pontifical
b691d826-225e-5253-a222-10fd8d5cb9a9	4473	XXXV. Quid significent duodecim part 3		a021510e-7d2c-5de5-ba7d-556be5fcbcff			2026-04-27T09:21:04.935141+00:00	pontifical
be2c8598-2b99-5c8c-9097-7dff4941a91e	4474	XXXVIII. Denuntiatio cum reliquiae part 1		a021510e-7d2c-5de5-ba7d-556be5fcbcff			2026-04-27T09:21:04.935141+00:00	pontifical
5b70c399-eadb-552e-bead-3467c5c1192b	4475	XXXVIII. Denuntiatio cum reliquiae part 2		a021510e-7d2c-5de5-ba7d-556be5fcbcff			2026-04-27T09:21:04.935141+00:00	pontifical
5e6d9a67-36c3-5109-aaec-86790acf3845	4476	XXXVIII. Denuntiatio cum reliquiae part 3		a021510e-7d2c-5de5-ba7d-556be5fcbcff			2026-04-27T09:21:04.935141+00:00	pontifical
6e648201-79a2-5f38-aede-605be5e78da7	4477	XXXIX. [Preparatio episcopi ad part 1		a021510e-7d2c-5de5-ba7d-556be5fcbcff			2026-04-27T09:21:04.935141+00:00	pontifical
7f6e1e40-4a03-58f4-8151-021a412afefa	4478	XXXIX. [Preparatio episcopi ad part 2		a021510e-7d2c-5de5-ba7d-556be5fcbcff			2026-04-27T09:21:04.935141+00:00	pontifical
c6b34235-f946-549f-98dd-46fc0422b3a0	4479	XXXIX. [Preparatio episcopi ad part 3		a021510e-7d2c-5de5-ba7d-556be5fcbcff			2026-04-27T09:21:04.935141+00:00	pontifical
8fa97210-4ba0-536c-84f9-3e7c426d5add	4480	XLIV. Missa in dedicatione basilice part 1		a021510e-7d2c-5de5-ba7d-556be5fcbcff			2026-04-27T09:21:04.935141+00:00	pontifical
ced92546-4ddd-5cb0-8254-600a837b43b4	4481	XLIV. Missa in dedicatione basilice part 2		a021510e-7d2c-5de5-ba7d-556be5fcbcff			2026-04-27T09:21:04.935141+00:00	pontifical
0b870085-3bf6-5120-885b-b2b1355602d2	4482	XLIV. Missa in dedicatione basilice part 3		a021510e-7d2c-5de5-ba7d-556be5fcbcff			2026-04-27T09:21:04.935141+00:00	pontifical
1a040bb0-eb72-5b89-886f-6427d5dea1dd	4483	XLV. Missa pro dedicatione loci part 1		a021510e-7d2c-5de5-ba7d-556be5fcbcff			2026-04-27T09:21:04.935141+00:00	pontifical
46a49a78-7088-5be6-8db1-f0b4481d42f9	4484	XLV. Missa pro dedicatione loci part 2		a021510e-7d2c-5de5-ba7d-556be5fcbcff			2026-04-27T09:21:04.935141+00:00	pontifical
3cd41f4b-6ff8-5526-9c5b-8ff917647771	4485	XLV. Missa pro dedicatione loci part 3		a021510e-7d2c-5de5-ba7d-556be5fcbcff			2026-04-27T09:21:04.935141+00:00	pontifical
dcdb30e6-cbd6-553c-8bd7-fff69bd57004	4486	XLVI. Missa in agenda conditoris part 1		a021510e-7d2c-5de5-ba7d-556be5fcbcff			2026-04-27T09:21:04.935141+00:00	pontifical
3fb0f7dd-46f6-5873-80df-a00239452fef	4487	XLVI. Missa in agenda conditoris part 2		a021510e-7d2c-5de5-ba7d-556be5fcbcff			2026-04-27T09:21:04.935141+00:00	pontifical
ae9fe5c9-b57a-5375-ae86-b3b3d77e31ae	4488	XLVI. Missa in agenda conditoris part 3		a021510e-7d2c-5de5-ba7d-556be5fcbcff			2026-04-27T09:21:04.935141+00:00	pontifical
0f15c2ad-b7fb-5829-97b3-ef65d4659d32	4489	XLVI. Missa in agenda conditoris part 4		a021510e-7d2c-5de5-ba7d-556be5fcbcff			2026-04-27T09:21:04.935141+00:00	pontifical
647c465b-a90e-578e-aed9-ffd47d2c324d	4490	XLVI. Missa in agenda conditoris part 5		a021510e-7d2c-5de5-ba7d-556be5fcbcff			2026-04-27T09:21:04.935141+00:00	pontifical
b2d8a502-4192-5582-a2bb-c91b0d27e25c	4491	XLVI. Missa in agenda conditoris part 6		a021510e-7d2c-5de5-ba7d-556be5fcbcff			2026-04-27T09:21:04.935141+00:00	pontifical
b61b02f6-6ec6-5a80-889d-a512a18ba826	4492	XLIX. Missa in anniversario part 1		a021510e-7d2c-5de5-ba7d-556be5fcbcff			2026-04-27T09:21:04.935141+00:00	pontifical
b783115c-dd3e-5d54-a20a-f37efa38c65d	4493	XLIX. Missa in anniversario part 2		a021510e-7d2c-5de5-ba7d-556be5fcbcff			2026-04-27T09:21:04.935141+00:00	pontifical
2e73a290-94cb-51f9-b7e2-a23986222d00	4494	XLIX. Missa in anniversario part 3		a021510e-7d2c-5de5-ba7d-556be5fcbcff			2026-04-27T09:21:04.935141+00:00	pontifical
177baee0-464c-5b74-9a4d-29387fd82f05	4495	XLIX. Missa in anniversario part 4		a021510e-7d2c-5de5-ba7d-556be5fcbcff			2026-04-27T09:21:04.935141+00:00	pontifical
0dd0d288-efa5-520b-a71b-035580d2a8ed	4496	XLIX. Missa in anniversario part 5		a021510e-7d2c-5de5-ba7d-556be5fcbcff			2026-04-27T09:21:04.935141+00:00	pontifical
234d0960-e52b-57da-a509-7b8ecb5a64f5	4497	XLIX. Missa in anniversario part 6		a021510e-7d2c-5de5-ba7d-556be5fcbcff			2026-04-27T09:21:04.935141+00:00	pontifical
fe2f1bd2-276c-56b5-8523-69cae8ef96ea	4498	XLIX. Missa in anniversario part 7		a021510e-7d2c-5de5-ba7d-556be5fcbcff			2026-04-27T09:21:04.935141+00:00	pontifical
58ace773-2488-5284-aad4-4e05f0275244	4499	L. Reconciliatio violate part 1		a021510e-7d2c-5de5-ba7d-556be5fcbcff			2026-04-27T09:21:04.935141+00:00	pontifical
bc9f965b-bb6b-502e-9f5a-bfba96bdb42c	4500	L. Reconciliatio violate part 2		a021510e-7d2c-5de5-ba7d-556be5fcbcff			2026-04-27T09:21:04.935141+00:00	pontifical
830a86c3-7b64-5320-8fa7-0e1c10477419	4501	L. Reconciliatio violate part 3		a021510e-7d2c-5de5-ba7d-556be5fcbcff			2026-04-27T09:21:04.935141+00:00	pontifical
7550d0e9-f2ca-5e85-902a-0e04ede6debe	4502	L. Reconciliatio violate part 4		a021510e-7d2c-5de5-ba7d-556be5fcbcff			2026-04-27T09:21:04.935141+00:00	pontifical
e451295b-aa95-57b1-b99f-307b38313ba6	4503	L. Reconciliatio violate part 5		a021510e-7d2c-5de5-ba7d-556be5fcbcff			2026-04-27T09:21:04.935141+00:00	pontifical
2a9bdef3-b4da-5e1b-b6b2-e1ae2ad0926d	4504	L. Reconciliatio violate part 6		a021510e-7d2c-5de5-ba7d-556be5fcbcff			2026-04-27T09:21:04.935141+00:00	pontifical
98e4bc67-0256-50e6-97de-d6fd973f4c13	4505	LI. Ordo ad benedicendum part 1		a021510e-7d2c-5de5-ba7d-556be5fcbcff			2026-04-27T09:21:04.935141+00:00	pontifical
203f243e-f769-52ba-9ed9-445b99edf373	4506	LI. Ordo ad benedicendum part 2		a021510e-7d2c-5de5-ba7d-556be5fcbcff			2026-04-27T09:21:04.935141+00:00	pontifical
1867964e-38a2-5dda-b609-5c2ba6ccbb32	4507	LI. Ordo ad benedicendum part 3		a021510e-7d2c-5de5-ba7d-556be5fcbcff			2026-04-27T09:21:04.935141+00:00	pontifical
33e50899-b46c-5bc4-8c07-37fa0d55c88f	4508	LI. Ordo ad benedicendum part 4		a021510e-7d2c-5de5-ba7d-556be5fcbcff			2026-04-27T09:21:04.935141+00:00	pontifical
bf2ebf0c-41b6-5060-a056-ff75f3bcbdb1	4509	LV. Consecratio loculi vel part 1		a021510e-7d2c-5de5-ba7d-556be5fcbcff			2026-04-27T09:21:04.935141+00:00	pontifical
820f62f2-a5a5-5cf4-ac64-2650671830ac	4510	LV. Consecratio loculi vel part 2		a021510e-7d2c-5de5-ba7d-556be5fcbcff			2026-04-27T09:21:04.935141+00:00	pontifical
c304f044-baf0-5506-87d7-69d15b5727f3	4511	LV. Consecratio loculi vel part 3		a021510e-7d2c-5de5-ba7d-556be5fcbcff			2026-04-27T09:21:04.935141+00:00	pontifical
446b2fa2-658e-5668-a61e-f18d49e7c0a8	4512	LXXI. Ordo qualiter ordinetur part 1		a021510e-7d2c-5de5-ba7d-556be5fcbcff			2026-04-27T09:21:04.935141+00:00	pontifical
3781af19-e04c-5366-8a22-283567f8af8b	4513	LXXI. Ordo qualiter ordinetur part 2		a021510e-7d2c-5de5-ba7d-556be5fcbcff			2026-04-27T09:21:04.935141+00:00	pontifical
7496b19b-12dd-55d2-9f20-d55ea0455c9e	4514	LXXI. Ordo qualiter ordinetur part 3		a021510e-7d2c-5de5-ba7d-556be5fcbcff			2026-04-27T09:21:04.935141+00:00	pontifical
e40e541c-02e6-5e39-9789-dc78fe70f45a	4515	LXXI. Ordo qualiter ordinetur part 4		a021510e-7d2c-5de5-ba7d-556be5fcbcff			2026-04-27T09:21:04.935141+00:00	pontifical
2e08c3d8-4389-551f-993e-567eda329e82	4516	LXXI. Ordo qualiter ordinetur part 5		a021510e-7d2c-5de5-ba7d-556be5fcbcff			2026-04-27T09:21:04.935141+00:00	pontifical
69e58bb2-e33b-54df-98a5-0c7735b531d1	4517	LXXI. Ordo qualiter ordinetur part 6		a021510e-7d2c-5de5-ba7d-556be5fcbcff			2026-04-27T09:21:04.935141+00:00	pontifical
9e3c0865-d412-5ff9-9d6b-8ed794f976dd	4518	LXXI. Ordo qualiter ordinetur part 7		a021510e-7d2c-5de5-ba7d-556be5fcbcff			2026-04-27T09:21:04.935141+00:00	pontifical
3e49fab1-6d51-50b2-9bef-675673fcb6a8	4519	LXXII. Incipit ordo ad regem part 1		a021510e-7d2c-5de5-ba7d-556be5fcbcff			2026-04-27T09:21:04.935141+00:00	pontifical
a4abf1d2-a5d4-50ff-b65a-dacccdddd38e	4520	LXXII. Incipit ordo ad regem part 2		a021510e-7d2c-5de5-ba7d-556be5fcbcff			2026-04-27T09:21:04.935141+00:00	pontifical
c0558f46-2a30-5f23-a1d2-c27d38389157	4521	LXXII. Incipit ordo ad regem part 3		a021510e-7d2c-5de5-ba7d-556be5fcbcff			2026-04-27T09:21:04.935141+00:00	pontifical
e74ea5e1-2dde-5563-b0f9-34ba1374f62f	4522	LXXII. Incipit ordo ad regem part 4		a021510e-7d2c-5de5-ba7d-556be5fcbcff			2026-04-27T09:21:04.935141+00:00	pontifical
6c36aad8-274d-5fb2-9dbd-5573288e51f0	4523	LXXII. Incipit ordo ad regem part 5		a021510e-7d2c-5de5-ba7d-556be5fcbcff			2026-04-27T09:21:04.935141+00:00	pontifical
b39c4270-3e3b-5650-bac5-21d0fbdf0a5e	4524	LXXII. Incipit ordo ad regem part 6		a021510e-7d2c-5de5-ba7d-556be5fcbcff			2026-04-27T09:21:04.935141+00:00	pontifical
d912a3f4-0852-57c8-a3c1-e37ab24d5a9f	4525	LXXIII. Sequitur ordo missarum, si in part 1		a021510e-7d2c-5de5-ba7d-556be5fcbcff			2026-04-27T09:21:04.935141+00:00	pontifical
75fb4b55-62da-5d90-a9a4-14c3ee1b5fdb	4526	LXXIII. Sequitur ordo missarum, si in part 2		a021510e-7d2c-5de5-ba7d-556be5fcbcff			2026-04-27T09:21:04.935141+00:00	pontifical
60b82aa0-fd49-5661-943d-995cb82a3b12	4527	LXXIII. Sequitur ordo missarum, si in part 3		a021510e-7d2c-5de5-ba7d-556be5fcbcff			2026-04-27T09:21:04.935141+00:00	pontifical
04f7d591-fbd1-574b-8a2d-29cf32006081	4528	LXXIII. Sequitur ordo missarum, si in part 4		a021510e-7d2c-5de5-ba7d-556be5fcbcff			2026-04-27T09:21:04.935141+00:00	pontifical
7ef66a83-3ff9-5700-b61e-8aa633e8e30c	4529	LXXXII. Incipit sermo de eadem re part 1		a021510e-7d2c-5de5-ba7d-556be5fcbcff			2026-04-27T09:21:04.935141+00:00	pontifical
7f11fc5e-5feb-5ba8-8226-e29dfd61ec3c	4530	LXXXII. Incipit sermo de eadem re part 2		a021510e-7d2c-5de5-ba7d-556be5fcbcff			2026-04-27T09:21:04.935141+00:00	pontifical
255f8838-c5b1-5bed-b722-b4a106eac96c	4531	LXXXII. Incipit sermo de eadem re part 3		a021510e-7d2c-5de5-ba7d-556be5fcbcff			2026-04-27T09:21:04.935141+00:00	pontifical
e94bc4f9-d5f9-5112-85eb-4fb851c532eb	4532	LXXXII. Incipit sermo de eadem re part 4		a021510e-7d2c-5de5-ba7d-556be5fcbcff			2026-04-27T09:21:04.935141+00:00	pontifical
891c71b6-7ce7-547c-8d06-7925143fd281	4533	LXXXIV. Sermo tertius part 1		a021510e-7d2c-5de5-ba7d-556be5fcbcff			2026-04-27T09:21:04.935141+00:00	pontifical
f0d857b9-7459-556f-bc74-1da5b70a6c1b	4534	LXXXIV. Sermo tertius part 2		a021510e-7d2c-5de5-ba7d-556be5fcbcff			2026-04-27T09:21:04.935141+00:00	pontifical
66aecfd3-9b84-5f1a-8d01-d026fcd45af3	4535	LXXXIV. Sermo tertius part 3		a021510e-7d2c-5de5-ba7d-556be5fcbcff			2026-04-27T09:21:04.935141+00:00	pontifical
7247bb35-a235-5a33-8e1e-b85329cc85dc	4536	LXXXIV. Sermo tertius part 4		a021510e-7d2c-5de5-ba7d-556be5fcbcff			2026-04-27T09:21:04.935141+00:00	pontifical
99d1482c-9082-5dcf-ab31-fa2fbe83e038	4537	LXXXVII. Item alia excommunicatio part 1		a021510e-7d2c-5de5-ba7d-556be5fcbcff			2026-04-27T09:21:04.935141+00:00	pontifical
ace74ec8-68a4-55dd-bf0b-ef7fef784e33	4538	LXXXVII. Item alia excommunicatio part 2		a021510e-7d2c-5de5-ba7d-556be5fcbcff			2026-04-27T09:21:04.935141+00:00	pontifical
89d786cf-812d-5bd8-95c9-924f7cfd6e84	4539	LXXXIX. Excommunicatio brevis part 1		a021510e-7d2c-5de5-ba7d-556be5fcbcff			2026-04-27T09:21:04.935141+00:00	pontifical
484fd28a-9d6e-5974-afc6-dba560cc5c83	4540	LXXXIX. Excommunicatio brevis part 2		a021510e-7d2c-5de5-ba7d-556be5fcbcff			2026-04-27T09:21:04.935141+00:00	pontifical
7983511d-ed47-5306-84a7-7e0fecf21b4f	4541	XC. Excommunicatio Leonis papae part 1		a021510e-7d2c-5de5-ba7d-556be5fcbcff			2026-04-27T09:21:04.935141+00:00	pontifical
f8fad884-5981-5e99-8bc4-07b4b305f466	4542	XC. Excommunicatio Leonis papae part 2		a021510e-7d2c-5de5-ba7d-556be5fcbcff			2026-04-27T09:21:04.935141+00:00	pontifical
5990f1c2-4a52-57a1-ad36-3c69e7290138	4543	XCII. Ordo processionis ad ecclesiam part 1		a021510e-7d2c-5de5-ba7d-556be5fcbcff			2026-04-27T09:21:04.935141+00:00	pontifical
c4388599-68c0-5999-94a2-4829ed27de8c	4544	XCII. Ordo processionis ad ecclesiam part 2		a021510e-7d2c-5de5-ba7d-556be5fcbcff			2026-04-27T09:21:04.935141+00:00	pontifical
b3b83c2b-96f3-560e-bffb-f68228c220e5	4545	XCIX. In Christi nomine incipit ordo part 1		a021510e-7d2c-5de5-ba7d-556be5fcbcff			2026-04-27T09:21:04.935141+00:00	pontifical
a2d5dc80-7aef-50f8-9fd9-444a434877dd	4546	XCIX. In Christi nomine incipit ordo part 2		a021510e-7d2c-5de5-ba7d-556be5fcbcff			2026-04-27T09:21:04.935141+00:00	pontifical
f9f6d755-6b74-56cf-8f41-63292a64aabe	4547	CIII. [OR XII: Ordo antiphonarum, part 1		a021510e-7d2c-5de5-ba7d-556be5fcbcff			2026-04-27T09:21:04.935141+00:00	pontifical
d0a9219d-0d8f-5717-96bc-7899c4efee91	4548	CIII. [OR XII: Ordo antiphonarum, part 2		a021510e-7d2c-5de5-ba7d-556be5fcbcff			2026-04-27T09:21:04.935141+00:00	pontifical
5a4dc42c-295a-5d97-91a9-5655c4a7219b	4549	CIII. [OR XII: Ordo antiphonarum, part 3		a021510e-7d2c-5de5-ba7d-556be5fcbcff			2026-04-27T09:21:04.935141+00:00	pontifical
a0e37aab-cadb-568a-a761-74afaed47a5b	4550	CIII. [OR XII: Ordo antiphonarum, part 4		a021510e-7d2c-5de5-ba7d-556be5fcbcff			2026-04-27T09:21:04.935141+00:00	pontifical
0e693835-3a1f-5486-b377-925cc5cbff7e	4551	CX. Ordo ad catecuminum ex pagano part 1		a021510e-7d2c-5de5-ba7d-556be5fcbcff			2026-04-27T09:21:04.935141+00:00	pontifical
ccac7de5-7569-5fa3-a973-cebd72c8167c	4552	CX. Ordo ad catecuminum ex pagano part 2		a021510e-7d2c-5de5-ba7d-556be5fcbcff			2026-04-27T09:21:04.935141+00:00	pontifical
4a3b3e4a-5a08-54b6-b156-ad0852f0fc18	4553	CXIII. Incipit simbolum apostolorum part 1		a021510e-7d2c-5de5-ba7d-556be5fcbcff			2026-04-27T09:21:04.935141+00:00	pontifical
eebe0ef4-43bb-50ad-92de-19755b5e1b01	4554	CXIII. Incipit simbolum apostolorum part 2		a021510e-7d2c-5de5-ba7d-556be5fcbcff			2026-04-27T09:21:04.935141+00:00	pontifical
7fc14039-91b0-550d-bb1c-38eaba4757c4	4555	CXIV. Impositio manuum super part 1		a021510e-7d2c-5de5-ba7d-556be5fcbcff			2026-04-27T09:21:04.935141+00:00	pontifical
bd98ed89-6788-5352-941e-9cb4ac15da0b	4556	CXIV. Impositio manuum super part 2		a021510e-7d2c-5de5-ba7d-556be5fcbcff			2026-04-27T09:21:04.935141+00:00	pontifical
16788008-7d5c-5bfc-bcab-f15681b1cdb6	4557	CXVII. Item exorcismus unde supra part 1		a021510e-7d2c-5de5-ba7d-556be5fcbcff			2026-04-27T09:21:04.935141+00:00	pontifical
bf1c29ff-2fe8-5d04-b651-d515d2e94b10	4558	CXVII. Item exorcismus unde supra part 2		a021510e-7d2c-5de5-ba7d-556be5fcbcff			2026-04-27T09:21:04.935141+00:00	pontifical
4c4211a3-ccb2-5e31-aa86-b1f891a24ea4	4559	CLIX. Item alia missa part 1		a021510e-7d2c-5de5-ba7d-556be5fcbcff			2026-04-27T09:21:04.935141+00:00	pontifical
3a9ae9ae-201f-5b8c-93a9-308b2745a1a9	4560	CLIX. Item alia missa part 2		a021510e-7d2c-5de5-ba7d-556be5fcbcff			2026-04-27T09:21:04.935141+00:00	pontifical
4cd6e8b7-a7c7-5aa9-838f-5ce4c4aaaeab	4561	CLXXXIII. Incipit maior benedictio salis part 1		a021510e-7d2c-5de5-ba7d-556be5fcbcff			2026-04-27T09:21:04.935141+00:00	pontifical
fbc26ce8-f5ce-5ab9-9151-646368a0ff63	4562	CLXXXIII. Incipit maior benedictio salis part 2		a021510e-7d2c-5de5-ba7d-556be5fcbcff			2026-04-27T09:21:04.935141+00:00	pontifical
f44067c7-6539-52aa-ad69-8a0e6bee75dd	4563	XV. Ordo qualiter in romana part 7		a021510e-7d2c-5de5-ba7d-556be5fcbcff			2026-04-27T09:21:04.935141+00:00	pontifical
16ad010c-c204-524c-9dbb-8a4b1c498f05	4564	XVI. Ordo qualiter in romana part 5		a021510e-7d2c-5de5-ba7d-556be5fcbcff			2026-04-27T09:21:04.935141+00:00	pontifical
